smiles,papp,log10_papp,split
Br.CN(C)S(=O)(=O)c1ccc(Sc2ccc(F)cc2CSC(=N)N)c(CSC(=N)N)c1,0.1,-1.0,train
Br.COc1ccc(Sc2ccc(F)cc2CSC(=N)N)c(CSC(=N)N)c1,2.4,0.38021124171160603,train
Br.CS(=O)(=O)c1ccc(Sc2ccc(F)cc2CSC(=N)N)c(CSC(=N)N)c1,0.1,-1.0,train
Br.Cc1ccc(Sc2ccccc2CSC(=N)N)c(CSC(=N)N)c1,1.5,0.17609125905568124,train
Br.N=C(N)SCc1c(Br)ccc2c1oc1c(CSC(=N)N)c(Br)ccc12,0.2,-0.6989700043360187,train
Br.N=C(N)SCc1c(Br)ccc2c1sc1c(CSC(=N)N)c(Br)ccc12,4.0,0.6020599913279624,train
Br.N=C(N)SCc1c(Cl)ccc2c1oc1c(CSC(=N)N)c(Cl)ccc12,0.1,-1.0,train
Br.N=C(N)SCc1c(F)ccc2c1oc1c(CSC(=N)N)c(F)ccc12,5.0,0.6989700043360189,train
Br.N=C(N)SCc1cc(F)cc2c1sc1c(CSC(=N)N)cc(Cl)cc12,0.5,-0.3010299956639812,train
Br.N=C(N)SCc1cc(F)ccc1Oc1cc(Cl)ccc1CSC(=N)N,0.2,-0.6989700043360187,train
Br.N=C(N)SCc1cc(F)ccc1Oc1cc(F)ccc1CSC(=N)N,0.1,-1.0,train
Br.N=C(N)SCc1cc(F)ccc1Oc1ccc(F)cc1CSC(=N)N,0.1,-1.0,train
Br.N=C(N)SCc1cc(F)ccc1Sc1cc(F)c(F)cc1CSC(=N)N,0.1,-1.0,train
Br.N=C(N)SCc1cc(F)ccc1Sc1ccc(C(F)(F)F)cc1CSC(=N)N,0.1,-1.0,train
Br.N=C(N)SCc1cc(F)ccc1Sc1ccc(F)cc1CSC(=N)N,0.4,-0.3979400086720376,train
Br.N=C(N)SCc1cc(F)ccc1Sc1ccc([N+](=O)[O-])cc1CSC(=N)N,0.1,-1.0,train
Br.N=C(N)SCc1cccc2c1-c1c(CSC(=N)N)cccc1-2,0.1,-1.0,train
Br.N=C(N)SCc1cccc2c1C(=O)c1c(CSC(=N)N)cccc1-2,0.4,-0.3979400086720376,test
Br.N=C(N)SCc1cccc2c1oc1c(CSC(=N)N)cccc12,0.1,-1.0,train
Br.N=C(N)SCc1cccc2c1sc1c(CSC(=N)N)c(Br)ccc12,1.3,0.11394335230683679,train
Br.N=C(N)SCc1cccc2c1sc1c(CSC(=N)N)cccc12,0.1,-1.0,train
Br.N=C(N)SCc1ccccc1C(=O)c1cc([N+](=O)[O-])ccc1CSC(=N)N,0.1,-1.0,train
Br.N=C(N)SCc1ccccc1Oc1ccccc1CSC(=N)N,0.1,-1.0,train
Br.N=C(N)SCc1ccccc1Sc1cc(F)c(F)cc1CSC(=N)N,1.3,0.11394335230683679,train
Br.N=C(N)SCc1ccccc1Sc1cc(F)ccc1CSC(=N)N,0.3,-0.5228787452803376,train
Br.N=C(N)SCc1ccccc1Sc1ccc(F)cc1CSC(=N)N,0.3,-0.5228787452803376,train
Br.N=C(N)SCc1ccccc1Sc1ccccc1CSC(=N)N,0.1,-1.0,train
C#CC(C)(C)N1CCC(CC(=O)NO)(NC(=O)c2ccc(OCc3cc(C)nc4ccccc34)cc2)CC1,3.2,0.505149978319906,train
C#Cc1ccc(NC(=O)c2cnn3c(C)cc(C)nc23)cc1,4.0,0.6020599913279624,test
C#Cc1ccc2c(c1)C(=O)N([C@H](C)c1ccc(Cl)cc1)[C@@H](c1ccc(Cl)cc1)C(=O)N2CCCCC(=O)O,20.9,1.320146286111054,train
C#Cc1cnc2nc(O)n(C(CC)CC)c2n1,50.0,1.6989700043360187,train
C/C(=N\NC(=N)N)c1ccc(NC(=O)Nc2ccc(OC3CCCCCC3)cc2)cc1,0.039,-1.408935392973501,test
C/C(=N\NC(=N)N)c1cnn(-c2ccc(C#CC3CCCC3)cc2)c1C,0.01,-2.0,test
C/C(=N\NC(=N)N)c1sc(-c2ccc(-c3ccccc3)cc2)nc1C,1.2,0.07918124604762482,train
C/C(=N\NC(=N)N)c1sc(-c2ccc(C#CC3CC3)cc2)nc1C,0.05,-1.3010299956639813,test
C/C(=N\NC1=NCCN1)c1cnn(-c2ccc(C#CC3CCCC3)cc2)c1C,0.1,-1.0,test
C/C(=N\NC1=NCCN1)c1sc(-c2ccc(C#CC3CC3)cc2)nc1C,0.13,-0.8860566476931632,test
C/C=C/C[C@@H](C)[C@@H](O)[C@H]1C(=O)N[C@@H](CC)C(=O)N(C)CC(=O)N(C)[C@@H](CC(C)C)C(=O)N[C@@H](C(C)C)C(=O)N(C)[C@@H](CC(C)C)C(=O)N[C@@H](C)C(=O)N[C@H](C)C(=O)N(C)[C@@H](CC(C)C)C(=O)N(C)[C@@H](CC(C)C)C(=O)N(C)[C@@H](C(C)C)C(=O)N1C,1.75,0.24303804868629444,test
C1=C(c2cccnc2)CCc2ccccc21,14.6,1.1643528557844371,train
C1=C(c2cccnc2)Cc2ccccc21,6.6,0.8195439355418687,train
C1=C/COCc2cc(ccc2OCCN2CCCC2)Nc2nccc(n2)-c2ccc(o2)COC/1,24.8,1.3944516808262162,test
C1=CCOCc2cc(ccc2OCCN2CCCC2)Nc2nccc(n2)-c2cccc(c2)COC1,16.0,1.2041199826559248,test
C=C/C(C)=C\C[C@]1(C)[C@H](C)C[C@H](O)[C@@]23C(=C[C@H](OC(=O)CCC)C[C@@H]12)[C@@H](OC(=O)CCC)O[C@H]3OC(C)=O,66.9,1.825426117767823,test
C=C1CC/C=C(/C(=O)O)C[C@H](O)[C@@H]2[C@@H]1CC2(C)C,4.375,0.640978057358332,test
C=C1c2ccccc2C(=O)N(C)c2ccc(O)cc21,20.0,1.3010299956639813,test
C=CC(=O)N1CC2(CC(Nc3ncnc(N)c3-c3ccc(Oc4ccccc4)cc3)C2)C1,9.3,0.9684829485539351,train
C=CC(=O)N1CCC(CNc2ncnc(N)c2-c2ccc(Oc3ccccc3)cc2)CC1,22.0,1.3424226808222062,train
C=CC(=O)N1CCC(O)(CNc2ncnc(N)c2-c2ccc(Oc3ccccc3)cc2)CC1,9.0,0.9542425094393249,train
C=CC(=O)N1CCC[C@@H](n2nc(-c3ccc(Oc4ccccc4)cc3)c3c(N)ncnc32)C1,40.0,1.6020599913279623,train
C=CC(=O)N1CCC[C@@H](n2nc(-c3cn(-c4ccc(C(C)=O)cc4)nn3)c3c(N)ncnc32)C1,20.0,1.3010299956639813,train
C=CC(=O)N1CCN2c3c(cnc4c(F)c(-c5c(O)cccc5F)c(Cl)cc34)N(C)C(=O)[C@H]2C1,27.2,1.4345689040341987,train
C=CC(=O)N1CCN2c3c(cnc4cc(-c5c(O)cccc5F)c(Cl)cc34)N(C)C(=O)[C@H]2C1,55.8,1.7466341989375787,train
C=CC(=O)N1CCN2c3c(cnc4cc(-c5c(O)cccc5F)c(Cl)cc34)N(C)C[C@H]2C1,26.8,1.4281347940287887,train
C=CC(=O)N1CCN2c3c(cnc4cc(-c5c(O)cccc5F)c(Cl)cc34)NC(=O)[C@H]2C1,8.7,0.9395192526186185,train
C=CC(=O)N1CCN2c3c(cnc4cc(-c5c(O)cccc5F)c(Cl)cc34)NC[C@H]2C1,13.9,1.1430148002540952,train
C=CC(=O)N1CCN2c3c(cnc4cc(-c5c(O)cccc5F)c(Cl)cc34)OC[C@H]2C1,35.9,1.5550944485783191,train
C=CC(=O)N1CC[C@H](Nc2ncnc(N)c2-c2ccc(Oc3ccccc3)cc2)C1,25.2,1.4014005407815442,train
C=CC(=O)N1C[C@@H]2C(=O)N(C)c3cnc4c(F)c(-c5c(O)cccc5F)c(Cl)cc4c3N2C[C@H]1C,48.5,1.6857417386022637,train
C=CC(=O)N1C[C@@H]2COc3cnc4cc(-c5c(O)cccc5F)c(Cl)cc4c3N2C[C@H]1C,41.9,1.6222140229662954,train
C=CC(=O)NC12CCC(Nc3ncnc(N)c3-c3ccc(Oc4ccccc4)cc3)(C1)C2,21.7,1.3364597338485296,train
C=CC(=O)N[C@@H]1CCC[C@H](Nc2ncnc(N)c2-c2ccc(Oc3ccccc3)cc2)C1,11.9,1.0755469613925308,train
C=CC(=O)N[C@@H]1CC[C@H](Nc2ncnc(N)c2-c2ccc(Oc3ccccc3)cc2)C1,23.6,1.3729120029701065,train
C=CC(=O)N[C@H]1CC[C@@H](Nc2ncnc(N)c2-c2ccc(Oc3ccccc3)cc2)CC1,10.0,1.0,train
C=CC(=O)Nc1cccc(Nc2ncnc(N)c2-c2ccc(Oc3ccccc3)cc2)c1,4.2,0.6232492903979004,train
C=CC(=O)Nc1cccc(Oc2ncnc(N)c2-c2ccc(Oc3ccccc3)cc2)c1,1.6,0.2041199826559248,train
C=CC1C[C@]1(NC(=O)[C@@H]1C[C@@H](Oc2cc(-c3csc(NC(C)C)n3)nc3cc(OC)ccc23)CN1C(=O)[C@@H](NC(=O)OC1CCCC1)C(C)(C)C)P(=O)(O)O,0.2,-0.6989700043360187,test
C=CCCCCC[C@H](NC(=O)OC(C)(C)C)C(=O)N[C@H](C(=O)Nc1ccccc1C(=O)NS(=O)(=O)CCCC=C)c1ccc(Oc2cc(OC)nc(-c3ccccc3)n2)cc1,0.22,-0.6575773191777937,train
C=CCCCS(=O)(=O)NC(=O)c1ccccc1NC(=O)[C@@H](NC(=O)OC(C)(C)C)c1ccc(Oc2cc(OC)nc(-c3ccccc3)n2)c(C=C)c1,1.0,0.0,train
C=CCCCS(=O)(=O)NC(=O)c1ccccc1NC(=O)[C@@H](NC(=O)OC(C)(C)C)c1ccc(Oc2cc(OC)nc(-c3ccccc3)n2)cc1,4.0,0.6020599913279624,train
C=CCCCS(=O)(=O)NC(=O)c1ccccc1NC(=O)[C@@H](NC(=O)[C@@H](NC(=O)OC(C)(C)C)C(C)(C)C)c1ccc(Oc2cc(OC)nc(-c3ccccc3)n2)c(C=C)c1,1.7,0.2304489213782739,train
C=CCCCS(=O)(=O)NC(=O)c1ccccc1NC(=O)[C@@H](NC(=O)[C@@H](NC(=O)OC(C)(C)C)C(C)(C)C)c1ccc(Oc2cc(OC)nc(-c3ccccc3)n2)cc1,0.22,-0.6575773191777937,train
C=CCCC[C@](C)(NC(=O)[C@H](CCC(N)=O)NC(=O)[C@H](CCCCN)NC(=O)[C@H](CCCNC(=N)N)NC(=O)[C@](C)(CCCC=C)NC(=O)[C@H](CCCNC(=N)N)NC(=O)[C@@H](NC(=O)[C@H](Cc1ccc(O)cc1)NC(=O)[C@H](CC(N)=O)NC(=O)[C@H](CC(=O)O)NC(=O)[C@@H](NC(=O)[C@H](Cc1ccccc1)NC(=O)[C@@H](NC(=O)[C@H](C)NC(=O)[C@H](CC(=O)O)NC(=O)[C@H](CO)NC(=O)[C@@H](N)Cc1cnc[nH]1)C(C)C)[C@@H](C)O)[C@@H](C)O)C(=O)N[C@@H](C)C(=O)N[C@H](C(=O)N[C@@H](CCCCN)C(=O)N[C@@H](CCCCN)C(=O)N[C@@H](Cc1ccc(O)cc1)C(=O)N[C@@H](CC(C)C)C(=O)N[C@@H](CC(N)=O)C(=O)N[C@@H](CO)C(=O)N[C@H](C(=O)N[C@@H](CC(C)C)C(=O)N[C@@H](CC(N)=O)C(=O)NCC(=O)N[C@@H](CCCCN)C(=O)O)[C@@H](C)CC)C(C)C,0.1,-1.0,train
C=CCN(C(=O)Cc1ccc(S(=O)(=O)NC)cc1)C1CCN(C[C@H]2CN(C(=O)C3CCCC3)C[C@]2(O)c2ccccc2)CC1,4.73,0.6748611407378116,train
C=CCN1CC[C@]23c4c5ccc(O)c4O[C@H]2C(=O)CC[C@@]3(O)[C@H]1C5,21.5,1.3324384599156054,test
C=CCNC(=O)c1cccnc1NC(C)(C)CCCCC,14.7,1.167317334748176,train
C=CCNC(=O)c1cccnc1NCC=C,46.8,1.670245853074124,train
C=CCOC(=O)c1cccnc1NC12CC3CC(CC(C3)C1)C2,1.2,0.07918124604762482,train
C=CCOc1ccc(N2CC[C@@]3(O)C(=O)c4cc(C)ccc4N=C23)cc1,29.7,1.4727564493172123,train
C=CC[C@@H]1/C=C(\C)C[C@H](C)C[C@H](OC)[C@H]2O[C@@](O)(C(=O)C(=O)N3CCCC[C@H]3C(=O)O[C@H](/C(C)=C/[C@@H]3CC[C@@H](O)[C@H](OC)C3)[C@H](C)[C@@H](O)CC1=O)[C@H](C)C[C@@H]2OC,1.0,0.0,test
C=CCn1c(=O)c2cccnc2n(C2CCCCC2)c1=O,32.0,1.505149978319906,train
C=CCn1c(=O)c2cccnc2n(CC=C)c1=O,90.7,1.9576072870600953,train
C=CCn1c2c(c3cc(C(=O)N4CCC(C)CC4)ccc31)CN(CC1CC1)CC2,3.0,0.47712125471966244,test
C=C[C@H]1CN2CC[C@H]1C[C@@H]2[C@@H](O)c1ccnc2ccc(OC)cc12,28.65,1.4571246263034088,train
C=Cc1cc(C(NC(=O)NC(C)(C)C)C(=O)Nc2cccc(C(=O)NS(=O)(=O)c3ccc(C(F)(F)F)cc3)c2)ccc1Oc1cc(OC)nc(-c2ccccc2)n1,0.36,-0.44369749923271273,train
C=Cc1cc(C(NC(=O)OC(C)(C)C)C(=O)Nc2ccc(C(=O)NS(=O)(=O)c3ccc(C(F)(F)F)cc3)cc2)ccc1Oc1cc(OC)nc(-c2ccccc2)n1,5.7,0.7558748556724915,test
C=Cc1cc(C(NC(=O)OC(C)(C)C)C(=O)Nc2cccc(C(=O)NS(=O)(=O)c3ccc(C(F)(F)F)cc3)c2)ccc1Oc1cc(OC)nc(-c2ccccc2)n1,1.0,0.0,train
C=Cc1cc(C(NC(=O)OC(C)(C)C)C(=O)Nc2ccccc2C(=O)NS(=O)(=O)c2ccc(C(F)(F)F)cc2)ccc1Oc1cc(OC)nc(-c2ccccc2)n1,4.0,0.6020599913279624,test
C=Cc1cc([C@H](NC(=O)[C@@H](NC(=O)OC(C)(C)C)C(C)(C)C)C(=O)Nc2cccc(C(=O)NS(=O)(=O)c3ccc(C(F)(F)F)cc3)c2)ccc1Oc1cc(OC)nc(-c2ccccc2)n1,9.7,0.9867717342662449,train
CC#CC(CC(=O)O)c1ccc(OCc2ccc(C(=O)N3CCC4(C=Cc5ccccc54)CC3)cc2)cc1,10.9,1.0374264979406236,test
CC#CC(CC(=O)O)c1ccc(OCc2ccc(C(=O)N3CCC4(C=Cc5ccccc54)CC3)s2)cc1,19.3,1.2855573090077739,test
CC#C[C@@H](CC(=O)O)c1ccc(OCc2ccc(C(=O)N3CCN(c4ccc(F)cc4)CC3)s2)cc1,20.6,1.3138672203691535,test
CC#C[C@@H](CC(=O)O)c1ccc(OCc2ccc(C(=O)N[C@@H]3CCCc4ccccc43)cc2)cc1,18.8,1.2741578492636798,train
CC#C[C@@H](CC(=O)O)c1ccc(OCc2ccc(C(=O)N[C@H]3CCCc4ccccc43)cc2)cc1,15.2,1.1818435879447726,train
CC#C[C@@H](CC(=O)O)c1ccc(OCc2ccc(CN3CCC4(C=Cc5ccccc54)CC3)cc2)cc1,15.0,1.1760912590556813,test
CC#Cc1ccc2c(c1)C(=O)N([C@H](C)c1ccc(Cl)cc1)[C@@H](c1ccc(Cl)cc1)C(=O)N2CCCCC(=O)O,19.9,1.2988530764097066,train
CC#Cc1ccnc(-c2cc(C3(C4CC4)N=C(C)C(N)=N3)ccc2O)c1,19.0,1.2787536009528289,test
CC#Cc1cncc(-c2cc(C3(C4CC4)N=C(C)C(N)=N3)ccc2O)c1,2.0,0.3010299956639812,train
CC#Cc1cncc(-c2cccc(C3(C4CC4)N=C(C)C(N)=N3)c2)c1,27.0,1.4313637641589874,train
CC#Cc1cncc(-c2cccc(C3(c4cc(C)c(OC)c(C)c4)N=C(C)C(N)=N3)c2)c1,12.0,1.0791812460476249,train
CC#Cc1cncc(-c2cccc(C3(c4ccnc(C(F)F)c4)N=C(N)c4c(F)cccc43)c2)c1,4.7,0.6720978579357175,train
CC#Cc1cncc(-c2cccc([C@@]3(c4cc(C)c(=O)n(CC)c4)N=C(N)c4c(F)cc(F)cc43)c2)c1,8.9,0.9493900066449128,train
CC#Cc1cncc(-c2cccc([C@@]3(c4cc(C)c(=O)n(CC)c4)N=C(N)c4c(F)cccc43)c2)c1,11.0,1.0413926851582251,train
CC(=O)CC(c1ccccc1)c1c(O)c2ccccc2oc1=O,27.6,1.4409090820652177,train
CC(=O)N(C)C1(c2ccccc2)CCN(C[C@@H]2C[C@@]2(C(=O)N(C)Cc2ccccc2)c2ccc(Cl)c(Cl)c2)CC1,0.8,-0.09691001300805639,train
CC(=O)N(C)c1ccc(S(=O)(=O)Nc2ccc(Oc3ccc(Cl)c(C(F)(F)F)c3)c(C#N)c2)cc1,4.4,0.6434526764861874,train
CC(=O)N1CCC(CC(=O)NO)(NC(=O)c2ccc(OCc3cc(C)nc4ccccc34)cc2)CC1,0.1,-1.0,train
CC(=O)N1CCN([C@H]2CC[C@H](Nc3nc(Nc4cnn(C)c4)nc4ccc(C#N)cc34)CC2)CC1,0.2,-0.6989700043360187,train
CC(=O)N1CCN([C@H]2CC[C@H](Nc3ncnc4[nH]cc(C5CCOCC5)c34)CC2)CC1,3.0,0.47712125471966244,train
CC(=O)N1CCN([C@H]2CC[C@H](Nc3ncnc4ccc(C#N)cc34)CC2)CC1,4.2,0.6232492903979004,train
CC(=O)N1CCN([C@H]2CC[C@H](Nc3ncnn4ccc(C(C)C)c34)CC2)CC1,38.0,1.5797835966168101,train
CC(=O)N1CCN([C@H]2CC[C@H](Nc3ncnn4ccc(C5CCOCC5)c34)CC2)CC1,30.0,1.4771212547196624,train
CC(=O)N1CCN([C@H]2CC[C@H](Nc3ncnn4ccc([C@H](C)CC(N)=O)c34)CC2)CC1,1.8,0.25527250510330607,train
CC(=O)N1CCN([C@H]2CC[C@H](Nc3ncnn4ccc([C@H]5CC[C@H](C(N)=O)CC5)c34)CC2)CC1,0.7,-0.1549019599857432,train
CC(=O)N1CCN(c2ccc(NC(=O)Cc3cnc(-c4ccnc(F)c4)c(C)c3)nc2)CC1,7.5,0.8750612633917001,test
CC(=O)N1CCN(c2ccc(OCC3COC(Cn4ccnc4)(c4ccc(Cl)cc4Cl)O3)cc2)CC1,22.1,1.3443922736851108,train
CC(=O)N1CCN(c2nc(NCc3cc4ccccc4cn3)c3c(n2)C(=O)N(C(C)C)C3)CC1,0.6,-0.2218487496163564,train
CC(=O)N1CCN(c2nc(NCc3ccc(OC(F)(F)F)cc3)c3c(n2)C(=O)N(C(C)C)C3)CC1,2.9,0.4623979978989561,train
CC(=O)N1CCN(c2nc(NCc3cnc4ccccc4c3)c3c(n2)C(=O)N(C(C)C)C3)CC1,0.1,-1.0,test
CC(=O)N1CCN(c2nc(N[C@H](C)c3ccc(OC(F)(F)F)cc3)c3c(n2)C(=O)N(C(C)C)C3)CC1,4.5,0.6532125137753437,train
CC(=O)N1CCN(c2nc3c(c(N(C)Cc4cc5ccccc5cn4)n2)CN(C(C)C)C3=O)CC1,2.9,0.4623979978989561,train
CC(=O)N1C[C@H](C(=O)Nc2ccc(C)cc2C)[C@@H](c2nnc([C@H]3C[C@@H](CC(C)C)C3)n2C2CC2)C1,20.0,1.3010299956639813,test
CC(=O)NC1(c2ccccc2)CCN(C[C@@H]2C[C@@]2(C(=O)N(C)Cc2ccccc2)c2ccc(Cl)c(Cl)c2)CC1,5.6,0.7481880270062004,train
CC(=O)NCCC(CC(=O)Nc1ccc(C)cc1C)c1nnc(CCCC(C)C)n1C1CC1,1.3,0.11394335230683679,train
CC(=O)NC[C@@H]1OC(=O)N2c3cc(F)c(C4=CCN(C(=O)CO)CC4)cc3OC[C@@H]12,4.14,0.617000341120899,test
CC(=O)NCc1ccc(S(=O)(=O)Nc2ccc(Oc3ccc(Cl)c(C(F)(F)F)c3)c(C#N)c2)cc1,1.1,0.04139268515822508,train
CC(=O)NCc1ccc2c(c1)C(N1CCN(C)CC1)Cc1ccccc1S2,33.0,1.5185139398778875,train
CC(=O)N[C@@H](CCN1[C@@H]2CC[C@H]1C[C@@H](n1c(C)nc3c1CCN(C(=O)C(C)(C)C)C3)C2)c1cccc(F)c1,1.0,0.0,train
CC(=O)N[C@@H](CCN1[C@@H]2CC[C@H]1C[C@@H](n1c(C)nc3c1CCN(C(=O)C(C)C)C3)C2)c1cccc(F)c1,2.0,0.3010299956639812,train
CC(=O)N[C@@H](CCN1[C@@H]2CC[C@H]1C[C@@H](n1c(C)nc3c1CCN(C(C)=O)C3)C2)c1cccc(F)c1,1.0,0.0,train
CC(=O)N[C@@H](CCN1[C@@H]2CC[C@H]1C[C@@H](n1c(C)nc3c1CCN(c1ccncn1)C3)C2)c1cccc(F)c1,4.0,0.6020599913279624,train
CC(=O)N[C@@H](CCN1[C@@H]2CC[C@H]1C[C@@H](n1c(C)nc3c1CN(C(=O)C(C)C)CC3)C2)c1ccccc1,1.0,0.0,train
CC(=O)N[C@@H](CCN1[C@@H]2CC[C@H]1C[C@@H](n1c(C)nc3c1CN(C(=O)OC(C)C)CC3)C2)c1ccccc1,5.0,0.6989700043360189,train
CC(=O)N[C@@H](CCN1[C@@H]2CC[C@H]1C[C@@H](n1c(C)nc3c1CN(C(C)=O)CC3)C2)c1ccccc1,1.0,0.0,train
CC(=O)N[C@@H](CCN1[C@@H]2CC[C@H]1C[C@@H](n1c(C)nc3c1CN(C)CC3)C2)c1ccccc1,1.0,0.0,train
CC(=O)N[C@@H](CCN1[C@@H]2CC[C@H]1C[C@@H](n1c(C)nc3ccccc31)C2)c1ccccc1,13.0,1.1139433523068367,train
CC(=O)N[C@@H](Cc1ccccc1)[C@H](O)CNC1CC(C)(C)Cc2nn(CC(C)(C)C)cc21,1.5,0.17609125905568124,train
CC(=O)N[C@@H](Cc1ccccc1)[C@H](O)CNC1CC(C)(C)Oc2sc(CC(C)(C)C)cc21,5.6,0.7481880270062004,train
CC(=O)N[C@@H](Cc1ccccc1)[C@H](O)CN[C@H]1CC(C)(C)Cc2nn(CC(C)C)cc21,1.6,0.2041199826559248,train
CC(=O)N[C@@H](Cc1ccccc1)[C@H](O)CN[C@H]1CC(C)(C)Cn2nc(CC(C)(C)C)cc21,5.0,0.6989700043360189,train
CC(=O)N[C@@H](Cc1ccccc1)[C@H](O)CN[C@H]1CC(C)(C)Oc2ccc(CC(C)(C)C)cc21,21.0,1.3222192947339193,train
CC(=O)N[C@H]1C[C@@H](n2cnc(NC(=O)Cc3cccc4ccccc34)c2)C1,1.5,0.17609125905568124,test
CC(=O)Nc1cc(-c2c(-c3ccc(F)cc3)nc([S+](C)[O-])n2C)ccn1,18.5,1.2671717284030137,train
CC(=O)Nc1ccc(S(=O)(=O)Nc2ccc(Oc3ccc(C#N)c(C(F)(F)F)c3)c(C#N)c2)cc1,9.0,0.9542425094393249,train
CC(=O)Nc1ccc(S(=O)(=O)Nc2ccc(Oc3ccc(Cl)c(C(F)(F)F)c3)c(C#N)c2)cc1,9.5,0.9777236052888477,train
CC(=O)Nc1ccc(S(=O)(=O)Nc2ccc(Oc3ccc(F)c(C(F)(F)F)c3)c(C#N)c2)cc1,14.9,1.173186268412274,train
CC(=O)Nc1ccc2c(N)ncc(-c3ccc(-c4cnn(C)c4)cc3)c2c1,21.8,1.3384564936046048,train
CC(=O)Nc1cccc(/C(C)=N\NC(=O)c2ccc(CN(Cc3ccccc3)S(=O)(=O)c3ccc(Cl)cc3)cc2)c1,0.1,-1.0,test
CC(=O)Nc1cn2cc(-c3cnc(N)c(C(F)(F)F)c3)ccc2n1,40.0,1.6020599913279623,train
CC(=O)Nc1cn2cc(-c3cnc(N)c(OC(C)C(F)(F)F)n3)ccc2n1,41.0,1.6127838567197355,train
CC(=O)Nc1nc2ccc(-c3ccc(N)nc3)cc2s1,46.0,1.662757831681574,train
CC(=O)Nc1nc2ccc(-c3cnc(N)c(C(F)(F)F)c3)cc2s1,16.0,1.2041199826559248,train
CC(=O)OCOC(=O)c1ccccc1-c1ccc(CN2CCC(COC(=O)c3c4n(c5ccccc35)CCCO4)CC2)cc1.CS(=O)(=O)O,1.4,0.146128035678238,train
CC(=O)O[C@@H]1CC[C@@]2(C)[C@@H](CC[C@]3(C)[C@@H]2C(=O)C=C2[C@@H]4[C@@H](C)[C@H](C)CC[C@]4(C)CC[C@]23C)[C@@]1(C)C(=O)O,2.8,0.4471580313422192,train
CC(=O)O[C@@H]1[C@H](OC(C)=O)[C@@H](COS(=O)(=O)NC(=O)c2ccccc2O)O[C@H]1n1cnc2c(N)ncnc21.CCN(CC)CC,0.62,-0.20760831050174613,train
CC(=O)O[C@H]1C(=O)[C@@]2(C)[C@H]([C@H](OC(=O)c3ccccc3)[C@]3(O)C[C@H](OC(=O)[C@H](O)[C@@H](NC(=O)c4ccccc4)c4ccccc4)C(C)=C1C3(C)C)[C@]1(OC(C)=O)CO[C@@H]1C[C@@H]2O,1.2149999999999999,0.08457627793433094,train
CC(=O)O[C@H]1C(=O)[C@@]2(C)[C@H]([C@H](OC(=O)c3ccccc3)[C@]34OC(=O)O[C@H]3[C@H](OC(=O)[C@H](O)[C@H](CC(C)C)NC(=O)OC(C)(C)C)C(C)=C1C4(C)C)[C@]1(OC(C)=O)CO[C@@H]1C[C@@H]2O,2.8,0.4471580313422192,train
CC(=O)O[C@H]1[C@@H](F)[C@H](n2cnc3c(N)ncnc32)O[C@@H]1CNS(=O)(=O)NC(=O)c1ccccc1O.CCN(CC)CC,1.1,0.04139268515822508,train
CC(=O)c1ccc(-c2cccc(NC(=O)CCc3cccc4c3B(O)OC4)c2)cc1,3.95,0.5965970956264602,train
CC(=O)c1ccc(N(C)S(=O)(=O)c2cccc(C(=O)Nc3ccc(C#N)cc3)c2)cc1,13.9,1.1430148002540952,train
CC(=O)c1ccc(N2CCN(S(=O)(=O)c3cc4c(cc3Cl)NC(=O)C4)CC2)cc1,54.3,1.734799829588847,train
CC(=O)c1ccc(N2CCN(S(=O)(=O)c3ccc4c(c3)CC(=O)N4)CC2)cc1,14.6,1.1643528557844371,train
CC(C(=O)O)c1cccc(C(=O)c2ccccc2)c1,25.7,1.4099331233312946,train
CC(C)(C(=O)O)c1ccc(C(O)CCCN2CCC(C(O)(c3ccccc3)c3ccccc3)CC2)cc1,1.45,0.16136800223497488,train
CC(C)(C)C(=O)NC[C@@H]1CCCN1C(=O)C[C@H](N)Cc1cc(F)c(F)cc1F,1.4,0.146128035678238,train
CC(C)(C)C(=O)OCOC(=O)c1ccccc1-c1ccc(CN2CCC(COC(=O)c3c4n(c5ccccc35)CCCO4)CC2)cc1.CS(=O)(=O)O,9.0,0.9542425094393249,train
CC(C)(C)C(=O)OCn1nnc(-c2ccccc2-c2ccc(CN3CCC(COC(=O)c4c5n(c6ccccc46)CCCO5)CC3)cc2)n1.CS(=O)(=O)O,5.1,0.7075701760979364,test
CC(C)(C)CC(=O)Nc1c(F)cc(C(=O)Nc2nccs2)cc1F,88.0,1.9444826721501687,test
CC(C)(C)CC(c1ccc(CC(=O)O)cc1-c1ccc(C(F)(F)F)cc1)N1CCC(C(F)(F)F)CC1,16.0,1.2041199826559248,train
CC(C)(C)CCN1C(=O)C(C2=NS(=O)(=O)c3cc(NS(C)(=O)=O)ccc3N2)=C(O)C2(C)CCCN12,0.6,-0.2218487496163564,train
CC(C)(C)CCN1C(=O)C(C2=NS(=O)(=O)c3cc(NS(C)(=O)=O)ccc3N2)=C(O)C2CCCC21,4.15,0.6180480967120927,train
CC(C)(C)CCN1C(=O)C(C2=NS(=O)(=O)c3cc(NS(C)(=O)=O)ccc3N2)=C(O)C2CCCCC21,3.1,0.4913616938342727,train
CC(C)(C)CCN1C(=O)C(C2=NS(=O)(=O)c3cc(NS(C)(=O)=O)ccc3N2)=C(O)C2CCCCN21,0.31,-0.5086383061657274,test
CC(C)(C)CCN1C(=O)C(C2=NS(=O)(=O)c3cc(NS(C)(=O)=O)ccc3N2)=C(O)C2CCCN21,0.44,-0.3565473235138126,train
CC(C)(C)CCN1C(=O)C(C2=NS(=O)(=O)c3ccccc32)=C(O)[C@@H]1C(C)(C)C,9.9,0.9956351945975499,test
CC(C)(C)CC[C@H]1C[C@@H](c2cc(=O)[nH]o2)CCN1,4.5,0.6532125137753437,train
CC(C)(C)CCn1c(=O)c(C2=CS(=O)(=O)c3cc(NS(C)(=O)=O)ccc3N2)c(O)c2cccn21,0.3,-0.5228787452803376,train
CC(C)(C)CCn1nc(N2CCCC2)c(O)c(C2=NS(=O)(=O)c3cc(NS(C)(=O)=O)ccc3N2)c1=O,0.37,-0.431798275933005,train
CC(C)(C)COc1ccc(-c2nc(N)[nH]c(=O)c2C#N)cc1OC(F)(F)F,2.25,0.3521825181113625,train
CC(C)(C)C[C@H]1C[C@@H](c2cc(=O)[nH]o2)CCN1,2.6,0.414973347970818,train
CC(C)(C)NC(=O)Nc1nc(Cl)c(-c2ccc(-c3cccnc3)cc2)n(CC(=O)Nc2ccccc2C(=O)NS(=O)(=O)c2ccc(C(F)(F)F)cc2)c1=O,7.0,0.8450980400142568,train
CC(C)(C)NC(=O)Nc1nc(Cl)c(CCC2CCCCC2)n(CC(=O)Nc2ccccc2C(=O)NS(=O)(=O)c2ccc(C(F)(F)F)cc2)c1=O,0.12,-0.9208187539523752,train
CC(C)(C)NC(=O)Nc1nc(Cl)c(CCc2ccccc2)n(CC(=O)Nc2ccccc2C(=O)NS(=O)(=O)c2ccc(C(F)(F)F)cc2)c1=O,0.3,-0.5228787452803376,train
CC(C)(C)NC(=O)Nc1nc(Cl)c(COCc2ccccc2)n(CC(=O)Nc2ccccc2C(=O)NS(=O)(=O)c2ccc(C(F)(F)F)cc2)c1=O,4.0,0.6020599913279624,train
CC(C)(C)NC(=O)[C@@H]1CN(Cc2cccnc2)CCN1C[C@@H](O)C[C@@H](Cc1ccccc1)C(=O)N[C@H]1c2ccccc2C[C@H]1O,8.799999999999999,0.9444826721501686,train
CC(C)(C)NC(=O)[C@@H]1C[C@@H]2CCCC[C@@H]2CN1C[C@@H](O)[C@H](Cc1ccccc1)NC(=O)[C@H](CC(N)=O)NC(=O)c1ccc2ccccc2n1,0.9,-0.045757490560675115,test
CC(C)(C)NCC(O)COc1ccc(NC(=O)NC2CCCCC2)cc1,0.1,-1.0,test
CC(C)(C)NCC(O)COc1cccc2c1CC(O)C(O)C2,0.09,-1.0457574905606752,train
CC(C)(C)NS(=O)(=O)c1cncc(-c2ccc3nc(NC(=O)NCCn4nnc(C5CC5)n4)nn3c2)c1,0.08,-1.0969100130080565,test
CC(C)(C)OC(=O)N1CCCC(COC(=O)N2C[C@@H]3[C@@H](CNC(=O)c4ccc5[nH]c(=O)oc5c4)[C@@H]3C2)C1,6.0,0.7781512503836436,test
CC(C)(C)OC(=O)NC[C@H]1CC[C@H](CNC(=O)c2cc(N3CCC(CCN)CC3)nc3ccccc23)CC1,0.5,-0.3010299956639812,test
CC(C)(C)[C@H](CO)Nc1nc(SCc2ccccc2)nc2nc(N)sc12,8.0,0.9030899869919435,train
CC(C)(C)[C@H]1C(O)=C(C2=NS(=O)(=O)c3c(CNS(C)(=O)=O)cccc32)C(=O)N1Cc1ccc(F)c(Cl)c1,0.1,-1.0,train
CC(C)(C)c1ccc(C(=O)Nc2ccc(C(=O)NO)cc2)cc1,3.45,0.5378190950732742,train
CC(C)(C)c1ccc(C(=O)Nc2cccc(-c3nc(N)nc(Nc4ccc(C(=O)N5CCOCC5)cc4)n3)c2CO)cc1,7.4,0.8692317197309762,test
CC(C)(C)c1ccc(C(=O)Nc2cccc(-c3nc(N)nc(Nc4ccc(N5CCOCC5)cc4)n3)c2CO)cc1,16.3,1.212187604403958,test
CC(C)(C)c1ccc(CN(C(=O)CN(Cc2c(F)c(F)c(F)c(F)c2F)S(=O)(=O)c2ccc(F)cc2)c2ccc(C(=O)NO)cc2)cc1,0.27,-0.5686362358410126,test
CC(C)(C)c1cccc(C2CCN(CCc3cnn(-c4nccc5c(=O)[nH]cnc45)c3)CC2)c1,4.67,0.6693168805661122,train
CC(C)(C)c1cccc(Nc2nc3cc(Oc4ccnc(C(N)=O)c4)ccc3s2)c1,10.0,1.0,train
CC(C)(C)c1nc(N2CCN(CCCCN3C(=O)CCC(=O)c4ccccc43)CC2)cc(C(F)(F)F)n1,0.33,-0.4814860601221125,test
CC(C)(C)c1noc([C@@H]2CCCN2C(=O)C[C@H](N)Cc2cc(F)c(F)cc2F)n1,20.0,1.3010299956639813,test
CC(C)(C)n1cc(Nc2nc(N)cc(-c3cccc(-n4ccc5cc(C6CC6)cc(F)c5c4=O)c3CO)n2)cn1,5.7,0.7558748556724915,train
CC(C)(C)n1nc(Cc2cccc(Cl)c2)c2c(N)ncnc21,42.9,1.6324572921847242,train
CC(C)(C)n1nc(Oc2cccc(Cl)c2)c2c(N)ncnc21,34.8,1.541579243946581,train
CC(C)(CCC(C(N)=O)(c1ccccc1)c1ccccc1)N1CC[C@H](Oc2ccccc2)C1,16.0,1.2041199826559248,train
CC(C)(F)C(=O)NC[C@@H]1CCCN1C(=O)C[C@H](N)Cc1cc(F)c(F)cc1F,1.9,0.2787536009528289,train
CC(C)(F)c1nc([C@@H]2CCCN2C(=O)C[C@H](N)Cc2cc(F)c(F)cc2F)no1,14.0,1.146128035678238,test
CC(C)(N)C(=O)N1CCn2c(nc(-c3ccc(F)cc3)c2Nc2ccc(Cl)c(F)c2)C1,0.84,-0.07572071393811836,train
CC(C)(N)C(=O)N1CCn2c(nc(-c3ccc(F)cc3)c2Nc2ccc(Cl)cc2)C1,1.46,0.1643528557844371,train
CC(C)(N)C(=O)N1CCn2c(nc(-c3ccc(F)cc3)c2Nc2ccc(F)c(F)c2)C1,0.14,-0.8538719643217619,train
CC(C)(N)C(=O)N1CCn2c(nc(-c3ccc(F)cc3)c2Nc2ccc(F)cc2)C1,3.05,0.48429983934678583,train
CC(C)(N)C(=O)N1CCn2c(nc(-c3ccc(F)cc3)c2Nc2ccc(F)cc2)C1(C)C,1.2,0.07918124604762482,train
CC(C)(N)C(=O)N1CCn2c(nc(-c3cccc(F)c3)c2Nc2ccc(F)cc2)C1,1.07,0.029383777685209667,train
CC(C)(NC(=O)c1cc(F)cnc1Oc1ccc(F)cc1)c1ccc(C(=O)O)cc1,36.3,1.5599066250361124,train
CC(C)(O)C(=O)N1CCN(c2ccc(C(F)(F)F)c(C3=C(c4c[nH]c5ccccc45)C(=O)NC3=O)c2)CC1,3.0,0.47712125471966244,test
CC(C)(O)CNC(=O)c1cnc(NC(=O)[C@@H]2CCCC[C@H]2C(=O)c2ccc(-c3cc[nH]n3)cc2)cn1,3.0,0.47712125471966244,test
CC(C)(O)Cn1cc(-c2cnc3nnn(Cc4ccc5ncccc5c4)c3n2)cn1,34.5,1.5378190950732742,train
CC(C)(O)c1ccc(-c2nc3c(F)cc(F)cc3c(=O)[nH]2)cc1,40.0,1.6020599913279623,train
CC(C)(S)C(N)C(=O)O,13.12,1.1179338350396415,train
CC(C)(c1cc(N2CCOCC2)nc(-c2cccc3[nH]ccc23)n1)S(C)(=O)=O,16.0,1.2041199826559248,train
CC(C)C(=O)NCc1ccc2c(c1)C(N1CCN(C)CC1)Cc1ccccc1S2,57.0,1.7558748556724915,train
CC(C)C(=O)O[C@H]1[C@@H](F)[C@H](n2cnc3c(N)ncnc32)O[C@@H]1CNS(=O)(=O)NC(=O)c1ccccc1O.CCN(CC)CC,0.4,-0.3979400086720376,train
CC(C)C1=NC(C)(c2cccc(-c3cccnc3)c2)N=C1N,38.0,1.5797835966168101,train
CC(C)C1=NC(c2ccccc2)(c2cccc(-c3cncnc3)c2)N=C1N,30.0,1.4771212547196624,train
CC(C)CCN1C(=O)C(C2=NS(=O)(=O)c3cc(NS(C)(=O)=O)ccc3N2)=C(O)C2CCCC21,3.3,0.5185139398778874,train
CC(C)CCN1C(=O)C(C2=NS(=O)(=O)c3cc(NS(C)(=O)=O)ccc3N2)=C(O)C2CCCCC21,3.1,0.4913616938342727,train
CC(C)CCN1C(=O)C(C2=NS(=O)(=O)c3cc(NS(C)(=O)=O)ccc3N2)=C(O)C2CCCN21,0.2,-0.6989700043360187,train
CC(C)CCNC(=O)c1ccc(N2CCN(C(=O)c3ccccc3C(F)(F)F)CC2)nn1,25.0,1.3979400086720377,train
CC(C)CCNC(=O)c1cccnc1NCCC(C)C,19.8,1.2966651902615312,train
CC(C)CCOC(=O)c1ccccc1-c1ccc(CN2CCC(COC(=O)c3c4n(c5ccccc35)CCCO4)CC2)cc1.CS(=O)(=O)O,5.4,0.7323937598229685,train
CC(C)CCOC(=O)c1cnc(N2CCN(C(=O)NS(=O)(=O)c3ccc(Cl)s3)CC2)c(Cl)c1,0.44,-0.3565473235138126,train
CC(C)CC[C@]1(C)CN(C2CCC2)C(=O)C(C2=NS(=O)(=O)c3cc(NS(C)(=O)=O)ccc3N2)=C1O,2.9,0.4623979978989561,test
CC(C)CCn1c(=O)c(C2=CS(=O)(=O)c3cc(N(C)S(C)(=O)=O)ccc3N2)c(O)c2cccn21,0.012,-1.9208187539523751,train
CC(C)CCn1c(=O)c(C2=CS(=O)(=O)c3cc(NS(C)(=O)=O)ccc3N2)c(O)c2cccn21,0.027,-1.5686362358410126,train
CC(C)CCn1c(=O)c(C2=Nc3ccc(NS(C)(=O)=O)cc3S(=O)(=O)N2)c(O)c2cccn21,0.2,-0.6989700043360187,train
CC(C)CCn1c(=O)c2cccnc2n(CCC(C)C)c1=O,13.9,1.1430148002540952,train
CC(C)CCn1nc(-c2ccccc2)c(O)c(C2=CS(=O)(=O)c3cc(NS(C)(=O)=O)ccc3N2)c1=O,0.019,-1.7212463990471711,train
CC(C)CCn1nc(-c2cccs2)c(O)c(C2=CS(=O)(=O)c3cc(NS(C)(=O)=O)ccc3N2)c1=O,0.012,-1.9208187539523751,train
CC(C)CCn1nc(-c2cccs2)c(O)c(C2=NS(=O)(=O)c3cc(N(C)S(C)(=O)=O)ccc3N2)c1=O,0.2,-0.6989700043360187,train
CC(C)CCn1nc(-c2cccs2)c(O)c(C2=Nc3ccc(NS(C)(=O)=O)cc3S(=O)(=O)N2)c1=O,0.02,-1.6989700043360187,train
CC(C)CCn1nc(N(C)C(C)C)c(O)c(C2=NS(=O)(=O)c3cc(NS(C)(=O)=O)ccc3N2)c1=O,0.77,-0.11350927482751812,train
CC(C)CCn1nc(N2CCCC2)c(O)c(C2=Nc3ccc(NS(C)(=O)=O)cc3S(=O)(=O)N2)c1=O,0.32,-0.494850021680094,train
CC(C)CCn1nc(N2CCOCC2)c(O)c(C2=NS(=O)(=O)c3cc(NS(C)(=O)=O)ccc3N2)c1=O,0.021,-1.6777807052660807,train
CC(C)CN(C(=O)c1cccc(Cl)c1Cl)[C@H]1CCNC1,12.0,1.0791812460476249,train
CC(C)CN(C[C@@H](O)[C@H](Cc1ccccc1)NC(=O)OCc1cncs1)C(=O)c1ccc2nc(N)sc2c1,0.86,-0.06550154875643228,train
CC(C)CN(C[C@@H](O)[C@H](Cc1ccccc1)NC(=O)OCc1cncs1)C(=O)c1ccc2ncsc2c1,10.4,1.0170333392987803,train
CC(C)CN(C[C@@H](O)[C@H](Cc1ccccc1)NC(=O)O[C@H]1CCOC1)S(=O)(=O)c1ccc(N)cc1,13.6,1.1335389083702174,train
CC(C)CNS(=O)(=O)c1ccc(OCC(=O)N(Cc2ccccc2)Cc2ccccc2)cc1,1.14,0.05690485133647256,test
CC(C)COC[C@@]1(N=[N+]=[N-])O[C@@H](n2ccc(N)nc2=O)[C@H](C)[C@@H]1OCC(C)C,7.7,0.8864907251724818,train
CC(C)CO[C@H]1[C@@H](C)[C@H](n2ccc(N)nc2=O)O[C@@]1(CO)N=[N+]=[N-],1.6,0.2041199826559248,train
CC(C)COc1ccc(-c2nc(N)[nH]c(=O)c2C#N)cc1C#N,15.05,1.177536499929862,train
CC(C)COc1ccc(-c2nc(N)[nH]c(=O)c2C#N)cc1C(F)(F)F,12.35,1.0916669575956846,train
CC(C)COc1ccc(-c2nc(N)[nH]c(=O)c2Cl)cc1C#N,35.35,1.5483894181329183,train
CC(C)C[C@@H](C=O)NC(=O)[C@@H](NS(=O)(=O)c1ccc(F)cc1)C(C)C,2.6,0.414973347970818,train
CC(C)C[C@@H]1C(=O)N(C)[C@@H](CC(C)C)C(=O)N(C)[C@@H](CC(C)C)C(=O)N2CCC[C@@H]2C(=O)N[C@@H](Cc2ccc(O)cc2)C(=O)N(C)[C@@H](CC(C)C)C(=O)N1C,15.83,1.199480914862356,train
CC(C)C[C@@H]1C(=O)N(C)[C@@H](CC(C)C)C(=O)N[C@@H](Cc2ccc(O)cc2)C(=O)N(C)[C@H](C)C(=O)N(C)CC(=O)N[C@@H](Cc2ccccc2)C(=O)N1C,4.77,0.6785183790401139,train
CC(C)C[C@@H]1C(=O)N(C)[C@H](CC(C)C)C(=O)N[C@H](CC(C)C)C(=O)N(C)[C@@H](CC(C)C)C(=O)N2CCC[C@H]2C(=O)N[C@@H](Cc2ccc(O)cc2)C(=O)N1C,16.36,1.2137832993353042,train
CC(C)C[C@@H]1NC(=O)CNC(=O)[C@@H]2CCCN2C(=O)[C@H](Cc2ccc(O)cc2)NC(=O)[C@H](Cc2ccccc2)NC(=O)[C@@H]2CCCN2C1=O,0.11,-0.958607314841775,test
CC(C)C[C@@H]1NC(=O)CNC(=O)[C@H](Cc2ccccc2)NC(=O)[C@H](CC(N)=O)NC(=O)[C@H](Cc2ccc(O)cc2)NC(=O)[C@H](C)NC1=O,0.02,-1.6989700043360187,train
CC(C)C[C@@H]1NC(=O)[C@@H](CC(C)C)N(C)C(=O)[C@@H](CC(C)C)N(C)C(=O)[C@H](Cc2ccc(O)cc2)NC(=O)[C@@H]2CCCN2C(=O)[C@@H](CC(C)C)N(C)C1=O,14.65,1.1658376246901283,train
CC(C)C[C@@H]1NC(=O)[C@@H](CC(C)C)N(C)C(=O)[C@@H](CC(C)C)N(C)C(=O)[C@H](Cc2ccc(O)cc2)NC(=O)[C@@H]2CCCN2C(=O)[C@@H](CC(C)C)NC1=O,11.88,1.0748164406451748,train
CC(C)C[C@@H]1NC(=O)[C@@H](CC(C)C)N(C)C(=O)[C@H](CC(C)C)NC(=O)[C@H](Cc2ccc(O)cc2)N(C)C(=O)[C@H]2CCCN2C(=O)[C@H](CC(C)C)NC1=O,7.75,0.8893017025063102,train
CC(C)C[C@@H]1NC(=O)[C@@H](CC(C)C)N(C)C(=O)[C@H](CC(C)C)NC(=O)[C@H](Cc2ccc(O)cc2)NC(=O)[C@H]2CCCN2C(=O)[C@H](CC(C)C)NC1=O,1.68,0.22530928172586284,train
CC(C)C[C@@H]1NC(=O)[C@@H](CC(C)C)NC(=O)[C@@H](CC(C)C)NC(=O)[C@@H](CC(C)C)NC(=O)[C@H](Cc2c[nH]c3ccccc23)NC(=O)[C@@H]2CCCN2C1=O,0.36,-0.44369749923271273,train
CC(C)C[C@@H]1NC(=O)[C@@H](CC(C)C)NC(=O)[C@@H](CC(C)C)NC(=O)[C@@H](CC(C)C)NC(=O)[C@H](Cc2ccc(O)cc2)NC(=O)[C@@H]2CCCN2C1=O,0.14,-0.8538719643217619,train
CC(C)C[C@@H]1NC(=O)[C@@H](CC(C)C)NC(=O)[C@@H](CC(C)C)NC(=O)[C@H](Cc2c[nH]c3ccccc23)NC(=O)[C@@H]2CCCN2C(=O)[C@@H](CC(C)C)NC1=O,17.47,1.242292904982931,train
CC(C)C[C@@H]1NC(=O)[C@@H](CC(C)C)NC(=O)[C@@H](CC(C)C)NC(=O)[C@H](Cc2ccc(O)cc2)NC(=O)[C@@H]2CCCN2C(=O)[C@@H](CC(C)C)NC1=O,12.02,1.0799044676667207,train
CC(C)C[C@@H]1NC(=O)[C@@H](CC(C)C)NC(=O)[C@H](CC(C)C)NC(=O)[C@H](Cc2ccc(O)cc2)N(C)C(=O)[C@H]2CCCN2C(=O)[C@H](CC(C)C)NC1=O,9.13,0.960470777534299,train
CC(C)C[C@@H]1NC(=O)[C@@H](CC(C)C)NC(=O)[C@H](Cc2ccccc2)NC(=O)CNC(=O)[C@@H](C)NC(=O)[C@H](Cc2ccc(O)cc2)NC1=O,0.72,-0.14266750356873156,train
CC(C)C[C@@H]1NC(=O)[C@@H](Cc2ccccc2)NC(=O)CNC(=O)[C@@H](C)NC(=O)[C@H](Cc2ccc(O)cc2)NC(=O)[C@@H]2CCCN2C1=O,0.09,-1.0457574905606752,train
CC(C)C[C@@H]1NC(=O)[C@H](C(C)C)NC(=O)[C@H](Cc2c[nH]c3ccccc23)N(C)C(=O)[C@H](Cc2ccccc2)NC(=O)[C@H](Cc2ccccc2)NC(=O)[C@@H]2CCCN2C1=O,1.7,0.2304489213782739,train
CC(C)C[C@@H]1NC(=O)[C@H](C(C)C)NC(=O)[C@H](Cc2c[nH]c3ccccc23)NC(=O)[C@H](Cc2ccccc2)NC(=O)[C@H](Cc2ccccc2)NC(=O)[C@@H]2CCCN2C1=O,0.24,-0.619788758288394,train
CC(C)C[C@@H]1NC(=O)[C@H](CC(C)C)N(C)C(=O)[C@@H](CC(C)C)N(C)C(=O)[C@H](Cc2ccc(O)cc2)NC(=O)[C@@H]2CCCN2C(=O)[C@H](CC(C)C)N(C)C1=O,13.9,1.1430148002540952,train
CC(C)C[C@@H]1NC(=O)[C@H](CC(C)C)N(C)C(=O)[C@H](Cc2ccc(O)cc2)NC(=O)[C@@H]2CCCN2C(=O)[C@H]2CCCN2C(=O)[C@@H](CC(C)C)NC1=O,1.04,0.01703333929878037,train
CC(C)C[C@@H]1NC(=O)[C@H](CC(C)C)NC(=O)[C@@H](CC(C)C)NC(=O)[C@H](Cc2ccc(O)cc2)NC(=O)[C@@H]2CCCN2C(=O)[C@H](CC(C)C)NC1=O,0.37,-0.431798275933005,train
CC(C)C[C@@H]1NC(=O)[C@H](Cc2c[nH]c3ccccc23)NC(=O)[C@@H]2CCCN2C(=O)[C@H]2CCCN2C(=O)[C@@H](CC(C)C)NC(=O)[C@H](CC(C)C)NC1=O,0.21,-0.6777807052660807,train
CC(C)C[C@@H]1NC(=O)[C@H](Cc2c[nH]c3ccccc23)NC(=O)[C@H]2CCCN2C(=O)[C@@H](CC(C)C)NC(=O)[C@@H](CC(C)C)NC(=O)[C@@H](CC(C)C)NC1=O,9.46,0.9758911364017928,train
CC(C)C[C@@H]1NC(=O)[C@H](Cc2c[nH]c3ccccc23)NC(=O)[C@H]2CCCN2C(=O)[C@H](CC(C)C)NC(=O)[C@H](CC(C)C)NC(=O)[C@@H](CC(C)C)NC1=O,5.95,0.7745169657285496,train
CC(C)C[C@@H]1NC(=O)[C@H](Cc2ccc(O)cc2)N(C)C(=O)[C@H]2CCCN2C(=O)[C@H](CC(C)C)NC(=O)[C@H](CC(=O)O)N(C)C(=O)[C@@H](CC(C)C)N(C)C1=O,0.36,-0.44369749923271273,train
CC(C)C[C@@H]1NC(=O)[C@H](Cc2ccc(O)cc2)N(C)C(=O)[C@H]2CCCN2C(=O)[C@H](CC(C)C)NC(=O)[C@H](CC(C)C)N(C)C(=O)[C@@H](CC(C)C)N(C)C1=O,10.385,1.0164065008711178,train
CC(C)C[C@@H]1NC(=O)[C@H](Cc2ccc(O)cc2)N(C)C(=O)[C@H]2CCCN2C(=O)[C@H](CC(C)C)NC(=O)[C@H](CC(C)C)N(C)C(=O)[C@@H](CC(C)C)NC1=O,11.33,1.0542299098633972,train
CC(C)C[C@@H]1NC(=O)[C@H](Cc2ccc(O)cc2)N(C)C(=O)[C@H]2CCCN2C(=O)[C@H](CC(C)C)NC(=O)[C@H](CCCCN)N(C)C(=O)[C@@H](CC(C)C)N(C)C1=O,0.09,-1.0457574905606752,train
CC(C)C[C@@H]1NC(=O)[C@H](Cc2ccc(O)cc2)N(C)C(=O)[C@H]2CCCN2C(=O)[C@H](CC(C)C)NC(=O)[C@H](CO)N(C)C(=O)[C@@H](CC(C)C)N(C)C1=O,3.3,0.5185139398778874,train
CC(C)C[C@@H]1NC(=O)[C@H](Cc2ccc(O)cc2)NC(=O)[C@@H]2CCCN2C(=O)[C@@H](CC(C)C)NC(=O)[C@@H](CC(C)C)N(C)C(=O)[C@@H](CC(C)C)N(C)C1=O,21.8,1.3384564936046048,train
CC(C)C[C@@H]1NC(=O)[C@H](Cc2ccc(O)cc2)NC(=O)[C@@H]2CCCN2C(=O)[C@@H](CC(C)C)NC(=O)[C@@H](CC(C)C)NC(=O)[C@@H](CC(C)C)NC1=O,1.43,0.1553360374650618,train
CC(C)C[C@@H]1NC(=O)[C@H](Cc2ccc(O)cc2)NC(=O)[C@@H]2CCCN2C(=O)[C@H]2CCCN2C(=O)[C@@H](CC(C)C)NC(=O)[C@H](CC(C)C)NC1=O,0.1,-1.0,train
CC(C)C[C@@H]1NC(=O)[C@H](Cc2ccc(O)cc2)NC(=O)[C@H]2CCCN2C(=O)[C@@H](CC(C)C)NC(=O)[C@H](CC(C)C)NC(=O)[C@@H](CC(C)C)NC1=O,0.59,-0.22914798835785583,train
CC(C)C[C@@H]1NC(=O)[C@H](Cc2ccc(O)cc2)NC(=O)[C@H]2CCCN2C(=O)[C@H](CC(C)C)NC(=O)[C@H](CC(C)C)N(C)C(=O)[C@@H](CC(C)C)N(C)C1=O,10.76,1.0318122713303703,train
CC(C)C[C@@H]1NC(=O)[C@H](Cc2ccc(O)cc2)NC(=O)[C@H]2CCCN2C(=O)[C@H](CC(C)C)NC(=O)[C@H](CC(C)C)N(C)C(=O)[C@@H](CC(C)C)NC1=O,7.83,0.8937617620579434,train
CC(C)C[C@@H]1NC(=O)[C@H](Cc2ccc(O)cc2)NC(=O)[C@H]2CCCN2C(=O)[C@H](CC(C)C)NC(=O)[C@H](CC(C)C)NC(=O)[C@@H](CC(C)C)NC1=O,1.23,0.08990511143939793,train
CC(C)C[C@@H]1NC(=O)[C@H](Cc2ccccc2)N(C)C(=O)CN(C)C(=O)[C@H](C)NC(=O)[C@H](Cc2ccc(O)cc2)N(C)C(=O)[C@H]2CCCN2C1=O,1.08,0.03342375548694973,train
CC(C)C[C@@H]1NC(=O)[C@H](Cc2ccccc2)NC(=O)CN(C)C(=O)[C@H](CC(C)C)N(C)C(=O)[C@H](Cc2ccc(O)cc2)NC(=O)[C@@H]2CCCN2C1=O,0.1,-1.0,train
CC(C)C[C@@H]1NC(=O)[C@H](Cc2ccccc2)NC(=O)CNC(=O)[C@@H](C)NC(=O)[C@H](Cc2ccc(O)cc2)NC(=O)[C@@H]2CCCN2C1=O,0.14,-0.8538719643217619,train
CC(C)C[C@@H]1NC(=O)[C@H](Cc2ccccc2)NC(=O)CNC(=O)[C@H](C)NC(=O)[C@H](Cc2ccc(O)cc2)NC(=O)[C@H]2CCCN2C1=O,0.27,-0.5686362358410126,train
CC(C)C[C@@H]1NC(=O)[C@H](Cc2ccccc2)NC(=O)[C@@H](CC(C)C)N(C)C(=O)[C@H](CC(C)C)N(C)C(=O)[C@H](Cc2ccc(O)cc2)NC(=O)[C@@H]2CCCN2C1=O,12.03,1.0802656273398448,train
CC(C)C[C@@H]1NC(=O)[C@H](Cc2ccccc2)NC(=O)[C@H]([C@@H](C)O)N(C)C(=O)CN(C)C(=O)[C@H]([C@@H](C)O)NC(=O)[C@H](Cc2ccc(O)cc2)NC1=O,0.1,-1.0,train
CC(C)C[C@@H]1NC(=O)[C@H](Cc2ccccc2)NC(=O)[C@H]([C@@H](C)O)NC(=O)CN(C)C(=O)[C@H]([C@@H](C)O)NC(=O)[C@H](Cc2ccc(O)cc2)NC1=O,0.17,-0.769551078621726,train
CC(C)C[C@@H]1NC(=O)[C@H](Cc2ccccc2)NC(=O)[C@H]([C@@H](C)O)NC(=O)CNC(=O)[C@H](C(C)C)NC(=O)[C@H](Cc2ccc(O)cc2)NC1=O,0.11,-0.958607314841775,train
CC(C)C[C@@H]1NC(=O)[C@H](Cc2ccccc2)NC(=O)[C@H]([C@@H](C)O)NC(=O)CNC(=O)[C@H](C)NC(=O)[C@H](Cc2ccc(O)cc2)NC1=O,0.46,-0.3372421683184259,train
CC(C)C[C@@H]1NC(=O)[C@H](Cc2ccccc2)NC(=O)[C@H]([C@@H](C)O)NC(=O)CNC(=O)[C@H]([C@@H](C)O)NC(=O)[C@H](Cc2ccc(O)cc2)NC1=O,0.04,-1.3979400086720375,train
CC(C)C[C@H](CO)Nc1nc(OCc2ccccc2)nc2[nH]c(=O)sc12,23.0,1.3617278360175928,train
CC(C)C[C@H](CO)Nc1nc(S(=O)(=O)Cc2ccccc2)nc2[nH]c(=O)sc12,1.0,0.0,train
CC(C)C[C@H](CO)Nc1nc(SCc2ccccn2)nc2nc(N)sc12,1.6,0.2041199826559248,train
CC(C)C[C@H](CO)Nc1nc(S[C@@H](C)c2cc(Cl)ccn2)nc2[nH]c(=O)sc12,33.0,1.5185139398778875,train
CC(C)C[C@H](CO)Nc1nc(S[C@@H](C)c2cc(Cl)ccn2)nc2nc(N)sc12,1.0,0.0,train
CC(C)C[C@H](CO)Nc1nc(S[C@@H](C)c2ccccc2)nc2[nH]c(=O)sc12,20.0,1.3010299956639813,train
CC(C)C[C@H](CO)Nc1nc([S+]([O-])Cc2ccccc2)nc2[nH]c(=O)sc12,1.0,0.0,train
CC(C)C[C@H](NC(=O)[C@H](Cc1ccc(O)cc1)NC(=O)c1ccc(C#N)cc1)C(=O)Nc1cc(C(=O)NCc2ccccc2)cc(-c2ccc(C(N)=O)cc2)c1,0.5,-0.3010299956639812,train
CC(C)C[C@H](NC(=O)[C@H](Cc1ccc(O)cc1)NC(=O)c1ccc(C#N)cc1)C(=O)Nc1ccc(C(=O)NCc2ccccc2)c(-c2ccc(C(N)=O)cc2)c1,0.5,-0.3010299956639812,train
CC(C)C[C@H](NC(=O)[C@H](Cc1ccc(OP(=O)(O)O)cc1)NC(=O)c1ccc(C#N)cc1)C(=O)Nc1cc(C(=O)NCc2ccccc2)cc(-c2ccc(C(N)=O)cc2)c1,0.5,-0.3010299956639812,train
CC(C)C[C@H](NC(=O)[C@H](Cc1ccc(OP(=O)(O)O)cc1)NC(=O)c1ccc(C#N)cc1)C(=O)Nc1ccc(C(=O)NCc2ccccc2)c(-c2ccc(C(N)=O)cc2)c1,0.5,-0.3010299956639812,train
CC(C)C[C@H](NC(=O)c1cc2ccccc2cn1)C(=O)OCc1ccccc1,9.82,0.9921114877869497,train
CC(C)C[C@H](NC(=S)Nc1ccccc1)C(=O)N[C@H]1CCOC1O,14.3,1.1553360374650619,test
CC(C)C[C@H]1C(=O)N2CCC[C@@H]2C(=O)N(C)[C@@H](Cc2ccc(O)cc2)C(=O)N[C@@H](C)C(=O)NCC(=O)N(C)[C@@H](Cc2ccccc2)C(=O)N1C,0.1,-1.0,train
CC(C)C[C@H]1C(=O)N2CCC[C@H]2C(=O)N[C@@H](Cc2ccc(O)cc2)C(=O)N(C)[C@H](C)C(=O)N(C)CC(=O)N[C@@H](Cc2ccccc2)C(=O)N1C,0.14,-0.8538719643217619,train
CC(C)C[C@H]1C(=O)N2CCC[C@H]2C(=O)N[C@@H](Cc2ccc(O)cc2)C(=O)N(C)[C@H](C)C(=O)N(C)CC(=O)N[C@H](Cc2ccccc2)C(=O)N1C,0.14,-0.8538719643217619,train
CC(C)C[C@H]1C(=O)N2CCC[C@H]2C(=O)N[C@@H](Cc2ccccc2)C(=O)N[C@@H](Cc2ccccc2)C(=O)N[C@@H](Cc2c[nH]c3ccccc23)C(=O)N[C@@H](C(C)C)C(=O)N1C,6.82,0.8337843746564789,train
CC(C)C[C@H]1C[C@@H](c2cc(=O)[nH]o2)CCN1,1.0,0.0,train
CC(C)C[C@H]1NC(=O)[C@@H](Cc2ccccc2)NC(=O)CN(C)C(=O)[C@H](C)N(C)C(=O)[C@H](Cc2ccc(O)cc2)NC(=O)[C@@H]2CCCN2C1=O,0.14,-0.8538719643217619,train
CC(C)C[C@H]1NC(=O)[C@@H](Cc2ccccc2)NC(=O)CNC(=O)[C@H](C)NC(=O)[C@H](Cc2ccc(O)cc2)NC(=O)[C@@H]2CCCN2C1=O,0.14,-0.8538719643217619,train
CC(C)C[C@H]1NC(=O)[C@H](CC(C)C)N(C)C(=O)[C@H](CC(C)C)N(C)C(=O)[C@H](Cc2ccc(O)cc2)NC(=O)[C@@H]2CCCN2C(=O)[C@H]2CCCN2C1=O,5.45,0.7363965022766424,train
CC(C)C[C@H]1NC(=O)[C@H](Cc2ccccc2)NC(=O)CN(C)C(=O)[C@@H](C)N(C)C(=O)[C@H](Cc2ccc(O)cc2)NC(=O)[C@@H]2CCCN2C1=O,0.63,-0.2006594505464183,train
CC(C)C[C@H]1NC(=O)[C@H](Cc2ccccc2)NC(=O)CNC(=O)[C@@H](C)NC(=O)[C@H](Cc2ccc(O)cc2)NC(=O)[C@@H]2CCCN2C1=O,0.58,-0.23657200643706275,train
CC(C)Cc1ccc(C(C)C(=O)O)cc1,47.2,1.6739419986340878,train
CC(C)Cc1ccc([C@@H](C)C(=O)OC[C@H](NC(=S)[C@H](C)N)C(=O)O)cc1,3.7,0.568201724066995,train
CC(C)Cc1nc2sc3c(NCCN4CCOCC4)ncnc3c2c2c1CCC(C)(C)C2,0.4,-0.3979400086720376,train
CC(C)Cn1c2ccc(Nc3ncccn3)cc2c2c3c(c4c(c21)CCc1nn(C)cc1-4)C(=O)NC3,4.0,0.6020599913279624,test
CC(C)Cn1cc(C#N)c2cc(Oc3ccc(NC(=O)[C@@H]4CCCN4)cc3)ccc21,13.41,1.127428777851599,test
CC(C)N1CCN(C(=O)c2ccc(CN3CCCCC3)cc2)CC1,12.4,1.0934216851622351,test
CC(C)N1CCN(C(=O)c2ccc(CN3CCOCC3)cc2)CC1.O=C(O)/C=C\C(=O)O,22.4,1.3502480183341627,test
CC(C)N1[C@@H]2CC[C@H]1CN(C(=O)c1ccnc(Nc3nc4cnc(-c5ccc(F)c(C(F)(F)F)c5)cc4[nH]3)c1)C2,0.66,-0.1804560644581313,test
CC(C)NCC(O)COc1ccc(CC(N)=O)cc1,0.4,-0.3979400086720376,train
CC(C)NCC(O)COc1cccc2ccccc12,23.695,1.37465671303542,train
CC(C)NCC(O)c1ccc(NS(C)(=O)=O)cc1,0.8,-0.09691001300805639,train
CC(C)NC[C@@H]1C[C@@]1(C(=O)N(C)Cc1ccc(F)cc1)c1ccc(Cl)c(Cl)c1,11.0,1.0413926851582251,train
CC(C)N[C@@H]1CCC=C(c2ccc(F)cc2)[C@H]1COc1cc(F)c(S(=O)(=O)Nc2cscn2)cc1Cl.Cl,1.1,0.04139268515822508,train
CC(C)Nc1cc(NC(=O)c2c(F)cccc2F)cc(C(F)(F)F)c1,6.9,0.8388490907372553,train
CC(C)Nc1nc2oc3c(NCCCN4CCCC4=O)ncnc3c2c2c1CCC(C)(C)C2,24.0,1.380211241711606,test
CC(C)OC(=O)c1cn(C2CC2)c2cc(N3CCNCC3)c(F)cc2c1=O,4.625,0.6651117370750514,train
CC(C)Oc1c(NC(=O)c2csc3c(=O)[nH]cnc23)cccc1C(=O)N1CCN(C)CC1,1.0,0.0,test
CC(C)Oc1ccc(C(=O)NC2(C(=O)N[C@H](Cc3ccccc3)C(=O)NCC3CCN(CC4CCOCC4)CC3)CCCC2)cc1,0.8,-0.09691001300805639,train
CC(C)Oc1cccc(-c2ccnc(N3CCC(C(N)=O)CC3)n2)c1,28.700000000000003,1.4578818967339924,train
CC(C)Oc1cccc(-c2cnc(N3CCC(C(N)=O)CC3)s2)c1,3.1999999999999997,0.5051499783199059,train
CC(C)S[C@H](NC(=O)[C@@H](C[C@H](O)[C@@H]1COCc2cccc(c2)C(c2ccccc2)NC(=O)c2cc(cc(N(C)S(C)(=O)=O)c2)C(=O)N1)C(C)C)C(=O)NCc1ccccc1,0.4,-0.3979400086720376,test
CC(C)[C@@H](C(=O)N(C)[C@@H](Cc1ccc(O)c(C(C)(C)C)c1)C(N)=O)N(C)C(=O)[C@@H](N)Cc1ccccc1,2.31,0.36361197989214433,train
CC(C)[C@@H](C(=O)N[C@H](C)Cc1ccc(O)c(C(C)(C)C)c1)N(C)C(=O)[C@@H](N)Cc1ccccc1,12.1,1.08278537031645,train
CC(C)[C@@H](c1nc2ccccc2o1)n1cc(/C=C/C(=O)NO)nn1,6.61,0.8202014594856403,train
CC(C)[C@@H]1NC(=O)c2csc(n2)[C@H](C(C)C)NC(=O)[C@@H]2CCCN2C(=O)[C@H](C(C)C)NC(=O)[C@@H]2CCCN2C(=O)[C@H](Cc2ccccc2)NC1=O,2.2,0.3424226808222063,train
CC(C)[C@H](NC(=O)C(O)(CCC(=O)Nc1cc(C(=O)N[C@H](C)c2ccccc2)cc(N(C)S(C)(=O)=O)c1)CCc1ccccc1)C(=O)Nc1ccccc1,1.2,0.07918124604762482,test
CC(C)[C@H](NC(=O)C1CN(C)C1)c1cc(Cl)ccc1N1CCN(C(=O)[C@H](C)Cc2ccc(Cl)cc2)CC1,2.0,0.3010299956639812,train
CC(C)[C@H](NC(=O)CCN(C)C)c1cc(Cl)ccc1N1CCN(C(=O)[C@H](C)Cc2ccc(Cl)cc2)CC1,9.0,0.9542425094393249,train
CC(C)[C@H](NC(=O)CCN(C)C)c1cccc(F)c1N1CCN(C(=O)[C@H](C)Cc2ccc(Cl)cc2)CC1,10.0,1.0,train
CC(C)[C@H](NC(=O)[C@H](OCc1ccccc1)[C@H](O)[C@@H](O)[C@@H](OCc1ccccc1)C(=O)N[C@H]1c2ccccc2C[C@H]1O)C(=O)NCC(F)(F)F,2.9,0.4623979978989561,train
CC(C)[C@H](NC(=O)[C@H](OCc1ccccc1)[C@H](O)[C@@H](O)[C@@H](OCc1ccccc1)C(=O)N[C@H]1c2ccccc2C[C@H]1O)C(=O)NCCF,1.6,0.2041199826559248,train
CC(C)[C@H]1CC[C@@H](N2CCC(N3CCc4ccccc43)CC2)CC1,30.0,1.4771212547196624,train
CC(C)[C@H]1CC[C@@H](N2CCC(n3cc(CCN)c4ccccc43)CC2)CC1.Cl.Cl,4.36,0.6394864892685861,train
CC(C)[C@H]1CC[C@@H](N2CCC(n3cc(CN)c4ccccc43)CC2)CC1,4.64,0.6665179805548809,train
CC(C)[C@H]1CC[C@@H](N2CCC(n3ccc4ccccc43)CC2)CC1,24.0,1.380211241711606,train
CC(C)c1c[nH]c2ncnc(N[C@H]3CC[C@H](N(C)C)CC3)c12,10.0,1.0,train
CC(C)c1ccc2nc3c(nc2c1)C(=O)c1ccncc1C3=O,10.5,1.021189299069938,train
CC(C)c1cccc(C(C)C)c1OC(=O)C[C@H](NC(=S)[C@H](C)N)C(=O)O,0.5,-0.3010299956639812,train
CC(C)c1cccc(C2CCN(CCc3cnn(-c4nccc5c(=O)[nH]cnc45)c3)CC2)c1,10.77,1.0322157032979815,train
CC(C)c1cccc(Nc2nc3cc(Oc4ccnc(C(=O)NCCN5CCOCC5)c4)ccc3o2)c1,10.0,1.0,train
CC(C)c1cccc(Nc2nc3cc(Oc4ccnc(C(N)=O)c4)ccc3o2)c1,10.0,1.0,train
CC(C)c1ccn2ncnc(N[C@H]3CC[C@H](N(C)C)CC3)c12,26.0,1.414973347970818,train
CC(C)c1ccn2ncnc(N[C@H]3CC[C@H](N4CCOCC4)CC3)c12,45.0,1.6532125137753437,train
CC(C)c1nc(CN(C)C(=O)N[C@H](C(=O)N[C@@H](Cc2ccccc2)C[C@H](O)[C@H](Cc2ccccc2)NC(=O)OCc2cncs2)C(C)C)cs1,5.8,0.7634279935629372,test
CC(C)c1nc(N(C)S(C)(=O)=O)nc(-c2ccc(F)cc2)c1/C=C/[C@@H](O)C[C@@H](O)CC(=O)O,0.7,-0.1549019599857432,train
CC(C)c1nc(N(C)S(C)(=O)=O)nc(-c2ccc(F)cc2)c1/C=C/[C@@H](O)C[C@@H](O)CC(=O)[O-].CC(C)c1nc(N(C)S(C)(=O)=O)nc(-c2ccc(F)cc2)c1/C=C/[C@@H](O)C[C@@H](O)CC(=O)[O-].[Ca+2],0.25,-0.6020599913279624,train
CC(C)c1nc(N2CCN(c3ncc(OCc4ccncc4C#N)cn3)[C@H](C)C2)no1,85.0,1.9294189257142926,train
CC(C)c1nnc2ccc(-c3[nH]cnc3-c3cc(F)ccc3F)cn12,1.0,0.0,train
CC(C)c1nnc2ccc(-c3c[nH]nc3-c3cc(F)ccc3F)cn12,6.0,0.7781512503836436,train
CC(C)c1nnc2ccc(-c3cnoc3-c3cc(F)ccc3F)cn12,41.0,1.6127838567197355,train
CC(C)c1nnc2ccc(-c3ocnc3-c3cc(F)ccc3F)cn12,43.0,1.6334684555795864,train
CC(C)c1nnc2n1C[C@H](C)N(C(=O)c1cccc(C(F)(F)c3n[nH]c(=O)c4ccccc34)c1)C2,3.0,0.47712125471966244,train
CC(C)n1c(/C=C/C(O)CC(O)CC(=O)O)c(-c2ccc(F)cc2)c2ccccc21,3.1,0.4913616938342727,train
CC(C)n1cc(Nc2nc(N)cc(-c3cccc(-n4ccc5cc(C6CC6)cc(F)c5c4=O)c3CO)n2)cn1,3.7,0.568201724066995,train
CC(C)n1ccc2ncnc(N[C@H]3CC[C@H](N(C)C)CC3)c21,4.2,0.6232492903979004,train
CC(C)n1nc(C#Cc2cccc(NC(=O)c3cccc(C(F)(F)F)c3)c2)c2c(N)ncnc21,0.55,-0.2596373105057561,test
CC(C)n1nc(C#Cc2cccc3cc(-c4cccc(C(F)(F)F)c4)ncc23)c2c(N)ncnc21,0.5,-0.3010299956639812,test
CC(CC(=O)O)c1cccc(-n2c(C(N)=O)cc3ccc(OC(F)(F)F)cc32)n1,5.8,0.7634279935629372,train
CC(CCc1ccccc1)NCC(O)c1ccc(O)c(C(N)=O)c1,6.5,0.8129133566428556,train
CC(Cc1ccc(O)cc1)NCC(O)c1cc(O)cc(O)c1,0.27,-0.5686362358410126,train
CC(NC(=O)c1ccc(C(F)(F)F)cc1Cl)C1(N2CCN(S(=O)(=O)c3cn(C)nn3)CC2)CCC(F)(F)CC1.Cl,23.9,1.3783979009481377,test
CC(Nc1ccc(F)c(F)c1)c1cc(C(=O)N(C)C)cn2c(=O)cc(N3CCOCC3)nc12,44.0,1.6434526764861874,train
CC(Nc1ccc(F)cc1)c1cc(C(=O)N(C)C)cn2c(=O)cc(N3CCOCC3)nc12,34.0,1.5314789170422551,train
CC(Nc1ccc(F)cc1)c1cc(C(=O)NCCN(C)C)cn2c(=O)cc(N3CCOCC3)nc12,0.2,-0.6989700043360187,train
CC(Nc1cccc(Cl)c1F)c1cc(C(=O)NCCN(C)C)cn2c(=O)cc(N3CCOCC3)nc12,0.9,-0.045757490560675115,train
CC(Nc1cccc(F)c1)c1cc(C(=O)N(C)C)cn2c(=O)cc(N3CCOCC3)nc12,39.0,1.591064607026499,train
CC(Nc1cccc(F)c1)c1cc(C(=O)NCCN(C)C)cn2c(=O)cc(N3CCOCC3)nc12,0.3,-0.5228787452803376,train
CC(Nc1ccccc1)c1cc(C(=O)N(C)C)cn2c(=O)cc(N3CCOCC3)nc12,0.04,-1.3979400086720375,train
CC(Nc1ccccc1)c1cc(C(=O)N(C)CC(=O)O)cn2c(=O)cc(N3CCOCC3)nc12,26.9,1.429752280002408,train
CC(Nc1ccccc1)c1cc(C(=O)N(C)CCO)cn2c(=O)cc(N3CCOCC3)nc12,35.4,1.5490032620257879,train
CC(Nc1ccccc1)c1cc(C(=O)N2CCOCC2)cn2c(=O)cc(N3CCOCC3)nc12,4.3,0.6334684555795865,test
CC(Nc1ccccc1)c1cc(C(=O)NCCN(C)C)cn2c(=O)cc(N3CCOCC3)nc12,0.6,-0.2218487496163564,train
CC(Nc1ccccc1)c1cc(C(=O)NCCN2CCNCC2)cn2c(=O)cc(N3CCOCC3)nc12,0.99,-0.004364805402450088,test
CC(Nc1ccccc1)c1cc(C(=O)O)cn2c(=O)cc(N3CCOCC3)nc12,65.0,1.8129133566428555,train
CC(Nc1ccccc1F)c1cc(C(=O)NCCN(C)C)cn2c(=O)cc(N3CCOCC3)nc12,0.8,-0.09691001300805639,train
CC(O)(COc1ccc(C#N)cc1C(F)(F)F)C(=O)Nc1ccc([N+](=O)[O-])c(C(F)(F)F)c1,4.35,0.6384892569546373,train
CC(O)(COc1ccc(C(F)(F)F)cc1)C(=O)Nc1ccc(C#N)c(C(F)(F)F)c1,5.09,0.7067177823367587,train
CC(O)(CS(=O)(=O)c1ccccc1C(F)(F)F)C(=O)Nc1ccc([N+](=O)[O-])c(C(F)(F)F)c1,13.3,1.1238516409670858,train
CC(O)(CSc1cccc(C(F)(F)F)c1)C(=O)Nc1ccc(C#N)c(C(F)(F)F)c1,3.92,0.5932860670204573,train
CC(O)(CSc1cccc(C(F)(F)F)c1)C(=O)Nc1ccc([N+](=O)[O-])c(C(F)(F)F)c1,5.0,0.6989700043360189,train
CC(O)(CSc1ccccc1C(F)(F)F)C(=O)Nc1ccc(C#N)c(C(F)(F)F)c1,3.08,0.4885507165004443,train
CC(O)(CSc1ccccc1C(F)(F)F)C(=O)Nc1ccc([N+](=O)[O-])c(C(F)(F)F)c1,3.44,0.5365584425715301,train
CC(O)c1ccc(N(C)S(=O)(=O)c2cccc(C(=O)Nc3ccc(C#N)cc3)c2)cc1,32.9,1.5171958979499742,train
CC(OC(=O)N1C[C@@H]2[C@@H](CNC(=O)c3ccc4[nH]c(=O)oc4c3)[C@@H]2C1)c1cc(Cl)cc(Cl)c1,118.0,2.0718820073061255,train
CC(Oc1ccccc1)c1cc(C(=O)N(C)CCO)cn2c(=O)cc(N3CCOCC3)nc12,0.05,-1.3010299956639813,train
CC(c1cc2cccnc2cc1F)n1cnc2ncc(-c3ccc(C(N)=O)c(F)c3)nc21,82.30000000000001,1.9153998352122699,train
CC(c1cc2cccnc2cc1F)n1cnc2ncc(-c3cnn(C)c3)nc21,39.300000000000004,1.5943925503754268,train
CC1(C(=O)O)CCN(c2cc(N3CCC[C@@H](C(=O)NCCc4ccc(C#N)cc4)C3)nc(C(F)(F)F)n2)CC1,1.02,0.00860017176191757,train
CC1(C)C(N)=Nc2cc(OCCCN3Cc4ccc(OCCc5cn(CC(=O)N6CCC(CCN7CCCC7)CC6)nn5)cc4C3)c(OCC3CC3)cc21,6.33,0.8014037100173551,train
CC1(C)CC(=O)c2c(C(F)(F)F)nn(-c3ccc(C(N)=O)c(N[C@H]4CC[C@H](O)CC4)c3)c2C1,1.1,0.04139268515822508,test
CC1(C)CC(c2ccc(OC3CCN(C4CCC4)CC3)cc2)=NNC1=O,27.0,1.4313637641589874,test
CC1(C)N=C(N)N=C(N)N1OCCCOc1cc(Cl)c(Cl)cc1Cl,0.12,-0.9208187539523752,test
CC1(C)NC(=O)Cn2c1nc(-c1ccc(F)cc1)c2Nc1ccc(F)c(Cl)c1,3.22,0.5078558716958309,train
CC1(C)NC(=O)c2c(Cl)cc(Nc3cc(N)ncn3)c(=O)n21,0.9,-0.045757490560675115,test
CC1(C)SC(C(=O)O)C(C(=O)N[C@@H](CC(N)=O)C(=O)O)S1,16.65,1.2214142378423387,train
CC1(C)SC(C(=O)O)C(C(=O)O)S1,13.68,1.1360860973840974,train
CC1(C)SCCN(S(=O)(=O)c2ccc(OCC#CCO)cc2)[C@H]1C(=O)NO,2.2,0.3424226808222063,train
CC1(C)c2nc(-c3ccc(F)cc3)c(Nc3ccc(F)c(F)c3)n2CCN1C(=O)CN,0.61,-0.21467016498923297,train
CC1(C)c2nc(-c3ccc(F)cc3)c(Nc3ccc(F)cc3)n2CCN1C(=O)CN,1.26,0.10037054511756291,train
CC1(N)CCN(c2cnc(-c3cccc(Cl)c3Cl)c(N)n2)CC1,13.2,1.1205739312058498,train
CC1(c2cc(O)no2)CCNCC1,0.4,-0.3979400086720376,train
CC1(c2cccc(-c3cccc(Cl)c3)c2)N=C(N)CCO1,2.1,0.3222192947339193,train
CC1(c2cccc(-c3cccnc3)c2)N=C(N)C(c2ccccc2)=N1,46.0,1.662757831681574,test
CC1(c2cccc(-c3cccnc3)c2)N=C(N)c2c(F)cccc2O1,23.0,1.3617278360175928,train
CC1(c2cccc(-c3cccnc3)c2)N=C(N)c2ccccc2O1,17.0,1.2304489213782739,train
CC1(c2cccc(-c3cncnc3)c2)N=C(N)CCS1,21.0,1.3222192947339193,test
CC1(c2cccc(-c3cncnc3)c2)N=C(N)c2c(F)cccc2O1,39.0,1.591064607026499,train
CC1(c2cccc(-c3cncnc3)c2)N=C(N)c2ccccc2O1,31.0,1.4913616938342726,train
CC1(c2cccc(-c3cncnc3)c2)N=C(N)c2ccccc2S1,39.0,1.591064607026499,test
CC1(c2cccc(Cl)c2)CCN(CCc2cnn(-c3nccc4c(=O)[nH]cnc34)c2)CC1,13.33,1.1248301494138593,train
CC1=C(CC(=O)NCc2cc(Cl)ccc2CN)C(=O)N(NCc2cccc(C(=O)O)c2)CC1,0.1,-1.0,train
CC1=C(CC(=O)O)c2cc(F)ccc2/C1=C\c1ccc([S+](C)[O-])cc1,2.7,0.43136376415898736,test
CC1=C(c2cccnc2)CCc2ccccc21,3.4,0.5314789170422551,train
CC1=C2CC(=O)NCc3cc(Cl)ccc3CNC(=O)OC(C)OC(=O)c3cccc(c3)CNN(CC1)C2=O,45.0,1.6532125137753437,train
CC1=C2CC(=O)NCc3cc(Cl)ccc3CNC(=O)OCOC(=O)c3cccc(c3)CNN(CC1)C2=O,48.0,1.6812412373755872,train
CC1=NC(C)(c2cccc(-c3cccnc3)c2)N=C1N,30.0,1.4771212547196624,train
CC1=NC(c2ccc(F)cc2)(c2cccc(-c3cccnc3)c2)N=C1N,41.0,1.6127838567197355,train
CC1=NC(c2cccc(-c3cccnc3)c2)(C2CCCCC2)N=C1N,41.0,1.6127838567197355,test
CC1=NC(c2cccc(-c3cncc(Cl)c3)c2)(C2CC2)N=C1N,57.0,1.7558748556724915,train
CC1=N[C@@](Cc2ccccc2)(c2cccc(-c3cncnc3)c2)N=C1N,31.0,1.4913616938342726,test
CC1=Nc2c(F)cc(-c3nc(Nc4ccc(C5CCN(C)CC5)cn4)ncc3F)cc2C12CCCC2,0.77,-0.11350927482751812,test
CC1CC(c2cccnc2)=Cc2ccccc21,16.3,1.212187604403958,train
CC1CCN([C@H](c2ccc(F)cc2)c2ccc([C@@H](C)C(=O)O)cc2-c2ccc(C(F)(F)F)cc2)CC1,43.8,1.6414741105040995,train
CC1Cc2cc(C(=O)CSc3ccc4c(c3)OCCO4)ccc2N1S(C)(=O)=O,2.6100000000000003,0.416640507338281,test
CC1Cc2cc(S(=O)(=O)c3ccc4c(c3)OCCO4)ccc2N1S(C)(=O)=O,16.25,1.2108533653148932,train
CC1Cc2ccccc2C=C1c1cccnc1,14.7,1.167317334748176,train
CCC#CC[C@H](C)[C@H](O)/C=C/[C@H]1CC(F)(F)C(=O)N1CCCCCCC(=O)O,9.93,0.9969492484953811,train
CCC#CC[C@H](C)[C@H](O)/C=C/[C@H]1CCC(=O)N1CCCCCCC(=O)O,6.38,0.8048206787211624,train
CCC(=O)N(Cc1ccc(C(F)(F)F)cc1)c1cc(F)cc(-c2nnn[nH]2)c1,3.0,0.47712125471966244,train
CCC(=O)N1CCC(CC(=O)NO)(NC(=O)c2ccc(OCc3cc(C)nc4ccccc34)cc2)CC1,0.1,-1.0,train
CCC(=O)N1CCc2c(nc(C)n2[C@H]2C[C@H]3CC[C@@H](C2)N3CC[C@H](NC(C)=O)c2cccc(F)c2)C1,2.0,0.3010299956639812,train
CCC(=O)N1CCc2nc(C)n([C@H]3C[C@H]4CC[C@@H](C3)N4CC[C@H](NC(C)=O)c3ccccc3)c2C1,1.0,0.0,train
CCC(CC)C(=O)O[C@H]1[C@@H](F)[C@H](n2cnc3c(N)ncnc32)O[C@@H]1CNS(=O)(=O)NC(=O)c1ccccc1O.CCN(CC)CC,0.5,-0.3010299956639812,train
CCC(CC)[C@@H](CO)NS(=O)(=O)c1ccc(Cl)s1,50.0,1.6989700043360187,train
CCC(NC(=O)c1cc(F)cnc1Oc1ccc(F)cc1)c1ccc(C(=O)O)cc1,20.1,1.3031960574204888,train
CCC1(C)C(=O)Nc2ccc(S(=O)(=O)Nc3ccc(F)cc3F)cc2C(=O)N1C,8.1,0.9084850188786497,train
CCC1(C)NC(=O)c2cc(S(=O)(=O)N(C)c3ccccc3)ccc2NC1=O,36.0,1.5563025007672873,train
CCC1(C)NC(=O)c2cc(S(=O)(=O)Nc3ccc(Cl)cc3)ccc2N(C)C1=O,20.0,1.3010299956639813,train
CCC1(C)NC(=O)c2cc(S(=O)(=O)Nc3ccc(Cl)cc3)ccc2NC1=O,5.5,0.7403626894942439,train
CCC1(C)NC(=O)c2cc(S(=O)(=O)Nc3ccc(OC)cc3)ccc2NC1=O,1.5,0.17609125905568124,train
CCC1(C)NC(=O)c2cc(S(=O)(=O)Nc3ccccc3)ccc2NC1=O,2.4,0.38021124171160603,train
CCC1(C)NC(=O)c2cc(S(=O)(=O)Nc3ccccc3Cl)ccc2NC1=O,6.4,0.8061799739838872,train
CCC1(CC)CNc2ccc(S(=O)(=O)Nc3ccc(F)cc3F)cc2C(=O)N1,16.0,1.2041199826559248,test
CCC1=C(c2cccnc2)CCc2ccccc21,21.6,1.334453751150931,train
CCC1=C[C@@H]2CN(C1)Cc1c([nH]c3ccccc13)[C@@](C(=O)OC)(c1cc3c(cc1OC)N(C)[C@H]1[C@@](O)(C(=O)OC)[C@H](OC(C)=O)[C@]4(CC)C=CCN5CC[C@]31[C@@H]54)C2,2.2,0.3424226808222063,test
CCCC(=O)N1CCC(NS(=O)(=O)c2ccc(NC(=O)c3ccccc3C)c3ccccc23)CC1,25.0,1.3979400086720377,train
CCCC(=O)N1CCc2c(nc(C)n2[C@H]2C[C@H]3CC[C@@H](C2)N3CC[C@H](NC(C)=O)c2cccc(F)c2)C1,1.0,0.0,train
CCCC(=O)Nc1ccc(OCC(O)CNC(C)C)c(C(C)=O)c1,2.05,0.31175386105575426,train
CCCC(=O)O[C@H]1[C@@H](F)[C@H](n2cnc3c(N)ncnc32)O[C@@H]1CNS(=O)(=O)NC(=O)c1ccccc1O.CCN(CC)CC,0.5,-0.3010299956639812,train
CCCC(=O)c1cc(C#N)c(N2CCC(C(=O)NS(=O)(=O)C(C)c3ccccc3)CC2)nc1C,1.0,0.0,train
CCCC(=O)c1cc(C#N)c(N2CCC(C(=O)NS(=O)(=O)C3(c4ccccc4)CC3)CC2)nc1C,5.2,0.7160033436347992,train
CCCC(=O)c1cc(C#N)c(N2CCC(C(=O)NS(=O)(=O)C3(c4ccccc4)CC3)CC2)nc1SC,2.0,0.3010299956639812,train
CCCC(=O)c1cc(C#N)c(N2CCC(C(=O)NS(=O)(=O)Cc3ccc(C)c(F)c3)CC2)nc1C,0.7,-0.1549019599857432,train
CCCC(=O)c1cc(C#N)c(N2CCC(C(=O)NS(=O)(=O)Cc3ccc(C)cc3)CC2)nc1C,1.4,0.146128035678238,train
CCCC(=O)c1cc(C#N)c(N2CCC(C(=O)NS(=O)(=O)Cc3ccc(Cl)cc3)CC2)nc1C,0.4,-0.3979400086720376,train
CCCC(=O)c1cc(C#N)c(N2CCC(C(=O)NS(=O)(=O)Cc3ccc(F)cc3F)CC2)nc1C,0.3,-0.5228787452803376,train
CCCC(=O)c1cc(C#N)c(N2CCC(C(=O)NS(=O)(=O)Cc3ccccc3)CC2)nc1C,0.31,-0.5086383061657274,train
CCCC(=O)c1cc(C#N)c(N2CCC(C(=O)NS(=O)(=O)Cc3ccccc3)CC2)nc1C(F)F,0.1,-1.0,train
CCCC(=O)c1cc(C#N)c(N2CCC(C(=O)NS(=O)(=O)Cc3ccccc3)CC2)nc1CCC,1.2,0.07918124604762482,train
CCCC(=O)c1cc(C#N)c(N2CCC(C(=O)NS(=O)(=O)Cc3ccccc3)CC2)nc1CF,0.1,-1.0,train
CCCC(=O)c1cc(C#N)c(N2CCC(C(=O)NS(=O)(=O)Cc3ccccc3)CC2)nc1SC,0.3,-0.5228787452803376,train
CCCC(=O)c1cc(C#N)c(N2CCC(C(=O)NS(=O)(=O)Cc3ccccc3Cl)CC2)nc1C,0.4,-0.3979400086720376,train
CCCC(=O)c1cnc(N2CCN(C(=O)NS(=O)(=O)c3ccc(Cl)s3)CC2)c(Cl)c1,0.16,-0.7958800173440752,train
CCCCC(=O)N(Cc1ccc(-c2ccccc2-c2nnn[nH]2)cc1)[C@H](C(=O)O)C(C)C,0.5,-0.3010299956639812,train
CCCCC(COC(=O)C(C)(C)C)NP(=O)(OC[C@H]1O[C@@H](n2ccc(N)nc2=O)[C@](C)(O)[C@@H]1O)Oc1ccccc1,1.4,0.146128035678238,train
CCCCC1=C(P(=O)(O)O)N[C@H](C(=O)O)CS1,1.1,0.04139268515822508,train
CCCCC1=C(P(=O)(O)O)N[C@H](C(=O)OCC)CS1,0.01,-2.0,train
CCCCCC(C)(O)C/C=C/[C@H]1CCC(=O)[C@@H]1CCSc1nc(C(=O)O)cs1,4.1,0.6127838567197355,test
CCCCCC(C)(O)C/C=C/[C@H]1COC(=O)N1CCSc1nc(C(=O)O)cs1,1.0,0.0,test
CCCCCCC(C)(C)c1ccc([C@@H]2C[C@H](O)CC[C@H]2CCCO)c(O)c1,5.7,0.7558748556724915,train
CCCCCCC1=C(P(=O)(O)O)N[C@H](C(=O)O)CS1,0.01,-2.0,train
CCCCCCC1=C(P(=O)(O)O)N[C@H](C(=O)OCC)CS1,0.01,-2.0,train
CCCCCCCC(=O)O[C@H]1[C@@H](F)[C@H](n2cnc3c(N)ncnc32)O[C@@H]1CNS(=O)(=O)NC(=O)c1ccccc1O.CCN(CC)CC,3.9,0.5910646070264992,train
CCCCCCCCC(N)C(=O)N[C@@H](Cc1ccc(O)cc1)C(=O)N1CCC[C@H]1C(=O)N[C@@H](Cc1c[nH]c2ccccc12)C(=O)N[C@@H](Cc1ccccc1)C(=O)NCC(=O)N[C@@H](CC(C)C)C(=O)N[C@@H](CCSC)C(N)=O,8.08,0.9074113607745862,train
CCCCCCCCC(N)C(=O)N[C@@H](Cc1ccc(O)cc1)C(=O)N1CCC[C@H]1C(=O)N[C@@H](Cc1c[nH]c2ccccc12)C(=O)N[C@@H](Cc1ccccc1)C(=O)N[C@@H](Cc1ccccc1)C(=O)NCC(=O)N[C@@H](CC(C)C)C(=O)N[C@@H](CCSC)C(N)=O,10.2,1.0086001717619175,train
CCCCCCCCCC[C@H](N)C(=O)N[C@@H](Cc1ccc(O)cc1)C(=O)NCC(=O)NCC(=O)N[C@@H](Cc1ccccc1)C(=O)N[C@@H](CC(C)C)C(N)=O,2.43,0.38560627359831223,train
CCCCCCCO[C@H]1O[C@H](CO)[C@@H](O)[C@H](O)[C@@H]1O,7.0,0.8450980400142568,test
CCCCCCNC(=O)C1C(=O)N(O)C(=O)c2ccccc21,24.6,1.390935107103379,test
CCCCCCNC(=O)c1ccc(N2CCN(C(=O)c3ccccc3C(F)(F)F)CC2)nn1,20.0,1.3010299956639813,train
CCCCCCOC(=O)/N=C(\N)c1ccc(NCc2nc3cc(C(=O)N(CCC(=O)OCC)c4ccccn4)ccc3n2C)cc1,29.0,1.462397997898956,test
CCCCCCOC(=O)c1cn(C2CC2)c2cc(N3CCNCC3)c(F)cc2c1=O,14.670000000000002,1.1664301138432827,train
CCCCCC[C@H](N)C(=O)N[C@@H](Cc1ccc(O)cc1)C(=O)NCC(=O)NCC(=O)N[C@@H](Cc1ccccc1)C(=O)N[C@@H](CC(C)C)C(N)=O,2.51,0.3996737214810381,train
CCCCCC[C@H](NC(C)=O)C(=O)N[C@@H](Cc1ccc(O)cc1)C(=O)NCC(=O)NCC(=O)N[C@@H](Cc1ccccc1)C(=O)N[C@@H](CC(C)C)C(N)=O,1.06,0.02530586526477026,train
CCCCCC[C@H]([C@H](C)O)n1cnc2c(N)ncnc21,26.0,1.414973347970818,train
CCCCCCc1nc2cc(/C=C/C(=O)NO)ccc2n1CCN(C)C.Cl.Cl,9.59,0.9818186071706636,train
CCCCCCc1nc2cc(/C=C/C(=O)NO)ccc2n1CCNCC.Cl.Cl,0.97,-0.01322826573375516,train
CCCCCNC(=O)c1ccc(N2CCN(C(=O)c3ccccc3C(F)(F)F)CC2)nn1,22.0,1.3424226808222062,train
CCCCCc1c(Cl)nc(NC(=O)NC(C)(C)C)c(=O)n1CC(=O)Nc1ccccc1C(=O)NS(=O)(=O)c1ccc(C(F)(F)F)cc1,0.04,-1.3979400086720375,train
CCCCCc1cc(O)c(C(=O)NCC(=O)O)c2ncnn12.Cl,20.0,1.3010299956639813,train
CCCCCc1cn2ncnc2c(C(=O)NCC(=O)O)c1O.Cl,15.0,1.1760912590556813,train
CCCCCn1cc(C(=O)c2cccc3ccccc23)c2ccncc21,13.0,1.1139433523068367,test
CCCCCn1cc(C(=O)c2cccc3ccccc23)c2cnccc21,10.0,1.0,test
CCCCN1C(=O)C(CC(C)C)NC(=O)C12CCN(Cc1ccc(Oc3ccccc3)cc1)CC2.Cl,1.51,0.17897694729316943,test
CCCCN1C(=O)C(CC2CCCCC2)NC(=O)C12CCN(Cc1ccc(Oc3ccccc3)cc1)CC2.Cl,0.15,-0.8239087409443188,train
CCCCN1C(=O)[C@H](CC2CCCCC2)NC(=O)C12CCN(Cc1ccc(Oc3ccc(C(=O)NC)cc3)cc1)CC2.Cl,3.51,0.5453071164658241,train
CCCCN1C(=O)[C@H](CC2CCCCC2)NC(=O)C12CCN(Cc1ccc(Oc3ccc(C(=O)O)cc3)cc1)CC2.Cl,11.0,1.0413926851582251,train
CCCCN1C(=O)[C@H](CC2CCCCC2)NC(=O)C12CCN(Cc1ccc(Oc3ccc(O)cc3)cc1)CC2.Cl,0.33,-0.4814860601221125,train
CCCCOC(=O)C1=C[C@H](O)[C@@H](NC(C)=O)[C@H]([C@H](O)[C@H](O)Cn2cc(-c3ccc(-c4ccccc4)cc3)nn2)O1,1.26,0.10037054511756291,test
CCCCOC(=O)N1CCN(C(=O)[C@H](CCC(=O)O)NC(=O)c2cc(OCCOC)cc(-c3ccccc3)n2)CC1,1.1,0.04139268515822508,test
CCCCOC(=O)c1ccccc1-c1ccc(CN2CCC(COC(=O)c3c4n(c5ccccc35)CCCO4)CC2)cc1.CS(=O)(=O)O,13.9,1.1430148002540952,train
CCCCOC(=O)c1cn(C2CC2)c2cc(N3CCNCC3)c(F)cc2c1=O,13.254999999999999,1.1223797320691122,train
CCCCOC(=O)c1cnc(N2CCN(C(=O)NS(=O)(=O)c3ccc(Cl)s3)CC2)c(Cl)c1,0.5,-0.3010299956639812,train
CCCCOc1cccc(C(=O)NC2(C(=O)N[C@H](Cc3ccccc3)C(=O)NCC3CCN(CC4CCOCC4)CC3)CCCC2)c1,4.4,0.6434526764861874,train
CCCCOc1ncc(C(C)=O)cc1-c1nc(O)c2nn(C3CCN(CC)CC3)c(CC)c2n1,53.0,1.724275869600789,train
CCCCOc1ncc(C(C)=O)cc1-c1nc(O)c2nn(C3CN(CC)C3)c(CC)c2n1,30.0,1.4771212547196624,train
CCCCOc1ncc(C(C)=O)cc1-c1nc(O)c2nn(CCN3CCOCC3)c(CC)c2n1,37.0,1.568201724066995,train
CCCCOc1ncc(C(C)=O)cc1-c1nc(O)c2nn(Cc3ccccn3)c(CCC)c2n1,42.0,1.6232492903979006,train
CCCCOc1ncc(C(C)=O)cc1-c1nc(O)c2nn(Cc3nccn3C)c(CC)c2n1,5.0,0.6989700043360189,train
CCCCOc1ncc(S(=O)(=O)N2CCN(CC)CC2)cc1-c1nc2c(CC)n(C3CN(C)C3)nc2c(=O)[nH]1,6.0,0.7781512503836436,train
CCCCOc1ncc(S(=O)(=O)N2CCN(CC)CC2)cc1-c1nc2c(CC)n(CCN(C)C)nc2c(=O)[nH]1,2.8,0.4471580313422192,train
CCCCc1cc(-c2c[nH]c3ncc(-c4cnn(C5CCNCC5)c4)cc23)nc(N)n1,0.3,-0.5228787452803376,train
CCCCc1cc(O)c(C(=O)NCC(=O)O)c2ncnn12.Cl,9.9,0.9956351945975499,train
CCCCc1ccc(-c2nc(C)c(-c3ccnc(N)n3)s2)cc1,14.9,1.173186268412274,train
CCCCc1ccc(-c2nc(C)c(-c3ccnc(NN)n3)s2)cc1,1.6,0.2041199826559248,train
CCCCc1ccc(-c2nc(C)c(/C(C)=N/NC(=N)N)s2)cc1,1.2,0.07918124604762482,train
CCCCc1ccc(C(=O)NC2(C(=O)N[C@H](Cc3ccccc3)C(=O)NCC3CCN(CC4CCOCC4)CC3)CCCC2)cc1,9.3,0.9684829485539351,train
CCCCc1ccc(C(=O)NC2(C(=O)N[C@H](Cc3ccccc3)C(=O)NCC3CCN(CC4CCOCC4)CC3)CCCC2)nc1,17.6,1.24551266781415,train
CCCCc1ccc(Nc2nc3cc(Oc4ccnc(C(=O)NC)c4)ccc3o2)cc1,10.0,1.0,train
CCCCc1ccc(Nc2nc3cc(Oc4ccnc(C(=O)NC)c4)ccc3s2)cc1,10.0,1.0,train
CCCCc1ccccc1NCc1ccc(C(=O)Nc2nc(CC(=O)O)cs2)s1,43.6,1.639486489268586,test
CCCCc1cn(C2=CC(=O)c3cccc(O)c3C2=O)nn1,71.8,1.8561244442423004,train
CCCCc1nc(Cl)c(CO)n1Cc1ccc(-c2ccccc2-c2nnn[nH]2)cc1,1.15,0.06069784035361165,train
CCCCc1nc2c(C)cc(C)nc2n1Cc1ccc(-c2c(C(=O)O)n(C)c(=O)c3ccccc23)cc1,0.01,-2.0,train
CCCCc1nc2cc(/C=C/C(=O)NO)ccc2n1CCN(CC)CC.Cl.Cl,7.04,0.8475726591421122,train
CCCCn1c(-c2c(C)ccc3[nH]ncc23)cn2c3c(=O)[nH]c(=O)n(C)c3nc12,8.02,0.9041743682841635,train
CCCCn1c(-c2cc(-c3cccc4[nH]ncc34)ccc2C)cn2c3c(=O)[nH]c(=O)n(C)c3nc12,8.02,0.9041743682841635,train
CCCCn1c(-c2ccccc2)cn2c3c(=O)[nH]c(=O)n(C)c3nc12,42.5,1.6283889300503116,train
CCCCn1c(-c2ccccc2C)cn2c3c(=O)[nH]c(=O)n(C)c3nc12,42.7,1.6304278750250238,train
CCCCn1ccc(N2CCC(c3ccccc3)CC2)c(Cl)c1=O,12.0,1.0791812460476249,train
CCCCn1nc(-c2nc3ccccc3s2)nc2c(=O)n(C)c(=O)nc1-2,34.8,1.541579243946581,train
CCCN(C)c1nn(CCC(C)C)c(=O)c(C2=NS(=O)(=O)c3cc(NS(C)(=O)=O)ccc3N2)c1O,0.12,-0.9208187539523752,train
CCCN(CC1CC1)c1cc(C(=O)Nc2ccc3[nH]ncc3c2)ncn1,8.5,0.9294189257142927,test
CCCN(CCC)c1cc(C(=O)Nc2ccc(O)cc2)ncn1,21.4,1.3304137733491908,test
CCCN(CCO)C(=O)c1cc2ccccn2c1-c1ccccc1,60.0,1.7781512503836436,train
CCCN(c1cccnc1)P(=O)(c1ccccc1)c1ccccc1,30.0,1.4771212547196624,train
CCCN1CCC(CC(=O)NO)(NC(=O)c2ccc(OCc3cc(C)nc4ccccc34)cc2)CC1,0.1,-1.0,train
CCCNC[C@@H]1C[C@@]1(C(=O)N(C)Cc1ccc(F)cc1)c1ccc(Cl)c(Cl)c1,5.4,0.7323937598229685,train
CCCNP(=O)(CCl)OC[C@H]1O[C@@H](n2cc(C)c(=O)[nH]c2=O)C[C@@H]1N=[N+]=[N-],3.22,0.5078558716958309,train
CCCNc1cc(NC(=O)c2c(F)cccc2F)cc(C(F)(F)F)c1,2.7,0.43136376415898736,train
CCCNc1cc(NC(=O)c2ccccc2)cc(C(F)(F)F)c1,6.2,0.7923916894982539,train
CCCOC(=O)N1CCN(C(=O)c2ccc3c(Cl)c4c(nc3c2)CC(CN)CC4)CC1,4.43,0.6464037262230695,train
CCCOC(=O)N1CCN(C(=O)c2ccc3c(Cl)c4c(nc3c2)CCCC4)[C@@H](C)C1,10.35,1.0149403497929366,train
CCCOC(=O)c1cn(C2CC2)c2cc(N3CCNCC3)c(F)cc2c1=O,31.69,1.5009222391903005,train
CCCOc1cccc(C(=O)NNS(=O)(=O)c2ccccc2F)c1,77.3,1.888179493918325,train
CCCOc1ncc(C(C)=O)cc1-c1nc(O)c2nn(C3CN(C(C)C)C3)c(CC)c2n1,28.0,1.4471580313422192,train
CCCS(=O)(=O)N1CCC(CNC(=O)C2CC2)(C(=O)N2CCOCC2)CC1,22.0,1.3424226808222062,test
CCCS(=O)(=O)N1CCC(CNC(=O)CC)(C(=O)N2CCOCC2)CC1,22.0,1.3424226808222062,test
CCCS(=O)(=O)N1CCC(CNC(=O)c2c(F)ccc(Cl)c2F)(C(=O)N2CCOCC2)CC1,22.0,1.3424226808222062,train
CCCS(=O)(=O)N1CCC(CNC(=O)c2c(F)cccc2Cl)(C(=O)N2CCOCC2)CC1,22.0,1.3424226808222062,train
CCCS(=O)(=O)N1CCC(CNC(=O)c2c(F)cccc2F)(C(=O)N2CCOCC2)CC1,22.0,1.3424226808222062,train
CCCS(=O)(=O)N1CCC(CNC(=O)c2cc(F)c(Cl)cc2Cl)(C(=O)N2CCOCC2)CC1,22.0,1.3424226808222062,train
CCCS(=O)(=O)N1CCC(CNC(=O)c2ccc(C(F)(F)F)cc2F)(C(=O)N2CCOCC2)CC1,22.0,1.3424226808222062,train
CCCS(=O)(=O)N1CCC(CNC(=O)c2ccc(Cl)cc2Cl)(C(=O)N2CCOCC2)CC1,23.6,1.3729120029701065,train
CCCS(=O)(=O)N1CCC(CNC(=O)c2ccc(F)cc2C(F)(F)F)(C(=O)N2CCOCC2)CC1,22.0,1.3424226808222062,train
CCCS(=O)(=O)N1CCC(CNC(=O)c2ccc(F)cc2Cl)(C(=O)N2CCOCC2)CC1,22.0,1.3424226808222062,train
CCCS(=O)(=O)N1CCC(CNC(=O)c2ccccc2)(C(=O)N2CCOCC2)CC1,22.0,1.3424226808222062,train
CCCS(=O)(=O)N1CCC(CNC(=O)c2ccccc2Cl)(C(=O)N2CCOCC2)CC1,22.0,1.3424226808222062,train
CCCS(=O)(=O)N1CCC(CNC(=O)c2ccccc2OC(F)(F)F)(C(=O)N2CCOCC2)CC1,22.0,1.3424226808222062,train
CCCS(=O)(=O)c1ccc(C)c(C#Cc2cc(Cl)ccc2OCC(=O)O)c1,5.2,0.7160033436347992,train
CCCS(=O)(=O)c1ccc(F)c(C#Cc2cc(Cl)ccc2OCC(=O)O)c1,10.8,1.0334237554869496,train
CCCS(=O)(=O)c1cccc(C#Cc2cc(Cl)ccc2OCC(=O)O)c1,11.8,1.0718820073061255,train
CCCSc1ccc2nc(NC(=O)OC)[nH]c2c1,3.14,0.49692964807321494,train
CCCSc1ncccc1C(=O)NC1CCCCC1,27.0,1.4313637641589874,train
CCC[C@H](CC1(C(=O)NC2(CO)Cc3ccccc3C2)CCCC1)C(=O)O,6.0,0.7781512503836436,train
CCC[C@H](CC1(C(=O)Nc2nnc(C)s2)CCCC1)C(=O)O,1.0,0.0,train
CCC[C@H](CC1(C(=O)Nc2nnc(CC)s2)CCCC1)C(=O)O,9.0,0.9542425094393249,train
CCC[C@H](CO)Nc1nc(SCc2ccccc2)nc2nc(N)sc12,6.0,0.7781512503836436,train
CCC[C@H](Oc1cc(C)c(-n2cc(C(F)(F)F)cn2)c(C)c1)c1ccc(C(=O)NCCC(=O)O)cc1,19.25,1.2844307338445196,train
CCC[C@]1(C(=O)O)OCCc2c1[nH]c1c(C)ccc(C#N)c21,3.2,0.505149978319906,train
CCC[C@]1(CC(=O)O)OCCc2c1[nH]c1c(C)ccc(C#N)c21,24.0,1.380211241711606,train
CCCc1cc(O)c(C(=O)NCC(=O)O)c2ncnn12.Cl,2.1,0.3222192947339193,train
CCCc1nn(C)c2c(O)nc(-c3cc(C(=O)CN4CCOCC4)ccc3OCC)nc12,33.0,1.5185139398778875,test
CCCc1nn(C)c2c(O)nc(-c3cc(C(C)=O)ccc3OCC)nc12,43.0,1.6334684555795864,train
CCCn1c(=O)c2cccnc2n(CCC)c1=O,63.0,1.7993405494535817,train
CCN(C(=O)Cc1ccc(S(C)(=O)=O)cc1)C1CCN(CC[C@@H](c2cc(F)cc(F)c2)C2CCN(S(C)(=O)=O)CC2)CC1,5.3,0.724275869600789,train
CCN(C)c1nc2ccc(C(=O)N(CC(C)C)C[C@@H](O)[C@H](Cc3ccccc3)NC(=O)OCc3cncs3)cc2o1,10.5,1.021189299069938,train
CCN(CC(=O)NC1CC1)C(=O)c1ccc2c(c1)c1c(n2C)CC[C@@H](C2CCOCC2)C1,23.0,1.3617278360175928,train
CCN(CC)C(=O)COC(=O)c1ccc2c(c1)nc(C(F)(F)F)n2C,21.94,1.3412366232386923,train
CCN(CC)C(=O)COC(=O)c1ccc2nc(C(F)(F)F)n(C)c2c1,15.37,1.186673867499745,train
CCN(CC)CC.Nc1ncnc2c1ncn2[C@@H]1O[C@H](CNS(=O)(=O)NC(=O)c2ccccc2O)[C@@H](O)[C@H]1F,4.2,0.6232492903979004,train
CCN(CC)CC.Nc1ncnc2c1ncn2[C@@H]1O[C@H](CNS(=O)(=O)NC(=O)c2ccccc2O)[C@@H](O)[C@H]1O,1.23,0.08990511143939793,train
CCN(CC)CC.Nc1ncnc2c1ncn2[C@@H]1O[C@H](COS(=O)(=O)NC(=O)c2ccccc2O)[C@@H](O)[C@H]1O,1.23,0.08990511143939793,train
CCN(CC)CC.O=C(NS(=O)(=O)NC[C@H]1O[C@@H](n2cnc3c(NC4CC4)nc(-c4ccccc4)nc32)[C@H](O)[C@@H]1O)c1ccccc1O,0.52,-0.28399665636520083,test
CCN(CC)CCCC(C)Nc1ccnc2cc(Cl)ccc12,2.2,0.3424226808222063,train
CCN(CC)CCN1CCN(C(=O)COCCN(C)S(=O)(=O)c2c(C)cc(OC)cc2C)CC1,0.9,-0.045757490560675115,train
CCN(CC)Cc1c(O)c(OC)c(O)c2c1C(=O)O[C@@H]1[C@@H](O)[C@H](O)[C@@H](CO)O[C@@H]21,0.72,-0.14266750356873156,test
CCN(CC)c1nn(CCC(C)C)c(=O)c(C2=NS(=O)(=O)c3cc(NS(C)(=O)=O)ccc3N2)c1O,0.3,-0.5228787452803376,train
CCN(CCN(C)C)S(=O)(=O)c1ccc(-c2cnc(N)c(C(=O)Nc3cccnc3)n2)cc1,11.0,1.0413926851582251,train
CCN(CCO)C(=O)c1cc2ccccn2c1-c1cccc(OC)c1,54.0,1.7323937598229686,train
CCN(CCO)C(=O)c1cc2ccccn2c1-c1cccc(OC)n1,56.0,1.7481880270062005,train
CCN(CCO)C(=O)c1cc2cccnn2c1-c1cccc(C(F)(F)F)c1,42.0,1.6232492903979006,train
CCN(Cc1ccccc1C(F)(F)F)C(=O)C1CCN(S(=O)(=O)c2ccc3[nH]ncc3c2)CC1,25.0,1.3979400086720377,test
CCN1C(=O)CNc2ncc(-c3ccc(-c4nc[nH]n4)nc3C)nc21,30.4,1.4828735836087537,train
CCN1C(=O)c2cccc3c(NS(=O)(=O)c4cc(Br)ccc4OC)ccc1c23,12.7,1.1038037209559568,test
CCN1C(=O)c2cccc3c(S(=O)(=O)NC4CCCCC4)ccc1c23,21.2,1.3263358609287514,test
CCN1C(=O)c2ccccc2S1(=N)=O,92.0,1.9637878273455553,train
CCN1C(=O)c2ccccc2S1(=O)=O,125.0,2.0969100130080562,train
CCN1C(=O)c2ccccc2[S+]([O-])c2ccc(C(=O)NCc3ccc(OC)cc3)cc21,21.6,1.334453751150931,test
CCN1CC(C)(C)OC(=O)C1CC(=O)NCc1cccc(-c2ccccc2)c1,22.0,1.3424226808222062,test
CCN1CC(C)(C)OC(=O)C1CC(=O)Nc1ccc(C(C)C)cc1,65.0,1.8129133566428555,test
CCN1CCC(C(=O)NC2(C(=O)O)CCN(Cc3cccc(Oc4ccccc4Cl)c3)CC2)(c2ccccc2)CC1,25.0,1.3979400086720377,train
CCN1CCC(CC(=O)NO)(NC(=O)c2ccc(OCc3cc(C)nc4ccccc34)cc2)CC1,0.1,-1.0,train
CCN1CCC(N2CCN(C(=O)COCCN(C)S(=O)(=O)c3c(C)cc(OC)cc3C)CC2)CC1,1.7,0.2304489213782739,train
CCN1CCC(c2cnn(-c3nccc4c(=O)[nH]cnc34)c2)CC1,0.76,-0.11918640771920865,train
CCN1CCC[C@H]1CNC(=O)c1c(O)c(Cl)cc(Cl)c1OC,66.0,1.8195439355418688,test
CCN1CCN(CCCn2cnc3c(N4CCN(CC)CC4)ncnc32)CC1,6.425,0.8078731320033321,train
CCN1CCN(S(=O)(=O)c2cnc(OCCOC)c(-c3nc4c5n(nc4c(=O)[nH]3)CCCC5C)c2)CC1,24.0,1.380211241711606,train
CCN1CCN(c2ccc(Nc3nc4cc(Oc5ccnc(C(=O)NC)c5)ccc4o3)cc2)CC1,10.0,1.0,train
CCN1CCN(c2ccc3cc(-c4cn5cc(C)nc(C)c5n4)c(=O)oc3c2)C[C@@H]1C,1.2,0.07918124604762482,train
CCN=S1(=O)NC(=O)c2ccccc21,26.8,1.4281347940287887,train
CCNC(=O)CC1COc2cc(F)ccc2N1C(=O)c1ccc2c(c1)NC(=O)CO2,10.0,1.0,train
CCNC(=O)CC[C@@H](CO)N(C)C(=O)c1ccc2c(c1)c1c(n2C)CC[C@@H](C2CCOCC2)C1,0.21,-0.6777807052660807,train
CCNC(=O)N1CCC(NS(=O)(=O)c2ccc(NC(=O)c3ccccc3C)c3ccccc23)CC1,1.9,0.2787536009528289,train
CCNC(=O)Nc1cc(-n2cccn2)c(C(=O)Nc2cccnc2)cn1,1.23,0.08990511143939793,test
CCNC(=O)Nc1cc(N2CCC(N)C2)c(C(=O)Nc2cccnc2)cn1,4.02,0.60422605308447,test
CCNC(=O)Nc1cc(Nc2ccc(OC)cc2)c(C(=O)Nc2cccnc2)cn1,11.83,1.0729847446279304,test
CCNC(=O)Nc1cc(Nc2cccc(C)c2)c(C(=O)Nc2cccc(C)c2)cn1,2.67,0.42651126136457523,test
CCNC(=O)c1cc2c(N3CCCC3C(C)(C)OC)ccnc2[nH]1,170.0,2.230448921378274,train
CCNC(=O)c1cc2c(N3CCCC3c3ccccc3)ccnc2[nH]1,41.0,1.6127838567197355,train
CCNC(=O)c1cc2c(N3CCCC3c3ccccn3)ccnc2[nH]1,15.0,1.1760912590556813,train
CCNC(=O)c1cc2c(N3CCCC3c3cccnc3)ccnc2[nH]1,4.0,0.6020599913279624,train
CCNC(=O)c1cc2c(N3CCOCC3C3CC3)ccnc2[nH]1,24.0,1.380211241711606,train
CCNC(=O)c1cc2c(N3CCOCC3c3ccccc3)ccnc2[nH]1,63.0,1.7993405494535817,train
CCNC(=O)c1cc2c(N3CCOC[C@@H]3C)ccnc2[nH]1,148.0,2.1702617153949575,train
CCNC(=O)c1noc(-c2cc(C(C)C)c(O)cc2O)c1-c1ccc(CN2CCOCC2)cc1,1.9,0.2787536009528289,train
CCNC1=NS(=O)(=O)c2ccccc21,29.3,1.4668676203541096,train
CCNCC(=O)Nc1ccc(-c2nc(=O)n(CCOC)c3c2oc2ccc(-c4ccc5c(c4)CCN(C)C5)cc23)cc1,0.1,-1.0,train
CCN[C@@H]1CCC=C(c2ccc(F)cc2)[C@H]1COc1cc(F)c(S(=O)(=O)Nc2cscn2)cc1Cl.Cl,0.4,-0.3979400086720376,train
CCNc1cnc2nnn(Cc3ccc4ncccc4c3)c2n1,20.5,1.3117538610557542,train
CCOC(=O)CN(C)c1cc(OCc2cc(F)c(Oc3ccc(Cl)c(C(F)(F)F)c3)c(F)c2)nc(=O)n1C,0.32,-0.494850021680094,train
CCOC(=O)CNC(=O)/C=C/c1oc2ccc(Cl)c(Oc3ccncc3C(=O)N3CCN(C4CC4)c4ccccc43)c2c1C,1.04,0.01703333929878037,test
CCOC(=O)CN[C@@H](C(=O)N1CC[C@H]1C(=O)NCc1ccc(/C(N)=N\O)cc1)C1CCCCC1,2.4,0.38021124171160603,train
CCOC(=O)N(Cc1ccccc1-c1ccccc1)[C@H]1CCNC1,27.0,1.4313637641589874,train
CCOC(=O)N1CCC(NS(=O)(=O)c2ccc(NC(=O)c3ccccc3C)c3ccccc23)CC1,17.0,1.2304489213782739,train
CCOC(=O)[C@@H]1CSC=C(C(=O)O)N1,0.01,-2.0,train
CCOC(=O)[C@H](C)NP(=O)(OC[C@H]1O[C@@H](n2ccc3c(-c4cccs4)ncnc32)[C@H](O)[C@@H]1O)Oc1ccccc1,0.76,-0.11918640771920865,train
CCOC(=O)[C@H](CC(C)C)NP(=O)(OC[C@H]1OC(OC(C)=O)[C@@H](NC(C)=O)[C@@H](OC(C)=O)[C@@H]1OC(C)=O)Oc1ccccc1,1.15,0.06069784035361165,train
CCOC(=O)[C@H](Cc1ccccc1)NP(=O)(OC[C@H]1OC(OC(C)=O)[C@@H](NC(C)=O)[C@@H](OC(C)=O)[C@@H]1OC(C)=O)Oc1ccccc1,0.35,-0.4559319556497244,train
CCOC(=O)[C@H]1CC[C@@H](N2CC(NC(=O)CNc3nn(C(N)=O)c4ccc(C(F)(F)F)cc34)C2)CC1,0.32,-0.494850021680094,test
CCOC(=O)c1cc(C#N)c(N2CC(NC(=O)NS(=O)(=O)Cc3ccccc3)C2)nc1C,1.2,0.07918124604762482,train
CCOC(=O)c1cc(C#N)c(N2CC(NC(=O)NS(=O)(=O)c3ccc(Cl)cc3)C2)nc1C,1.2,0.07918124604762482,train
CCOC(=O)c1cc(C#N)c(N2CC(NC(=O)NS(=O)(=O)c3ccc(Cl)s3)C2)nc1C,0.11,-0.958607314841775,train
CCOC(=O)c1cc(C#N)c(N2CC(NC(=O)NS(=O)(=O)c3ccccc3)C2)nc1C,0.41,-0.38721614328026455,train
CCOC(=O)c1cc(C#N)c(N2CC3CN(C(=O)NS(=O)(=O)c4ccccc4)CC3C2)nc1C,0.39,-0.4089353929735008,test
CCOC(=O)c1cc(C#N)c(N2CCC(C(=O)NS(=O)(=O)Cc3ccccc3)CC2)nc1C,1.0,0.0,train
CCOC(=O)c1cc(C#N)c(N2CCC(NC(=O)NS(=O)(=O)Cc3ccccc3)CC2)nc1C,30.0,1.4771212547196624,train
CCOC(=O)c1cc(C#N)c(N2CCC(NC(=O)NS(=O)(=O)c3ccc(Cl)cc3)CC2)nc1C,19.0,1.2787536009528289,train
CCOC(=O)c1cc(C#N)c(N2CCC(NC(=O)NS(=O)(=O)c3ccc(Cl)s3)CC2)nc1C,6.9,0.8388490907372553,train
CCOC(=O)c1cc(C#N)c(N2CCN(C(=O)NS(=O)(=O)Cc3ccccc3)CC2)nc1C,0.37,-0.431798275933005,test
CCOC(=O)c1cc(C#N)c(N2CCN(C(=O)NS(=O)(=O)c3ccc(C)cc3)CC2)nc1C(F)(F)F,0.22,-0.6575773191777937,train
CCOC(=O)c1cc(C#N)c(N2CCN(C(=O)NS(=O)(=O)c3ccc(Cl)cc3)CC2)nc1C(F)(F)F,0.13,-0.8860566476931632,train
CCOC(=O)c1cc(C#N)c(N2CCN(C(=O)NS(=O)(=O)c3ccc(Cl)s3)C(CCC(=O)O)C2)nc1C(F)(F)F,0.19,-0.721246399047171,train
CCOC(=O)c1cc(C#N)c(N2CCN(C(=O)NS(=O)(=O)c3ccc(Cl)s3)CC2)nc1C,0.058,-1.2365720064370627,train
CCOC(=O)c1cc(C#N)c(N2CCN(C(=O)NS(=O)(=O)c3ccc(Cl)s3)CC2)nc1C(F)(F)F,0.076,-1.1191864077192086,train
CCOC(=O)c1cc(C#N)c(N2CCN(C(=O)NS(=O)(=O)c3ccc(Cl)s3)CC2C)nc1C,0.31,-0.5086383061657274,train
CCOC(=O)c1cc(C#N)c(N2CCN(C(=O)NS(=O)(=O)c3ccc(F)cc3)CC2)nc1C(F)(F)F,0.053,-1.275724130399211,train
CCOC(=O)c1cc(C#N)c(N2CCN(C(=O)NS(=O)(=O)c3ccccc3)CC2)nc1C,0.3,-0.5228787452803376,train
CCOC(=O)c1cc(C#N)c(N2CCN(C(=O)NS(=O)(=O)c3ccccc3)CC2)nc1C(F)(F)F,0.6,-0.2218487496163564,train
CCOC(=O)c1ccc(/C=C2\CNC/C(=C\c3ccc(C(=O)OCC)cc3)C2=O)cc1,2.82,0.45024910831936105,train
CCOC(=O)c1ccc2nc3c(nc2c1)C(=O)c1ccncc1C3=O,16.0,1.2041199826559248,train
CCOC(=O)c1cn(C2CC2)c2cc(N3CCNCC3)c(F)cc2c1=O,3.785,0.5780658838360916,train
CCOC(=O)c1cnc(N2CC(NC(=O)NS(=O)(=O)c3ccccc3)C2)c(Cl)c1,3.9,0.5910646070264992,train
CCOC(=O)c1cnc(N2CCN(C(=O)NS(=O)(=O)c3ccc(C)cc3)CC2)c(Cl)c1,2.5,0.3979400086720376,train
CCOC(=O)c1cnc(N2CCN(C(=O)NS(=O)(=O)c3ccc(Cl)cc3)CC2)c(Cl)c1,1.2,0.07918124604762482,train
CCOC(=O)c1cnc(N2CCN(C(=O)NS(=O)(=O)c3ccc(Cl)s3)CC2)c(Cl)c1,0.11,-0.958607314841775,train
CCOC(=O)c1cnc(N2CCN(C(=O)NS(=O)(=O)c3ccc(F)cc3)CC2)c(Cl)c1,0.54,-0.26760624017703144,train
CCOC(=O)c1cnc(N2CCN(C(=O)NS(=O)(=O)c3ccccc3)CC2)c(Cl)c1,0.28,-0.5528419686577808,train
CCOCc1cn(-c2ccc(Cl)cc2)nn1,77.41,1.8887970674566807,train
CCOP(=O)(CC)NCCNc1nonc1/C(=N/O)Nc1ccc(F)c(Br)c1,1.9,0.2787536009528289,train
CCOP(=O)(OCC)C(Cc1ccc(F)c(F)c1)c1sc2ccccc2c1C,3.99,0.6009728956867483,train
CCOP(=O)(OCC)N1C/C(=C\c2cc(OC)c(OC)c(OC)c2)C(=O)/C(=C/c2cc(OC)c(OC)c(OC)c2)C1,28.5,1.4548448600085102,train
CCOP(=O)(OCC)N1C/C(=C\c2ccc(OC)c(OC)c2)C(=O)/C(=C/c2ccc(OC)c(OC)c2)C1,54.7,1.737987326333431,train
CCOc1cc(C)c(F)c(C(=O)NNS(=O)(=O)c2ccccc2)c1,65.0,1.8129133566428555,train
CCOc1cc(C)cc(C(=O)NNS(=O)(=O)c2ccccc2F)c1,47.0,1.6720978579357175,train
CCOc1cc([C@@H](CS(C)(=O)=O)N2C(=O)c3cccc(NC(C)=O)c3C2=O)ccc1OC,21.975,1.3419288837458094,test
CCOc1ccc(C(=O)NC2(C(=O)N[C@H](Cc3ccccc3)C(=O)NCC3CCN(CC4CCOCC4)CC3)CCCC2)cc1,1.2,0.07918124604762482,train
CCOc1ccc(Cc2nc3cc(N(C)S(=O)(=O)c4cccs4)ccc3n2CC2CCCCC2)nc1,0.6,-0.2218487496163564,train
CCOc1ccc(Nc2c(C)c(N[C@H]3CCCNC3)nc3ccnn23)cc1,28.3,1.4517864355242902,train
CCOc1ccc([C@@H](C)Nc2nc(N3CCN(C(C)=O)CC3)nc3c2CN(C(C)C)C3=O)cc1,2.4,0.38021124171160603,train
CCOc1ccc([C@@H](C)Nc2nc(N3CCN(C(C)=O)CC3)nc3c2CN(C(C)C)C3=O)cc1F,0.8,-0.09691001300805639,train
CCOc1ccc([C@H](Nc2nc(N3CCN(C(C)=O)CC3)nc3c2CN(C(C)C)C3=O)C(F)(F)F)cc1,2.0,0.3010299956639812,train
CCOc1cccc(C(=O)NC2(C(=O)N[C@H](Cc3ccccc3)C(=O)NCC3CCN(CC4CCOCC4)CC3)CCCC2)c1,1.0,0.0,train
CCOc1ccccc1C[C@H](c1ccccc1)N1CCNCC1,33.0,1.5185139398778875,train
CCOc1ncc(S(=O)(=O)N2CCN(CC)CC2)cc1-c1nc2c(CC)n(CCN3CCOCC3)nc2c(=O)[nH]1,2.5,0.3979400086720376,train
CCOc1ncc(S(=O)(=O)N2CCN(CC)CC2)cc1-c1nc2c(CC)n(CCOC)nc2c(=O)[nH]1,16.0,1.2041199826559248,train
CCS(=O)(=O)CCN1CCC(CC(=O)NO)(NC(=O)c2ccc(OCc3cc(C)nc4ccccc34)cc2)CC1,0.55,-0.2596373105057561,train
CCS(=O)(=O)c1ccc(CC(=O)Nc2cnc(O[C@@H](C)c3ccccc3)c(Cl)c2)cc1,7.5,0.8750612633917001,train
CCS(=O)(=O)n1c2c(c3cc(C(=O)N4CCC(C)CC4)ccc31)CN(C1CCOCC1)CC2,13.0,1.1139433523068367,test
CCSc1ccc(C(=O)NC2(C(=O)N[C@H](Cc3ccccc3)C(=O)NCC3CCN(CC4CCOCC4)CC3)CCCC2)cc1,0.6,-0.2218487496163564,train
CC[C@@H](C)Oc1cc2c(cc1OC)CC(=O)N(c1ccc(N(C)C[C@H]3CC[C@H](N(C)C)CC3)cc1)[C@H]2c1ccc(Cl)cc1,0.08,-1.0969100130080565,test
CC[C@@]1(O)C(=O)OCc2c1cc1n(c2=O)Cc2cc3c(CN(C)C)c(O)ccc3nc2-1,1.75,0.24303804868629444,test
CC[C@H](C(=O)N1CC(C#N)C1)n1c(=O)c2cc(OC)c(OC)cc2c2cnc3[nH]ccc3c21,0.1,-1.0,train
CC[C@H](C)[C@@H]1NC(=O)[C@@H]2CCCN2C(=O)[C@H](C(C)C)NC(=O)[C@@H]2CCCN2C(=O)[C@H](Cc2ccccc2)N(C)C(=O)[C@H](C)NC(=O)c2csc1n2,6.8,0.8325089127062363,train
CC[C@H](C)[C@@H]1NC(=O)[C@@H]2CCCN2C(=O)[C@H](C(C)C)NC(=O)[C@@H]2CCCN2C(=O)[C@H](Cc2ccccc2)NC(=O)[C@H](C)NC(=O)c2csc1n2,0.3,-0.5228787452803376,train
CC[C@H](C)[C@@H]1NC(=O)[C@@H]2CCCN2C(=O)[C@H](CC(C)C)NC(=O)[C@@H]2CCCN2C(=O)[C@H](Cc2ccccc2)NC(=O)[C@H](C)NC(=O)c2csc1n2,0.2,-0.6989700043360187,train
CC[C@H](C)[C@@H]1NC(=O)[C@@H]2CCCN2C(=O)[C@H](Cc2ccccc2)N(C)C(=O)[C@H](C(C)(C)C)NC(=O)c2csc(n2)[C@H]([C@@H](C)CC)NC(=O)[C@@H]2CCCN2C1=O,14.0,1.146128035678238,train
CC[C@H](C)[C@@H]1NC(=O)[C@@H]2CCCN2C(=O)[C@H](Cc2ccccc2)N(C)C(=O)[C@H](C)NC(=O)c2csc(n2)[C@H]([C@@H](C)CC)NC(=O)[C@@H]2CCCN2C1=O,7.4,0.8692317197309762,train
CC[C@H](C)[C@@H]1NC(=O)[C@@H]2CCCN2C(=O)[C@H](Cc2ccccc2)N(C)C(=O)[C@H](CC(C)C)NC(=O)c2csc(n2)[C@H]([C@@H](C)CC)NC(=O)[C@@H]2CCCN2C1=O,19.3,1.2855573090077739,train
CC[C@H](C)[C@@H]1NC(=O)[C@@H]2CCCN2C(=O)[C@H](Cc2ccccc2)NC(=O)[C@H](C(C)(C)C)NC(=O)c2csc(n2)[C@H]([C@@H](C)CC)NC(=O)[C@@H]2CCCN2C1=O,8.0,0.9030899869919435,train
CC[C@H](C)[C@@H]1NC(=O)[C@@H]2CCCN2C(=O)[C@H](Cc2ccccc2)NC(=O)[C@H](C)N(C)C(=O)c2csc(n2)[C@H]([C@@H](C)CC)NC(=O)[C@@H]2CCCN2C1=O,0.2,-0.6989700043360187,train
CC[C@H](C)[C@@H]1NC(=O)[C@@H]2CCCN2C(=O)[C@H](Cc2ccccc2)NC(=O)[C@H](C)NC(=O)c2csc(n2)[C@H](C(C)C)NC(=O)[C@@H]2CCCN2C1=O,3.7,0.568201724066995,train
CC[C@H](C)[C@@H]1NC(=O)[C@@H]2CCCN2C(=O)[C@H](Cc2ccccc2)NC(=O)[C@H](C)NC(=O)c2csc(n2)[C@H](CC(C)C)NC(=O)[C@@H]2CCCN2C1=O,1.3,0.11394335230683679,train
CC[C@H](C)[C@@H]1NC(=O)[C@@H]2CCCN2C(=O)[C@H](Cc2ccccc2)NC(=O)[C@H](C)NC(=O)c2csc(n2)[C@H]([C@@H](C)CC)NC(=O)[C@@H]2CCCN2C1=O,1.3,0.11394335230683679,train
CC[C@H](C)[C@@H]1NC(=O)[C@@H]2CCCN2C(=O)[C@H](Cc2ccccc2)NC(=O)[C@H](CC(C)C)NC(=O)c2csc(n2)[C@H]([C@@H](C)CC)NC(=O)[C@@H]2CCCN2C1=O,10.9,1.0374264979406236,train
CC[C@H](C)[C@@H]1NC(=O)[C@@H]2CCCN2C(=O)[C@H]([C@@H](C)CC)N(C)C(=O)[C@@H]2CCCN2C(=O)[C@H](Cc2ccccc2)NC(=O)[C@H](C)NC(=O)c2csc1n2,0.4,-0.3979400086720376,train
CC[C@H](C)[C@@H]1NC(=O)[C@@H]2CCCN2C(=O)[C@H]([C@@H](C)O)NC(=O)[C@@H]2CCCN2C(=O)[C@H](Cc2ccccc2)NC(=O)[C@H](C)NC(=O)c2csc1n2,0.4,-0.3979400086720376,train
CC[C@H](C)[C@@H]1NC(=O)[C@H](C(C)C)NC(=O)[C@H](CC(C)C)NC(=O)CNC(=O)[C@@H]2CCCN2C(=O)[C@H](Cc2ccc(O)cc2)NC1=O,0.11,-0.958607314841775,test
CC[C@H](C)[C@@H]1NC(=O)[C@H](Cc2c[nH]c3ccccc23)NC(=O)[C@H]2CCCN2C(=O)[C@H]([C@@H](C)CC)NC(=O)[C@H]([C@@H](C)CC)NC(=O)[C@@H](CC(C)C)NC1=O,3.06,0.48572142648158,train
CC[C@H](C)[C@@H]1NC(=O)[C@H](Cc2ccc(O)cc2)NC(=O)[C@H](Cc2ccccc2)NC(=O)CNC(=O)[C@H](C(C)C)NC(=O)CNC1=O,0.06,-1.2218487496163564,test
CC[C@H](C)[C@@H]1NC(=O)c2csc(n2)[C@H]([C@@H](C)CC)NC(=O)[C@@H]2CCCN2C(=O)[C@H]([C@@H](C)CC)NC(=O)[C@@H]2CCCN2C(=O)[C@H](Cc2ccccc2)N(C)C1=O,21.2,1.3263358609287514,train
CC[C@H](C)[C@@H]1NC(=O)c2csc(n2)[C@H]([C@@H](C)CC)NC(=O)[C@@H]2CCCN2C(=O)[C@H]([C@@H](C)CC)NC(=O)[C@@H]2CCCN2C(=O)[C@H](Cc2ccccc2)NC1=O,9.6,0.9822712330395684,train
CC[C@H](C)[C@H](NC(=O)C1SC(C)(C)SC1C(=O)O)C(=O)O,14.25,1.153814864344529,train
CC[C@H](C)[C@H](NC(=O)[C@H](CCC(N)=O)NC(=O)[C@H](CCCCN)NC(=O)[C@H](CCCNC(=N)N)NC(=O)[C@H](CC(C)C)NC(=O)[C@H](CCCNC(=N)N)NC(=O)[C@@H](NC(=O)[C@H](Cc1ccc(O)cc1)NC(=O)[C@H](CC(N)=O)NC(=O)[C@H](CC(=O)O)NC(=O)[C@@H](NC(=O)[C@H](Cc1ccccc1)NC(=O)[C@@H](NC(=O)[C@H](C)NC(=O)[C@H](CC(=O)O)NC(=O)[C@H](CO)NC(=O)[C@@H](N)Cc1cnc[nH]1)C(C)C)[C@@H](C)O)[C@@H](C)O)C(=O)N[C@@H](C)C(=O)N[C@H](C(=O)N[C@@H](CCCCN)C(=O)N[C@@H](CCCCN)C(=O)N[C@@H](Cc1ccc(O)cc1)C(=O)N[C@@H](CC(C)C)C(=O)N[C@@H](CC(N)=O)C(=O)N[C@@H](CO)C(=O)N[C@H](C(=O)N[C@@H](CC(C)C)C(=O)N[C@@H](CC(N)=O)C(=O)NCC(=O)N[C@@H](CCCCN)C(=O)O)[C@@H](C)CC)C(C)C,0.1,-1.0,train
CC[C@H](C)[C@H](NC(=O)[C@H](CO)NC(=O)[C@H](CC(N)=O)NC(=O)[C@H](CC(C)C)NC(=O)[C@H](Cc1ccc(O)cc1)NC(=O)[C@@H]1CCCCNC(=O)CC[C@H](NC(=O)[C@H](CCC(N)=O)NC(=O)[C@H](CCCCN)NC(=O)[C@H](CCCNC(=N)N)NC(=O)[C@H](CC(C)C)NC(=O)[C@H](CCCNC(=N)N)NC(=O)[C@@H](NC(=O)[C@H](Cc2ccc(O)cc2)NC(=O)[C@H](CC(N)=O)NC(=O)[C@H](CC(=O)O)NC(=O)[C@@H](NC(=O)[C@H](Cc2ccccc2)NC(=O)[C@@H](NC(=O)[C@H](C)NC(=O)[C@H](CC(=O)O)NC(=O)[C@H](CO)NC(=O)[C@@H](N)Cc2cnc[nH]2)C(C)C)[C@@H](C)O)[C@@H](C)O)C(=O)N[C@@H](C)C(=O)N[C@@H](C(C)C)C(=O)N[C@@H](CCCCN)C(=O)N1)C(=O)N[C@@H](CC(C)C)C(=O)N[C@@H](CC(N)=O)C(=O)NCC(=O)N[C@@H](CCCCN)C(=O)O,0.1,-1.0,test
CC[C@H](C)[C@H](NC(=O)[C@H](CO)NC(=O)[C@H](CC(N)=O)NC(=O)[C@H](CC(C)C)NC(=O)[C@H](Cc1ccc(O)cc1)NC(=O)[C@H](CCCCN)NC(=O)[C@H](CCCCN)NC(=O)[C@@H](NC(=O)[C@H](C)NC(=O)[C@H](CCC(=O)O)NC(=O)[C@H](CCC(N)=O)NC(=O)[C@H](CCCCN)NC(=O)[C@H](CCCNC(=N)N)NC(=O)[C@H](CC(C)C)NC(=O)[C@H](CCCNC(=N)N)NC(=O)[C@@H](NC(=O)[C@H](Cc1ccc(O)cc1)NC(=O)[C@H](CC(N)=O)NC(=O)[C@H](CC(=O)O)NC(=O)[C@@H](NC(=O)[C@H](Cc1ccccc1)NC(=O)[C@@H](NC(=O)[C@H](C)NC(=O)[C@H](CC(=O)O)NC(=O)[C@H](CO)NC(=O)[C@@H](N)Cc1cnc[nH]1)C(C)C)[C@@H](C)O)[C@@H](C)O)C(C)C)C(=O)N[C@@H](CC(C)C)C(=O)N[C@@H](CC(N)=O)C(=O)NCC(=O)N[C@@H](CCCCN)C(=O)O,0.1,-1.0,train
CC[C@H](C)[C@H](NC(=O)[C@H](CO)NC(=O)[C@H](CC(N)=O)NC(=O)[C@H](CC(C)C)NC(=O)[C@H](Cc1ccc(O)cc1)NC(=O)[C@H](CCCCN)NC(=O)[C@H](CCCCN)NC(=O)[C@@H](NC(=O)[C@H](C)NC(=O)[C@H](CCSC)NC(=O)[C@H](CCC(N)=O)NC(=O)[C@H](CCCCN)NC(=O)[C@H](CCCN=C(N)N)NC(=O)[C@H](CC(C)C)NC(=O)[C@H](CCCN=C(N)N)NC(=O)[C@@H](NC(=O)[C@H](Cc1ccc(O)cc1)NC(=O)[C@H](CC(N)=O)NC(=O)[C@H](CC(=O)O)NC(=O)[C@@H](NC(=O)[C@H](Cc1ccccc1)NC(=O)[C@@H](NC(=O)[C@H](C)NC(=O)[C@H](CC(=O)O)NC(=O)[C@H](CO)NC(=O)[C@@H](N)Cc1c[nH]cn1)C(C)C)[C@@H](C)O)[C@@H](C)O)C(C)C)C(=O)N[C@@H](CC(C)C)C(=O)N[C@@H](CC(N)=O)C(=O)O,0.1,-1.0,test
CC[C@H](C)[C@H](NC(=O)[C@H](CO)NC(=O)[C@H](CC(N)=O)NC(=O)[C@H](CC(C)C)NC(=O)[C@H](Cc1ccc(O)cc1)NC(=O)[C@H](CCCCN)NC(=O)[C@H](CCCCN)NC(=O)[C@@H](NC(=O)[C@H](C)NC(=O)[C@]1(C)CCCC/C=C\CCCC[C@](C)(NC(=O)[C@H](CCCNC(=N)N)NC(=O)[C@@H](NC(=O)[C@H](Cc2ccc(O)cc2)NC(=O)[C@H](CC(N)=O)NC(=O)[C@H](CC(=O)O)NC(=O)[C@@H](NC(=O)[C@H](Cc2ccccc2)NC(=O)[C@@H](NC(=O)[C@H](C)NC(=O)[C@H](CC(=O)O)NC(=O)[C@H](CO)NC(=O)[C@@H](N)Cc2cnc[nH]2)C(C)C)[C@@H](C)O)[C@@H](C)O)C(=O)N[C@@H](CCCNC(=N)N)C(=O)N[C@@H](CCCCN)C(=O)N[C@@H](CCC(N)=O)C(=O)N1)C(C)C)C(=O)N[C@@H](CC(C)C)C(=O)N[C@@H](CC(N)=O)C(=O)NCC(=O)N[C@@H](CCCCN)C(=O)O,0.1,-1.0,test
CC[C@H](C)[C@H]1O[C@]2(CC[C@@H]1C)C[C@@H]1C[C@@H](C/C=C(\C)[C@@H](O[C@H]3C[C@H](OC)[C@@H](O[C@H]4C[C@H](OC)[C@@H](O)[C@H](C)O4)[C@H](C)O3)[C@@H](C)/C=C/C=C3\CO[C@@H]4[C@H](O)C(C)=C[C@@H](C(=O)O1)[C@]34O)O2.CO[C@H]1C[C@H](O[C@H]2[C@H](C)O[C@@H](O[C@@H]3/C(C)=C/C[C@@H]4C[C@@H](C[C@]5(CC[C@H](C)[C@@H](C(C)C)O5)O4)OC(=O)[C@@H]4C=C(C)[C@@H](O)[C@H]5OC/C(=C\C=C\[C@@H]3C)[C@]54O)C[C@@H]2OC)O[C@@H](C)[C@@H]1O,1.1,0.04139268515822508,test
CC[C@H]1CN2CCc3cc(OC)c(OC)cc3[C@@H]2C[C@@H]1C[C@H]1NCCc2cc(OC)c(OC)cc21,3.0,0.47712125471966244,train
CC[C@H]1OC(=O)[C@H](C)[C@@H](O[C@H]2C[C@@](C)(OC)[C@@H](O)[C@H](C)O2)[C@H](C)[C@@H](O[C@@H]2O[C@H](C)C[C@H](N(C)C)[C@H]2O)[C@](C)(O)C[C@@H](C)/C(=N/OCOCCOC)[C@H](C)[C@@H](O)[C@]1(C)O,10.0,1.0,test
CC[C@H]1OC(=O)[C@H](C)[C@@H](O[C@H]2C[C@@](C)(OC)[C@@H](O)[C@H](C)O2)[C@H](C)[C@@H](O[C@@H]2O[C@H](C)C[C@H](N(C)C)[C@H]2O)[C@](C)(O)C[C@@H](C)C(=O)[C@H](C)[C@@H](O)[C@]1(C)O,0.46499999999999997,-0.3325470471100461,train
CC[C@H]1OC(=O)[C@H](C)[C@@H](O[C@H]2C[C@@](C)(OC)[C@@H](O)[C@H](C)O2)[C@H](C)[C@@H](O[C@@H]2O[C@H](C)C[C@H](N(C)C)[C@H]2O)[C@](C)(O)C[C@@H](C)CN(C)[C@H](C)[C@@H](O)[C@]1(C)O,1.0,0.0,test
CC[C@H]1OC(=O)[C@H](C)[C@@H](O[C@H]2C[C@@](C)(OC)[C@@H](O)[C@H](C)O2)[C@H](C)[C@@H](O[C@@H]2O[C@H](C)C[C@H](N(C)C)[C@H]2O)[C@](C)(OC)C[C@@H](C)C(=O)[C@H](C)[C@@H](O)[C@]1(C)O,10.0,1.0,train
CC[C@]1(C)C[C@@H](OC(=O)CSC(C)(C)CNC(=O)[C@H](N)CC(C)C)[C@]2(C)[C@H](C)CC[C@]3(CC[C@@H](O)[C@H]32)[C@@H](C)[C@@H]1O,3.39,0.5301996982030822,test
CC[C@]1(C)NC(=O)c2cc(S(=O)(=O)Nc3ccc(C(F)(F)F)cc3)ccc2NC1=O,3.1,0.4913616938342727,train
CC[C@]1(C)NC(=O)c2cc(S(=O)(=O)Nc3ccc(F)cc3F)ccc2NC1=O,3.3,0.5185139398778874,train
CC[C@]1(C)NC(=O)c2cc(S(=O)(=O)Nc3ccc(OC(F)F)cc3)ccc2NC1=O,1.1,0.04139268515822508,train
CC[C@]1(O)C[C@@H]2CN(CCc3c([nH]c4ccccc34)[C@@](C(=O)OC)(c3cc4c(cc3OC)N(C)[C@H]3[C@@](O)(C(=O)OC)[C@H](OC(C)=O)[C@]5(CC)C=CCN6CC[C@]43[C@@H]65)C2)C1,1.0,0.0,train
CC[C@]1(O)C[C@H]2CN(CCc3c([nH]c4ccccc34)[C@@](C(=O)OC)(c3cc4c(cc3OC)N(C=O)[C@H]3[C@@](O)(C(=O)OC)[C@H](OC(C)=O)[C@]5(CC)C=CCN6CC[C@]43[C@@H]65)C2)C1,0.4,-0.3979400086720376,train
CCc1c(O)c(C(=O)NCC(=O)O)c2ncnn2c1CC.Cl,9.3,0.9684829485539351,train
CCc1c2c(nc3ccc(OC(=O)N4CCC(N5CCCCC5)CC4)cc13)-c1cc3c(c(=O)n1C2)COC(=O)[C@]3(O)CC,1.5,0.17609125905568124,test
CCc1c2nc(-c3cc(S(=O)(=O)N4CCN(C)CC4)cnc3OCCOC)[nH]c(=O)c2nn1CC(C)C,19.0,1.2787536009528289,train
CCc1c2nc(-c3cc(S(=O)(=O)N4CCN(CC)CC4)cnc3OCC(C)C)[nH]c(=O)c2nn1CCOC,40.0,1.6020599913279623,train
CCc1c2nc(-c3cc(S(=O)(=O)N4CCN(CC)CC4)cnc3OCCOC)[nH]c(=O)c2nn1CC(C)C,24.0,1.380211241711606,train
CCc1c2nc(-c3cc(S(=O)(=O)N4CCN(CC)CC4)cnc3OCCOC)[nH]c(=O)c2nn1CCN1CCOCC1,2.8,0.4471580313422192,train
CCc1c2nc(-c3cc(S(=O)(=O)N4CCN(CC)CC4)cnc3OCCOC)[nH]c(=O)c2nn1CCOC,9.0,0.9542425094393249,train
CCc1cc(-c2c[nH]c3ncc(-c4cn[nH]c4)cc23)nc(N)n1,0.89,-0.05060999335508721,train
CCc1cc(-c2c[nH]c3ncc(-c4cnn(C)c4)cc23)nc(N)n1,5.4,0.7323937598229685,train
CCc1cc(-c2c[nH]c3ncc(-c4cnn(C5CCNCC5)c4)cc23)nc(N)n1,1.3,0.11394335230683679,train
CCc1cc(-c2c[nH]c3ncc(-c4cnn(CC(C)C)c4)cc23)nc(N)n1,27.0,1.4313637641589874,train
CCc1cc(-c2c[nH]c3ncc(-c4cnn(CCN(C)C)c4)cc23)nc(N)n1,7.3,0.8633228601204559,train
CCc1cc(-c2cnn(C)c2)cc(S(=O)(=O)c2cnc(CN)s2)c1,31.0,1.4913616938342726,train
CCc1cc(-c2cnn(C)c2)cc(S(=O)(=O)c2csc(CN)n2)c1,23.0,1.3617278360175928,train
CCc1cc(COc2cc(C(=O)N3CCC[C@@H](N)C3)nn2-c2ccc(C#N)cc2)on1,0.415,-0.3819519032879073,train
CCc1cc(F)c2nc(N3CCC(NC4CCOCC4)CC3)c(-c3nc(C)no3)c(C)c2c1.O=C(O)[C@H](O)[C@@H](O)C(=O)O,20.9,1.320146286111054,train
CCc1cc(F)c2nc(N3CCC(N[C@@H]4CCCOC4)CC3)c(-c3nc(C)no3)cc2c1.O=C(O)[C@H](O)[C@@H](O)C(=O)O,19.2,1.2833012287035497,train
CCc1ccc(CCNc2ncc(C)n(CC(=O)NCCONC(=N)N)c2=O)cc1,0.29,-0.5376020021010439,train
CCc1ccc(Nc2nc3cc(Oc4ccnc(C(=O)NC)c4)ccc3o2)cc1,10.0,1.0,train
CCc1ccccc1Nc1nc2cc(Oc3ccnc(C(=O)NC)c3)ccc2o1,10.0,1.0,train
CCc1ccccc1Nc1ncc2cc(Oc3ccnc(C(=O)NC)c3)ccc2n1,1.0,0.0,train
CCc1cnc(-c2ccc(C)cc2NC(=O)O[C@@H]2C[C@H]3C(=O)N[C@]4(C(=O)NS(=O)(=O)C5CC5)C[C@H]4/C=C\CCCCN(C)C(=O)[C@@H]3C2)s1,15.0,1.1760912590556813,test
CCc1nc2c(C)cc(C)nc2n1Cc1ccc(-c2c(-c3nn[nH]n3)cnc3ccccc23)cc1,0.1,-1.0,train
CCc1nc2c(C)cc(C)nc2n1Cc1ccc(-c2c(C(=O)O)n(C)c(=O)c3ccccc23)cc1,0.03,-1.5228787452803376,train
CCc1nnc([C@@H](C)NS(=O)(=O)c2ccc(Cl)cc2)n1CC,11.1,1.0453229787866574,train
CCn1c(=O)oc2ccc(-c3ccc(C[C@@H](C#N)NC(=O)[C@@H]4CNCCCO4)cc3)cc21,21.0,1.3222192947339193,train
CCn1cc(C(=O)O)c(=O)c2cc(F)c(N3CCNCC3)cc21,2.4000000000000004,0.3802112417116061,train
CCn1cc(C2(c3cccc(-c4cncc(C#N)c4)c3)N=C(N)c3c(F)cccc32)cc(C)c1=O,5.1,0.7075701760979364,train
CCn1cc(C2(c3cccc(-c4cncc(F)c4)c3)N=C(N)c3c(F)cccc32)cc(C)c1=O,9.8,0.9912260756924949,train
CCn1cc(C2(c3cccc(-c4cncnc4)c3)N=C(N)c3c(F)cccc32)cc(C)c1=O,3.7,0.568201724066995,train
CCn1cc(Nc2nc(N)cc(-c3cccc(-n4ccc5cc(C6CC6)cc(F)c5c4=O)c3CO)n2)cn1,5.4,0.7323937598229685,train
CCn1cc([C@]2(c3cccc(C#CC4CC4)c3)N=C(N)c3c(F)cccc32)cc(C)c1=O,12.0,1.0791812460476249,train
CCn1cc([C@]2(c3cccc(NC(=O)c4ccc(Cl)cn4)c3)N=C(N)c3c(F)cccc32)cc(C)c1=O,9.3,0.9684829485539351,test
CCn1ncc(NC(=O)[C@@H]2CCCC[C@H]2C(=O)c2ccc(-c3cc(C)n[nH]3)cc2)c1C(N)=O,9.2,0.9637878273455552,train
CN(C(=O)Cc1ccc(-n2cnnn2)cc1)C1CCN(Cc2ccc(C(F)(F)F)cc2)CC1,57.0,1.7558748556724915,test
CN(C(=O)[C@@H](N)Cc1ccccc1)[C@@H](Cc1ccccc1)C(N)=O,9.0,0.9542425094393249,train
CN(C(=O)c1c(F)cccc1Cl)c1ccc(-c2cc(C(N)=O)ccc2Cl)cc1OCC(F)(F)F,32.2,1.507855871695831,test
CN(C(=O)c1c(F)cccc1Cl)c1ncc(-c2cc(C(N)=O)ccc2Cl)cc1OCC(F)(F)F,5.9,0.7708520116421442,test
CN(C(=O)c1ccc2c(c1)c1c(n2C)CC[C@@H](C2CCOCC2)C1)[C@H](CO)CCC(=O)NCCF,0.11,-0.958607314841775,train
CN(C)C(=O)C(CCN1CCC(O)(c2ccc(Cl)cc2)CC1)(c1ccccc1)c1ccccc1,7.9,0.8976270912904415,train
CN(C)C(=O)C1CCN([C@H]2CC[C@H](Nc3ncnc4[nH]cc(C5CCOCC5)c34)CC2)CC1,1.0,0.0,train
CN(C)C(=O)CCN1CCN(C[C@@H]2C[C@@]2(C(=O)N(C)Cc2ccc(F)cc2)c2ccc(Cl)c(Cl)c2)CC1,28.0,1.4471580313422192,train
CN(C)C(=O)CNC(=O)Nc1nc2ccc(-c3cncc(S(=O)(=O)NC(C)(C)C)c3)cn2n1,0.54,-0.26760624017703144,train
CN(C)C(=O)N1CCN([C@H]2CC[C@H](Nc3ncnc4[nH]cc(C5CCOCC5)c34)CC2)CC1,2.0,0.3010299956639812,train
CN(C)C(=O)Oc1cccc2c1CC(C(=O)NCCOCCOCCN1C(=O)c3ccccc3C1=O)=CN2C,11.1,1.0453229787866574,train
CN(C)C(=O)c1cc(C2CCCN2c2cc(F)cc(F)c2)c2oc(N3CCOCC3)cc(=O)c2c1,33.0,1.5185139398778875,train
CN(C)C(=O)c1cc(C2CCCN2c2ccccc2)c2oc(N3CCOCC3)cc(=O)c2c1,19.0,1.2787536009528289,train
CN(C)C(=O)c1cc(CN(C)c2cc(F)cc(F)c2)c2oc(N3CCOCC3)cc(=O)c2c1,36.0,1.5563025007672873,train
CN(C)C(=O)c1cc(CN2CCOc3c(F)cc(F)cc32)c2oc(N3CCOCC3)cc(=O)c2c1,9.0,0.9542425094393249,train
CN(C)C(=O)c1cc(CN2CCOc3c(F)cccc32)c2oc(N3CCOCC3)cc(=O)c2c1,6.5,0.8129133566428556,train
CN(C)C(=O)c1ccc(-c2ccc3c(c2)CCN(CCN2CCCC2)C3=O)cc1,12.1,1.08278537031645,test
CN(C)C(=O)c1cccc(-c2cnc(N)c(-c3nc4cccc(N5CCNCC5)c4[nH]3)c2)c1,4.0,0.6020599913279624,train
CN(C)C(=O)c1cccc(-c2cnc(N)c(-c3nc4cccc(N5CCNCC5)c4[nH]3)n2)c1,0.7,-0.1549019599857432,train
CN(C)C(=O)c1cccc(-c2cnc(N)c(-c3nc4cccc(N5CCNCC5)c4n3C)n2)c1,9.0,0.9542425094393249,train
CN(C)C1CCN(C(=O)c2ccc(-c3ccc4ncc(-c5ccc(C#N)cc5)n4n3)cc2)CC1,3.0,0.47712125471966244,test
CN(C)C1CCN(C(=O)c2ccc(-c3cn4c(-c5ccc(C#N)cc5)cnc4cn3)cc2)CC1,1.14,0.05690485133647256,test
CN(C)C1CCN(C[C@@H](NC(=O)C[C@H]2CNC(=O)c3cc(-c4cccc(Cl)c4)cn32)C2CCCCC2)CC1,1.01,0.004321373782642578,test
CN(C)CC(C)(C)Cn1c(CC(C)(C)C)nc2cc(/C=C/C(=O)NO)ccc21.Cl.Cl,19.4,1.287801729930226,train
CN(C)CCC(Oc1ccc(NC(=O)Nc2ccc3c(ccn3C)c2)cc1)c1ccccc1,5.8,0.7634279935629372,test
CN(C)CCC(Oc1ccc(NC(=O)c2ccc(Cl)c(Cl)c2)cc1)c1ccccc1,11.3,1.0530784434834197,train
CN(C)CCCNc1ccn2ncc(-c3ccc4c(c3)OCO4)c2n1,22.8,1.3579348470004537,train
CN(C)CCCOc1ccc(-c2ccc3ncc4c(c3c2)n(C2CCOCC2)c(=O)n4C)cn1,12.3,1.089905111439398,train
CN(C)CCN(C)C(=O)c1ccc(-c2cnc(N)c(C(=O)Nc3cccnc3)n2)cc1,1.9,0.2787536009528289,train
CN(C)CCN(C)C(=O)c1ccc(C(=O)Nc2n[nH]c3ccc(Cc4cc(F)cc(F)c4)cc23)c(NC2CCOCC2)c1,2.7,0.43136376415898736,test
CN(C)CCN(CC1CCCN(C2Cc3ccccc3C2)C1)C(=O)c1ccc2cccc(O)c2n1,21.5,1.3324384599156054,test
CN(C)CCN(CC1CCCN(C2Cc3ccccc3C2)C1)C(=O)c1ccc2ccccc2c1.Cl,28.0,1.4471580313422192,test
CN(C)CCN(CC1CCCN(C2Cc3ccccc3C2)C1)C(=O)c1ccc2cccnc2c1O,15.1,1.1789769472931695,test
CN(C)CCN(Cc1ccccc1)S(=O)(=O)c1ccc(NC(=O)Nc2ccc3c(ccn3C)c2)cc1,8.6,0.9344984512435677,test
CN(C)CCN1CCN(C(=O)c2cc(C(C)(C)C)sc2NC(=O)Nc2cccc(Cl)c2Cl)CCC1=O,0.39,-0.4089353929735008,test
CN(C)CCNC(=O)[C@H]1c2ccccc2C[C@@H]1NC(=O)c1cc2ccccc2[nH]1,1.5,0.17609125905568124,test
CN(C)CCNS(=O)(=O)c1ccc(-c2cnc(N)c(C(=O)Nc3cccnc3)n2)cc1,2.5,0.3979400086720376,train
CN(C)CCNS(=O)(=O)c1ccc(Nc2ncc3c(n2)-c2ccsc2CC3)cc1,1.0,0.0,train
CN(C)CCNS(=O)(=O)c1ccc(Nc2nccc(-c3ccsc3)n2)cc1,1.0,0.0,train
CN(C)CCNc1cnc2nnn(Cc3ccc4ncccc4c3)c2n1,2.08,0.31806333496276157,train
CN(C)CCOc1cnc2nnn(Cc3ccc4ncccc4c3)c2n1,25.9,1.413299764081252,train
CN(C)CCc1ccc(C2CCN(CCc3cnn(-c4nccc5c(=O)[nH]cnc45)c3)CC2)cc1,0.76,-0.11918640771920865,train
CN(C)CCc1cccc(C2CCN(CCc3cnn(-c4nccc5c(=O)[nH]cnc45)c3)CC2)c1,1.52,0.18184358794477254,train
CN(C)CCc1cnn(-c2nccc3c(=O)[nH]cnc23)c1,0.76,-0.11918640771920865,train
CN(C)CCn1cc(-c2cnc3nnn(Cc4ccc5ncccc5c4)c3n2)cn1,46.5,1.667452952889954,train
CN(C)Cc1ccccc1-c1ccc(N2CCc3c(C(F)(F)F)nn(-c4ccc5onc(N)c5c4)c3C2=O)c(F)c1,8.9,0.9493900066449128,train
CN(C)Cc1ccccc1-c1ccc(N2CCc3c(C(F)(F)F)nn(-c4ccc5onc(N)c5c4)c3C2=O)cc1,4.7,0.6720978579357175,train
CN(C)Cc1nccn1-c1ccc(NC(=O)c2cc(C(F)(F)F)nn2-c2ccc3onc(N)c3c2)c(F)c1,5.56,0.7450747915820575,train
CN(C)Cc1nccn1-c1ccc(NC(=O)c2cc(C(F)(F)F)nn2-c2ccc3onc(N)c3c2)c(F)c1.Cl,5.6,0.7481880270062004,train
CN(C)S(=O)(=O)c1cncc(C#Cc2cc(Cl)ccc2OCC(=O)O)c1,1.8,0.25527250510330607,test
CN(C)[C@@H]1CCC=C(c2ccc(F)cc2)[C@H]1COc1cc(F)c(S(=O)(=O)Nc2cscn2)cc1Cl.Cl,10.0,1.0,train
CN(C)[C@H]1CC[C@H](Nc2ncnc3[nH]cc(C4CCOCC4)c23)CC1,0.85,-0.07058107428570728,train
CN(C)[C@H]1CC[C@H](Nc2ncnc3[nH]cc([C@H]4CC[C@H](C(N)=O)CC4)c23)CC1,0.2,-0.6989700043360187,train
CN(C)[C@H]1CC[C@H](Nc2ncnn3ccc(C4CCOCC4)c23)CC1,14.0,1.146128035678238,train
CN(C)[C@H]1CC[C@H](Nc2ncnn3ccc([C@H]4CC[C@H](C(N)=O)CC4)c23)CC1,0.8,-0.09691001300805639,train
CN(C)[C@H]1CC[C@H](Oc2ncnn3ccc([C@H]4CC[C@H](C(N)=O)CC4)c23)CC1,2.0,0.3010299956639812,train
CN(C)c1cc(OCc2cc(F)c(Oc3ccc(Cl)c(C(F)(F)F)c3)c(F)c2)nc(=O)n1C,0.65,-0.18708664335714442,train
CN(C)c1ccc(/C=C/C(=O)/C=C/c2ccc(N(C)C)cc2)cc1,8.42,0.9253120914996495,test
CN(C)c1nc2sc3c(NCCN4CCOCC4)ncnc3c2c2c1COC(C)(C)C2,21.9,1.3404441148401183,train
CN(CC(=O)NC1CC1)C(=O)c1ccc2c(c1)c1c(n2C)CC[C@@H](C2CCOCC2)C1,27.0,1.4313637641589874,train
CN(CCO)C(=O)c1cc(C2CCCN2c2cc(F)cc(F)c2)c2oc(N3CCOCC3)cc(=O)c2c1,2.6,0.414973347970818,train
CN(CCOc1ccccc1Sc1ccccc1)CC(=O)O,33.4,1.5237464668115646,train
CN(CCc1cnn(-c2nccc3c(=O)[nH]cnc23)c1)Cc1ccc(Cl)c(Cl)c1,21.21,1.326540668516562,train
CN(CCc1cnn(-c2nccc3c(=O)[nH]cnc23)c1)Cc1ccc(F)cc1,9.98,0.9991305412873711,train
CN(CCc1cnn(-c2nccc3c(=O)[nH]cnc23)c1)Cc1ccc(S(C)(=O)=O)cc1,0.76,-0.11918640771920865,train
CN(C[C@@H]1CCCN1C(=O)C[C@H](N)Cc1cc(F)c(F)cc1F)C(=O)C(C)(C)C,8.5,0.9294189257142927,train
CN(C[C@@H]1CCCN1C(=O)C[C@H](N)Cc1cc(F)c(F)cc1F)S(=O)(=O)C(F)(F)F,41.0,1.6127838567197355,train
CN(C[C@@H]1CCCN1C(=O)C[C@H](N)Cc1cc(F)c(F)cc1F)c1ccc(C#N)cn1,19.0,1.2787536009528289,train
CN(Cc1c2c(=O)n(-c3ccccc3Cl)[nH]c2cc(=O)n1Cc1ccncc1)c1ccccc1,4.6,0.6627578316815741,train
CN(Cc1cc(=O)[nH][nH]1)c1cc(Cl)cc(Cl)c1,2.2,0.3424226808222063,train
CN(Cc1ccc(F)cc1)C(=O)[C@@]1(c2ccc(Cl)c(Cl)c2)C[C@H]1CN1CCN(C(=O)CN2CCCC2)CC1,5.7,0.7558748556724915,test
CN(Cc1ccc(F)cc1)C(=O)[C@@]1(c2ccc(Cl)c(Cl)c2)C[C@H]1CN1CCN(C(=O)CN2CCCCC2)CC1,2.9,0.4623979978989561,test
CN(Cc1ccc(F)cc1)C(=O)[C@@]1(c2ccc(Cl)c(Cl)c2)C[C@H]1CN1CCN(C(=O)CN2CCOCC2)CC1,35.0,1.5440680443502757,test
CN(Cc1ccc(F)cc1)C(=O)[C@@]1(c2ccc(Cl)c(Cl)c2)C[C@H]1CN1CCN(CC(=O)N2CCCC2)CC1,27.0,1.4313637641589874,test
CN(Cc1ccc(F)cc1)C(=O)[C@@]1(c2ccc(Cl)c(Cl)c2)C[C@H]1CN1CCN(S(=O)(=O)N(C)C)CC1,25.0,1.3979400086720377,train
CN(Cc1cccc2c1S(=O)(=O)N=C2C1=C(O)[C@H](C(C)(C)C)N(Cc2ccc(F)c(Cl)c2)C1=O)S(C)(=O)=O,0.2,-0.6989700043360187,train
CN(Cc1ccccc1)C(=O)[C@@]1(c2ccc(Cl)c(Cl)c2)C[C@H]1CN1CCC(C(=O)N2CCCCC2)(c2ccccc2)CC1,0.3,-0.5228787452803376,train
CN(Cc1ccccc1)C(=O)[C@@]1(c2ccc(Cl)c(Cl)c2)C[C@H]1CN1CCC(NC(N)=O)(c2ccccc2)CC1,0.6,-0.2218487496163564,train
CN(Cc1ccccc1)C(=O)[C@@]1(c2ccc(Cl)c(Cl)c2)C[C@H]1CN1CCC(NS(C)(=O)=O)(c2ccccc2)CC1,0.1,-1.0,train
CN(Cc1ccccc1)C(=O)[C@@]1(c2ccc(Cl)c(Cl)c2)C[C@H]1CN1CCC(c2ccccc2)(N(C)C(=O)C(N)=O)CC1,1.3,0.11394335230683679,train
CN(Cc1ccccc1)Cc1c2c(=O)n(-c3ccccc3Cl)[nH]c2cc(=O)n1Cc1ccn(C)n1,0.5,-0.3010299956639812,train
CN(Cc1cnc2nc(N)nc(N)c2n1)c1ccc(C(=O)N[C@@H](CCC(=O)O)C(=O)O)cc1,1.35,0.13033376849500614,train
CN(O)C(=O)CSC(c1ccccc1)P(=O)(O)O,0.14,-0.8538719643217619,train
CN(c1ccc(Cl)cc1)S(=O)(=O)c1cc(C(=O)Nc2ccc(C#N)cc2F)ccn1,18.0,1.255272505103306,test
CN(c1ccc(Cl)cc1)S(=O)(=O)c1cccc(C(=O)Nc2ccc(C#N)cc2)c1,19.9,1.2988530764097066,train
CN(c1ccc(Cl)cc1)S(=O)(=O)c1cccc(C(=O)Nc2ccc(Cl)nn2)c1,23.2,1.3654879848908996,test
CN(c1ccc(Cl)cc1)S(=O)(=O)c1cccc(C(=O)Nc2ccc([S+](C)[O-])cc2)c1,25.7,1.4099331233312946,train
CN(c1ccc(Cl)cc1)S(=O)(=O)c1cccc(NC(=O)c2ccc(C#N)cc2)c1,26.9,1.429752280002408,test
CN(c1ccc2c(c1)S(=O)(=O)N=C(C1=C(O)C3CCCN3N(CCC(C)(C)C)C1=O)N2)S(C)(=O)=O,2.0,0.3010299956639812,train
CN(c1ncnc2[nH]ccc12)[C@@H]1CCN(C(=O)CC#N)C1,3.8,0.5797835966168101,train
CN/C(=C\[N+](=O)[O-])NCCSCc1ccc(CN(C)C)o1,0.237,-0.6252516539898961,train
CN/C(=N/CCSCc1nc[nH]c1C)NC#N,1.9,0.2787536009528289,train
CN1C(=O)C(C(=O)Nc2nncs2)c2cc3occc3cc21,18.5,1.2671717284030137,test
CN1C(=O)C[C@@H]2CN([C@H]3CC[C@H](Nc4ncnc5[nH]cc(C6CCOCC6)c45)CC3)CC[C@@H]21,1.0,0.0,train
CN1C(=O)C[C@H]2CN([C@H]3CC[C@H](Nc4ncnc5[nH]cc(C6CCOCC6)c45)CC3)CC[C@H]21,1.0,0.0,train
CN1C(=O)N(Cc2cc(Cl)ccc2F)C(=O)[C@]12C(=O)N(CC(=O)O)c1ccc(Cl)cc12,0.6,-0.2218487496163564,train
CN1C(=O)NC(=O)[C@]12Cc1ccc(NC(=O)Cn3c(=O)n(-c4cc(F)cc(F)c4)c4ccccc43)cc1C2,15.0,1.1760912590556813,train
CN1C(=O)NC(=O)[C@]12Cc1ccc(NC(=O)Cn3c(=O)n(-c4ccccn4)c4ccccc43)cc1C2,11.0,1.0413926851582251,train
CN1C(=O)NC(=O)[C@]12Cc1ccc(NC(=O)Cn3c(=O)n(-c4cnccn4)c4ccccc43)cc1C2,8.0,0.9030899869919435,train
CN1C(=O)NC(=O)[C@]12Cc1ccc(NC(=O)Cn3c(=O)n(-c4cncnc4)c4ccccc43)cc1C2,4.0,0.6020599913279624,train
CN1C(=O)NC(=O)[C@]12Cc1ccc(NC(=O)Cn3c(=O)n(-c4nccs4)c4ccccc43)cc1C2,13.0,1.1139433523068367,train
CN1C(=O)NC(=O)[C@]12Cc1ccc(NC(=O)Cn3c(=O)n(C4CCOC4)c4ccccc43)cc1C2,4.0,0.6020599913279624,train
CN1C(=O)NC(=O)[C@]12Cc1ccc(NC(=O)Cn3c(=O)n(C4CCS(=O)(=O)C4)c4ccccc43)cc1C2,0.3,-0.5228787452803376,train
CN1C(=O)[C@H]2CCCN2C(=O)[C@H](CCCCN)NC(=O)[C@H](CCCNC(=N)N)NC(=O)[C@@H](CCCNC(=N)N)NC(=O)[C@H](CCCNC(=N)N)NC(=O)[C@@H]1Cc1c[nH]c2ccccc12,0.14,-0.8538719643217619,train
CN1C(=O)c2ccccc2[S@+]([O-])c2ccc(C(=O)NCCc3cccs3)cc21,18.8,1.2741578492636798,train
CN1C/C=C/CCOc2cccc(c2)-c2ccnc(n2)Nc2cccc(c2)C1,27.7,1.4424797690644486,test
CN1CCC(NC(=O)c2ccc(Oc3ccc(C#C[C@]4(O)CN5CCC4CC5)cc3)cc2)CC1,0.3,-0.5228787452803376,train
CN1CCC(Nc2cc(N3CCN(C)CC3)ccc2C(=O)Nc2n[nH]c3ccc(Cc4cc(F)cc(F)c4)cc23)CC1,1.5,0.17609125905568124,test
CN1CCC(Oc2ccc(C(=O)Nc3n[nH]c4ccc(Cc5cc(F)cc(F)c5)cc34)c(NC3CCOCC3)c2)CC1,0.3,-0.5228787452803376,test
CN1CCC(c2cc(=O)[nH]o2)CC1,1.0,0.0,train
CN1CCC(c2cn(-c3ccc(F)cc3)c3ccc(-c4cncnc4)cc23)CC1,13.0,1.1139433523068367,train
CN1CCC(c2cn(-c3ccc(F)cc3)c3ccc(-c4ncn(C)n4)cc23)CC1,18.0,1.255272505103306,train
CN1CCC(c2cnn(-c3nccc4c(=O)[nH]cnc34)c2)CC1,0.76,-0.11918640771920865,train
CN1CCCC/C=C\[C@@H]2C[C@@]2(C(=O)NS(=O)(=O)C2CC2)NC(=O)[C@@H]2C[C@@H](Oc3nc(-c4ccccc4)nc4ccccc34)C[C@H]2C1=O,21.0,1.3222192947339193,train
CN1CCN(C(=O)c2cc([C@H]3CCCN3c3cc(F)cc(F)c3)c3oc(N4CCOCC4)cc(=O)c3c2)CC1,3.3,0.5185139398778874,test
CN1CCN(C(=O)c2ccc(-c3ccc4ncc(-c5ccc(C#N)cc5)n4c3)cc2)CC1,5.43,0.7347998295888469,test
CN1CCN(C(=O)c2ccc(-c3ccc4ncc(-c5ccc(C#N)cc5)n4n3)cc2)CC1,14.6,1.1643528557844371,train
CN1CCN(C(=O)c2ccc(-c3cn4c(-c5ccc(C#N)cc5)cnc4cn3)cc2)CC1,6.87,0.8369567370595504,test
CN1CCN(C(=O)c2ccc(-c3cnc(N)c(C(=O)Nc4cccnc4)n3)cc2)CC1,3.6,0.5563025007672873,test
CN1CCN(CCCN2c3ccccc3Sc3ccc(C(F)(F)F)cc32)CC1,0.9,-0.045757490560675115,train
CN1CCN(C[C@@H](NC(=O)C[C@H]2CNC(=O)c3cc(-c4cccc(Cl)c4)cn32)C2CCCCC2)CC1,8.4,0.9242792860618817,train
CN1CCN(C[C@@H](NC(=O)C[C@H]2CNC(=O)c3cc(-c4cccc(F)c4)cn32)C2CCCCC2)CC1,1.0,0.0,train
CN1CCN(C[C@@H](NC(=O)C[C@H]2CNC(=O)c3cc(-c4ccnc(F)c4)cn32)C2CCCCC2)CC1,0.33,-0.4814860601221125,test
CN1CCN(Cc2ccc(C(c3nnnn3Cc3ccccc3)N3CCCN(C4CCC4)CC3)cc2)CC1,0.8,-0.09691001300805639,train
CN1CCN(S(=O)(=O)c2ccc(-c3cnc(N)c(C(=O)Nc4cccnc4)n3)c(C(F)(F)F)c2)CC1,37.0,1.568201724066995,train
CN1CCN(S(=O)(=O)c2ccc(-c3cnc(N)c(C(=O)Nc4cccnc4)n3)c(F)c2)CC1,11.0,1.0413926851582251,train
CN1CCN(S(=O)(=O)c2ccc(-c3cnc(N)c(C(=O)Nc4cccnc4)n3)cc2)CC1,14.0,1.146128035678238,train
CN1CCN(S(=O)(=O)c2ccc(-c3cnc(N)c(C(=O)Nc4cccnc4)n3)cc2F)CC1,11.0,1.0413926851582251,train
CN1CCN(S(=O)(=O)c2ccc(-c3cnc(N)c(C(=O)Nc4cnccc4CN4CCCC4)n3)cc2)CC1,2.3,0.36172783601759284,test
CN1CCN(S(=O)(=O)c2ccc(-c3cnc(N)c(C(=O)Nc4ncns4)n3)cc2)CC1,18.0,1.255272505103306,test
CN1CCN(S(=O)(=O)c2ccc(-c3cncc(C(=O)Nc4cccnc4)n3)cc2)CC1,25.0,1.3979400086720377,train
CN1CCN(c2cc(CN(C)[C@H]3CCCc4cccnc43)ncn2)CC1,15.0,1.1760912590556813,train
CN1CCN(c2ccc(-c3cccc(CN4CCOCC4)c3)cc2NC(=O)c2c[nH]c(=O)cc2C(F)(F)F)CC1,0.1,-1.0,test
CN1CCN(c2ccc(-n3cc(-c4ccncc4OCC4CCNCC4)cn3)cc2)CC1,14.0,1.146128035678238,train
CN1CCN(c2ccc(C(=O)Nc3n[nH]c4ccc(Cc5cc(F)cc(F)c5)cc34)c(NC3CCOCC3)c2)CC1,2.4,0.38021124171160603,train
CN1CCN(c2ccc(C(=O)Nc3n[nH]c4ccc(Cc5cc(F)cc(F)c5)cc34)c(NCCF)c2)CC1,2.4,0.38021124171160603,test
CN1CCN(c2ccc(C(=O)Nc3n[nH]c4ccc(Cc5cc(F)cc(F)c5)cc34)c(N[C@H]3CC[C@H](O)CC3)c2)CC1,1.8,0.25527250510330607,test
CN1CCN(c2cnc3nnn(Cc4ccc5ncccc5c4)c3n2)CC1,25.1,1.3996737214810382,train
CN1CCN(c2nc(C3=C(c4c[nH]c5ccccc45)C(=O)NC3=O)c3ccccc3n2)CC1,4.5,0.6532125137753437,test
CN1CC[C@@H](NC(=O)Nc2ccc(C#N)cc2)C[C@@H]1c1nc2ccccc2[nH]1,5.98,0.7767011839884109,test
CN1CC[C@H](c2c(O)cc(O)c3c(=O)cc(/C=C/c4c(Cl)cccc4Cl)oc23)[C@H](O)C1,2.1,0.3222192947339193,train
CN1CCc2c(cccc2C(=O)NCC2(N3CCN(c4ccccc4)CC3)CCCCC2)C1,11.0,1.0413926851582251,test
CN1CCc2cc(-c3ccc4oc5c(-c6ccccc6)nc(=O)n(CCN6CCC(F)(F)C6)c5c4c3)ccc2C1,0.55,-0.2596373105057561,train
CN1CCc2cc(-c3ccc4oc5c(-c6ccccc6)nc(=O)n(CCN6CCCC6C(N)=O)c5c4c3)ccc2C1,0.17,-0.769551078621726,train
CN1C[C@@H](OC(=O)N2CCCCC2)C[C@H](C(=O)NO)[C@H]1C(=O)N1CCN(c2ccccc2)CC1,0.9,-0.045757490560675115,test
CNC(=C[N+](=O)[O-])NCCSCc1ccc(CN(C)C)o1,0.45,-0.3467874862246563,train
CNC(=O)C(=O)NCCCC/C=C\CCCCCCCCCC(=O)O,5.3,0.724275869600789,train
CNC(=O)C(=O)NCCCC/C=C\CCCCCCCCCc1nnn[nH]1,10.0,1.0,train
CNC(=O)C(=O)NCCCC/C=C\CCCCCCCOCC(=O)O,28.2,1.4502491083193612,train
CNC(=O)CCC(CC(=O)Nc1ccc(C)cc1C)c1nnc(CCCC(C)C)n1C1CC1,1.5,0.17609125905568124,train
CNC(=O)CCCN(C)C(=O)c1ccc2c(c1)c1c(n2C)CC[C@@H](C2CCOCC2)C1,12.0,1.0791812460476249,train
CNC(=O)CC[C@@H](CO)N(C)C(=O)c1ccc2c(c1)c1c(n2C)CC[C@@H](C2CCOCC2)C1,0.15,-0.8239087409443188,train
CNC(=O)CN1CCC(Oc2cc3c(Nc4cccc(Cl)c4F)ncnc3cc2OC)CC1,15.9,1.2013971243204515,train
CNC(=O)C[C@@H](C)c1ccn2ncnc(N[C@H]3CC[C@H](N4CCN(C(=O)OC)CC4)CC3)c12,22.0,1.3424226808222062,train
CNC(=O)C[C@@H]1COc2cc(F)ccc2N1C(=O)c1ccc2c(c1)NC(=O)CO2,6.2,0.7923916894982539,train
CNC(=O)C[C@H]1CCc2cc(F)ccc2N1C(=O)c1ccc2c(c1)NC(=O)CO2,6.3,0.7993405494535817,test
CNC(=O)C[C@H]1COc2cc(Br)ccc2N1C(=O)c1ccc2c(c1)NC(=O)CO2,23.0,1.3617278360175928,train
CNC(=O)C[C@H]1COc2cc(C#N)ccc2N1C(=O)c1ccc2c(c1)NC(=O)CO2,1.5,0.17609125905568124,train
CNC(=O)C[C@H]1COc2cc(C(F)(F)F)ccc2N1C(=O)c1ccc2c(c1)NC(=O)CO2,19.0,1.2787536009528289,train
CNC(=O)C[C@H]1COc2cc(C)ccc2N1C(=O)c1ccc2c(c1)NC(=O)CO2,14.0,1.146128035678238,train
CNC(=O)C[C@H]1COc2cc(Cl)cc(C)c2N1C(=O)c1ccc2c(c1)NC(=O)CO2,7.8,0.8920946026904804,train
CNC(=O)C[C@H]1COc2cc(Cl)ccc2N1C(=O)c1ccc2c(c1)NC(=O)CO2,21.0,1.3222192947339193,train
CNC(=O)C[C@H]1COc2cc(F)ccc2N1C(=O)c1ccc2c(c1)NC(=O)CO2,5.0,0.6989700043360189,train
CNC(=O)C[C@H]1COc2ccccc2N1C(=O)c1ccc2c(c1)NC(=O)CO2,6.8,0.8325089127062363,train
CNC(=O)NC1(c2ccccc2)CCN(C[C@@H]2C[C@@]2(C(=O)N(C)Cc2ccccc2)c2ccc(Cl)c(Cl)c2)CC1,0.6,-0.2218487496163564,train
CNC(=O)[C@@H](NC(=O)[C@H](OCc1ccccc1)[C@H](O)[C@@H](O)[C@@H](OCc1ccccc1)C(=O)N[C@H]1c2ccccc2C[C@H]1O)C(C)C,1.4,0.146128035678238,train
CNC(=O)[C@@]12C[C@@H]1[C@@H](n1cnc3c(NC(C4CC4)C4CC4)nc(Cl)nc31)[C@H](O)[C@@H]2O,25.47,1.4060289449636152,train
CNC(=O)[C@H](Cc1c[nH]cn1)NC(=O)CN(CCCc1ccccc1)CC(=O)OC,0.2,-0.6989700043360187,test
CNC(=O)[C@H](Cc1ccccc1)NC(=O)[C@@H](N)Cc1ccccc1,2.2,0.3424226808222063,train
CNC(=O)c1cc(Oc2ccc3c(c2)nc(Nc2cccc(C(C)(C)C)c2)n3C)ccn1,5.5,0.7403626894942439,train
CNC(=O)c1cc(Oc2ccc3nc(Nc4ccc(-c5cccnc5)cc4)ncc3c2)ccn1,1.0,0.0,train
CNC(=O)c1cc(Oc2ccc3nc(Nc4ccc(Br)cc4)ncc3c2)ccn1,1.0,0.0,train
CNC(=O)c1cc(Oc2ccc3nc(Nc4ccc(C(C)C)cc4)ncc3c2)ccn1,1.0,0.0,train
CNC(=O)c1cc(Oc2ccc3nc(Nc4ccc(C(F)(F)F)cc4)ncc3c2)ccn1,1.0,0.0,train
CNC(=O)c1cc(Oc2ccc3nc(Nc4ccc(F)cc4)ncc3c2)ccn1,1.0,0.0,train
CNC(=O)c1cc(Oc2ccc3nc(Nc4ccc(OC(F)(F)F)cc4)ncc3c2)ccn1,1.0,0.0,train
CNC(=O)c1cc(Oc2ccc3nc(Nc4ccc(OC)cc4)ncc3c2)ccn1,1.0,0.0,train
CNC(=O)c1cc(Oc2ccc3nc(Nc4ccc(Oc5ccccc5)cc4)ncc3c2)ccn1,1.0,0.0,train
CNC(=O)c1cc(Oc2ccc3nc(Nc4cccc(Br)c4)ncc3c2)ccn1,1.0,0.0,train
CNC(=O)c1cc(Oc2ccc3nc(Nc4cccc(C(C)(C)C)c4)ccc3c2)ccn1,1.0,0.0,train
CNC(=O)c1cc(Oc2ccc3nc(Nc4cccc(C(C)(C)C)c4)cnc3c2)ccn1,1.0,0.0,train
CNC(=O)c1cc(Oc2ccc3nc(Nc4cccc(C(C)(C)C)c4)ncc3c2)ccn1,1.0,0.0,train
CNC(=O)c1cc(Oc2ccc3nc(Nc4cccc(C(C)C)c4)ncc3c2)ccn1,1.0,0.0,train
CNC(=O)c1cc(Oc2ccc3nc(Nc4cccc(C(F)(F)F)c4)ncc3c2)ccn1,1.0,0.0,train
CNC(=O)c1cc(Oc2ccc3nc(Nc4cccc(Cl)c4)ncc3c2)ccn1,1.0,0.0,train
CNC(=O)c1cc(Oc2ccc3nc(Nc4cccc(OC(F)(F)F)c4)ncc3c2)ccn1,1.0,0.0,train
CNC(=O)c1cc(Oc2ccc3nc(Nc4ccccc4)ncc3c2)ccn1,1.0,0.0,train
CNC(=O)c1cc(Oc2ccc3nc(Nc4ccccc4Br)ncc3c2)ccn1,1.0,0.0,train
CNC(=O)c1cc(Oc2ccc3nc(Nc4ccccc4Oc4ccccc4)ncc3c2)ccn1,1.0,0.0,train
CNC(=O)c1cc(Oc2ccc3oc(Nc4ccc(Br)cc4)nc3c2)ccn1,10.0,1.0,train
CNC(=O)c1cc(Oc2ccc3oc(Nc4ccc(C(C)C)cc4)nc3c2)ccn1,10.0,1.0,train
CNC(=O)c1cc(Oc2ccc3oc(Nc4ccc(Cl)cc4)nc3c2)ccn1,10.0,1.0,train
CNC(=O)c1cc(Oc2ccc3oc(Nc4ccc(N(C)C)cc4)nc3c2)ccn1,10.0,1.0,train
CNC(=O)c1cc(Oc2ccc3oc(Nc4ccc(OC(F)(F)F)cc4)nc3c2)ccn1,10.0,1.0,train
CNC(=O)c1cc(Oc2ccc3oc(Nc4ccc(Oc5ccccc5)cc4)nc3c2)ccn1,10.0,1.0,train
CNC(=O)c1cc(Oc2ccc3oc(Nc4cccc(C(C)(C)C)c4)nc3c2)ccn1,10.0,1.0,train
CNC(=O)c1cc(Oc2ccc3oc(Nc4cccc(C(C)C)c4)nc3c2)ccn1,10.0,1.0,train
CNC(=O)c1cc(Oc2ccc3oc(Nc4cccc(C(F)(F)F)c4)nc3c2)ccn1,10.0,1.0,train
CNC(=O)c1cc(Oc2ccc3oc(Nc4ccccc4Cl)nc3c2)ccn1,10.0,1.0,train
CNC(=O)c1cc(Oc2ccc3oc(Nc4ccccc4F)nc3c2)ccn1,10.0,1.0,train
CNC(=O)c1cc(Oc2ccc3sc(Nc4ccc(Br)cc4)nc3c2)ccn1,10.0,1.0,train
CNC(=O)c1cc(Oc2ccc3sc(Nc4ccc(C(C)C)cc4)nc3c2)ccn1,10.0,1.0,train
CNC(=O)c1cc(Oc2ccc3sc(Nc4ccc(C)cc4)nc3c2)ccn1,10.0,1.0,train
CNC(=O)c1cc(Oc2ccc3sc(Nc4ccc(Cl)cc4)nc3c2)ccn1,10.0,1.0,train
CNC(=O)c1cc(Oc2ccc3sc(Nc4ccc(OC(F)(F)F)cc4)nc3c2)ccn1,10.0,1.0,train
CNC(=O)c1cc(Oc2ccc3sc(Nc4cccc(C(C)(C)C)c4)nc3c2)ccn1,10.0,1.0,train
CNC(=O)c1ccc(-c2ccc(=O)n(Cc3cccc(Nc4ncc(-c5cnn(C)c5)cn4)c3)n2)cc1F,1.7,0.2304489213782739,train
CNC(=O)c1ccc(-c2ccc(O[C@H]3O[C@H](CO)[C@@H](O)[C@H](O)[C@@H]3O)cc2)cc1,1.1,0.04139268515822508,train
CNC(=O)c1ccc(-c2cnc3ncn(C(C)c4cc5cccnc5cc4F)c3n2)cc1F,39.8,1.5998830720736879,train
CNC(=O)c1ccc(C(c2nnnn2Cc2ccccc2)N2CCCN(C3CCC3)CC2)cc1,0.3,-0.5228787452803376,train
CNC(=O)c1ccc(C)c(-n2c(C)cc(OCc3ccc(F)cc3F)c(Br)c2=O)c1,15.9,1.2013971243204515,train
CNC(=O)c1ccc(Oc2ccc(C#C[C@]3(O)CN4CCC3CC4)cc2)cc1,23.0,1.3617278360175928,test
CNC(=O)c1ccc2[nH]nc(Cc3ccc(-c4cnn(C)c4)cc3)c2c1,41.2,1.6148972160331345,train
CNC(=O)c1ccc2[nH]nc(Cc3ccc4c(cnn4C)c3)c2c1,33.1,1.5198279937757189,train
CNC(=O)c1ccc2nc(C(F)(F)F)n(C)c2c1,14.58,1.1637575239819558,train
CNC(=O)c1ccccc1Nc1nc(Nc2ccc3c(c2OC)CCC[C@@H](N2CCN(CCO)CC2)C3)ncc1Cl,1.0,0.0,train
CNC(=O)c1ccccc1Nc1nc(Nc2ccc3c(c2OC)CCC[C@H](N2CCN(CCO)CC2)C3)ncc1Cl,1.0,0.0,train
CNC(=O)c1nc(-c2nc(-c3cnc4ccccn34)c(C)nc2N)n(C)n1,6.0,0.7781512503836436,train
CNC(=O)c1nc(-c2nc(-c3cnn4ccccc34)c(C)nc2N)n(C)n1,36.0,1.5563025007672873,train
CNC(=O)c1ncn(-c2ccc(NC(=O)C3CCN(c4ncccc4Cl)CC3)cc2Cl)n1,8.2,0.9138138523837167,test
CNC(=O)c1nnc2ccc(-c3ccc(COC)nc3)cc2c1N[C@@H](C)C1CCOCC1,0.5,-0.3010299956639812,train
CNC(=O)c1nnc2ccc(-c3ccc(OCCCN(C)C)nc3)cc2c1N[C@@H](C)C1CCOCC1,2.6,0.414973347970818,train
CNC(=O)c1nnc2ccc(-c3ccc(OCCCN(C)C)nc3)cc2c1N[C@@H](C)c1nn(C)cc1C,1.6,0.2041199826559248,train
CNCC(=O)N[C@H](c1cc(C)ccc1N1CCN(C(=O)[C@H](C)Cc2ccc(Cl)cc2F)CC1)C(C)C,8.0,0.9030899869919435,train
CNCC(=O)N[C@H](c1cccc(F)c1N1CCN(C(=O)[C@H](C)Cc2ccc(Cl)cc2)CC1)C(C)C,1.0,0.0,train
CNCC(=O)N[C@H](c1cccc(F)c1N1CCN(C(=O)[C@H](C)Cc2ccc(Cl)cc2Cl)CC1)C(C)C,2.0,0.3010299956639812,train
CNCC(=O)N[C@H](c1cccc(F)c1N1CCN(C(=O)[C@H](C)Cc2ccc(Cl)cc2OC)CC1)C(C)C,2.0,0.3010299956639812,train
CNCCC(=O)N[C@H](c1cc(C)ccc1N1CCN(C(=O)[C@H](C)Cc2ccc(Cl)cc2)CC1)C(C)C,12.0,1.0791812460476249,train
CNCCC(Oc1ccc(C(F)(F)F)cc1)c1ccccc1,2.45,0.3891660843645325,train
CNCCCc1cccc(CCc2cc(C)cc(N)n2)c1,3.9,0.5910646070264992,train
CNCCN[C@H](c1cc(C)ccc1N1CCN(C(=O)[C@H](C)Cc2ccc(Cl)cc2F)CC1)C(C)C,3.0,0.47712125471966244,train
CNCCN[C@H](c1cccc(F)c1N1CCN(C(=O)[C@H](C)Cc2ccc(Cl)cc2)CC1)C(C)C,0.4,-0.3979400086720376,train
CNCC[C@H](Oc1cccc2ccccc12)c1cccs1,15.0,1.1760912590556813,train
CNCc1cc(C#N)cc(OCc2ccc3ccc(N)nc3c2)c1.Cl.Cl,9.2,0.9637878273455552,train
CNCc1cc(OCc2ccc3ccc(N)nc3c2)ccc1Cl,2.3,0.36172783601759284,train
CNCc1cc(OCc2ccc3ccc(N)nc3c2)ccc1Cl.Cl.Cl,2.3,0.36172783601759284,train
CNCc1cccc(-c2cc(F)cc(CCc3cc(C)cc(N)n3)c2)c1,0.8,-0.09691001300805639,train
CNCc1cccc(-c2cncc(CCc3cc(C)cc(N)n3)c2)c1,0.7,-0.1549019599857432,train
CNCc1cccc(OCc2ccc3c(C)cc(N)nc3c2)c1,7.1,0.8512583487190752,train
CNS(=O)(=O)Cc1ccc2[nH]cc(CCN(C)C)c2c1,2.35,0.37106786227173627,train
CNS(=O)(=O)c1ccc(-c2ccc(O[C@H]3O[C@H](CO)[C@@H](O)[C@H](O)[C@@H]3O)cc2)cc1,0.28,-0.5528419686577808,train
CN[C@@H](C)C(=O)N[C@H](C(=O)N1CCC[C@H]1C(=O)N[C@H]1c2ccccc2C[C@H]1OCC#CC#CCO[C@@H]1Cc2ccccc2[C@@H]1NC(=O)[C@@H]1CCCN1C(=O)[C@@H](NC(=O)[C@H](C)NC)C(C)(C)C)C(C)(C)C,0.1,-1.0,test
CN[C@@H](C)C(=O)N[C@H](C(=O)N1CCC[C@H]1C(=O)N[C@H]1c2ccccc2C[C@H]1OCC#CC#CCO[C@@H]1Cc2ccccc2[C@@H]1NC(=O)[C@@H]1CCCN1C(=O)[C@@H](NC(=O)[C@H](C)NC)C1CCCCC1)C1CCCCC1,0.1,-1.0,test
CN[C@@H](Cc1ccccc1)C(=O)N[C@@H](Cc1ccccc1)C(N)=O,13.9,1.1430148002540952,train
CN[C@@H](Cn1c(=O)c(-c2cccc(OCCCCC(=O)O)c2F)c(C)n(Cc2c(F)cccc2C(F)(F)F)c1=O)c1ccccc1,1.2,0.07918124604762482,train
CN[C@@H]1CCC=C(c2ccc(F)cc2)[C@H]1COc1cc(F)c(S(=O)(=O)Nc2cscn2)cc1Cl.Cl,0.2,-0.6989700043360187,train
CN[C@@H]1CCN(c2nc(N)nc3c2oc2ncc(Cl)cc23)C1,23.0,1.3617278360175928,train
CNc1ccc2cc(C(=O)N(Cc3ccc(-c4ccc(N(C)C)cc4)cc3)c3cccc(/C=C/C(=O)OC)c3)ccc2c1,58.16,1.7646243978509815,test
CNc1nc2ccccc2n1-c1nc(N2CCOC[C@H]2C)cc(C2(S(C)(=O)=O)CC2)n1,53.0,1.724275869600789,train
CNc1nc2ccccc2n1-c1nc(N2CCOC[C@H]2C)cc(C2([S@](C)(=N)=O)CC2)n1,8.0,0.9030899869919435,train
CNc1nc2sc3c(NCCN4CCOCC4)ncnc3c2c2c1CCC(C)(C)C2,13.7,1.1367205671564067,train
COC(=O)/C=C/c1cccc(N(Cc2ccc(-c3ccc(N(C)C)cc3)cc2)C(=O)C2CCCCC2)c1,394.685,2.5962506213511345,test
COC(=O)C1=C(C)NC(C)=C(C(=O)OCCN(C)Cc2ccccc2)C1c1cccc([N+](=O)[O-])c1,4.6,0.6627578316815741,test
COC(=O)C1=C(CN2CC(F)(F)C[C@H]2C(=O)O)NC(c2nccs2)=N[C@@]1(C)c1ccc(F)cc1,1.9,0.2787536009528289,test
COC(=O)CNP(=O)(OC[C@H]1OC(OC(C)=O)[C@@H](NC(C)=O)[C@@H](OC(C)=O)[C@@H]1OC(C)=O)Oc1cccc2ccccc12,0.44999999999999996,-0.3467874862246564,train
COC(=O)N1CCC(Cc2cccc([C@@H](CC#N)Nc3nc4nc(C)ccc4[nH]3)c2)CC1,2.3,0.36172783601759284,train
COC(=O)N1CCC(Oc2cccc([C@@H](CC#N)Nc3nc4nc(C)ccc4[nH]3)c2)CC1,1.0,0.0,train
COC(=O)N1CCN([C@H]2CC[C@H](Nc3nc(Nc4cnn(C)c4)nc4ccc(C#N)cc34)CC2)CC1,3.0,0.47712125471966244,train
COC(=O)N1CCN([C@H]2CC[C@H](Nc3nc(Nc4cnn(C)c4)nc4ccc(C)nc34)CC2)CC1,7.9,0.8976270912904415,train
COC(=O)N1CCN([C@H]2CC[C@H](Nc3nc(Nc4cnn(C)c4)nc4ccc(CC#N)nc34)CC2)CC1,9.3,0.9684829485539351,train
COC(=O)N1CCN([C@H]2CC[C@H](Nc3ncnc4[nH]cc(C5CCOCC5)c34)CC2)CC1,20.0,1.3010299956639813,train
COC(=O)N1CCN([C@H]2CC[C@H](Nc3ncnc4ccc(C#N)cc34)CC2)CC1,20.0,1.3010299956639813,train
COC(=O)N1CCN([C@H]2CC[C@H](Nc3ncnc4ccc(C)cc34)CC2)CC1,28.0,1.4471580313422192,train
COC(=O)N1CCN([C@H]2CC[C@H](Nc3ncnc4ccc(C)nc34)CC2)CC1,35.0,1.5440680443502757,train
COC(=O)N1CCN([C@H]2CC[C@H](Nc3ncnn4ccc(C(C)C)c34)CC2)CC1,37.0,1.568201724066995,train
COC(=O)N1CCN([C@H]2CC[C@H](Nc3ncnn4ccc([C@H](C)CC(=O)N(C)C)c34)CC2)CC1,18.0,1.255272505103306,train
COC(=O)N1CCN([C@H]2CC[C@H](Nc3ncnn4ccc([C@H](C)CC(N)=O)c34)CC2)CC1,17.0,1.2304489213782739,train
COC(=O)N1CCc2c(nc(C)n2[C@H]2C[C@H]3CC[C@@H](C2)N3CC[C@H](NC(C)=O)c2cccc(F)c2)C1,3.0,0.47712125471966244,train
COC(=O)N1CCc2nc(C)n([C@H]3C[C@H]4CC[C@@H](C3)N4CC[C@H](NC(C)=O)c3cccc(F)c3)c2C1,2.0,0.3010299956639812,train
COC(=O)N1CCc2nc(C)n([C@H]3C[C@H]4CC[C@@H](C3)N4CC[C@H](NC(C)=O)c3ccccc3)c2C1,3.0,0.47712125471966244,train
COC(=O)NC1(c2ccccc2)CCN(C[C@@H]2C[C@@]2(C(=O)N(C)Cc2ccccc2)c2ccc(Cl)c(Cl)c2)CC1,0.4,-0.3979400086720376,train
COC(=O)NCc1ccc(Cl)cc1CNC(=O)CC1=C(C)CCN(NCc2cccc(C(=O)OC)c2)C1=O,54.0,1.7323937598229686,train
COC(=O)N[C@@H](CCN1[C@@H]2CC[C@H]1C[C@@H](n1c(C)nc3c1CN(C(=O)OC)CC3)C2)c1cccc(F)c1,17.0,1.2304489213782739,train
COC(=O)N[C@@H](CCN1[C@@H]2CC[C@H]1C[C@@H](n1c(C)nc3c1CN(C(C)=O)CC3)C2)c1cccc(F)c1,6.0,0.7781512503836436,train
COC(=O)N[C@@H](CCN1[C@@H]2CC[C@H]1C[C@@H](n1c(C)nc3c1CN(C(C)=O)CC3)C2)c1ccccc1,4.0,0.6020599913279624,train
COC(=O)N[C@H](C(=O)NN(CCC[C@@](O)(Cc1ccccc1)C(=O)N[C@H]1c2ccccc2C[C@H]1O)Cc1ccc(-c2ccncc2)cc1)C(C)(C)C,3.0,0.47712125471966244,train
COC(=O)N[C@H](C(=O)NN(CCC[C@@]1(Cc2ccccc2)C(=O)N([C@H]2c3ccccc3C[C@H]2O)C[C@H]1O)Cc1ccc(-c2ccccn2)cc1)C(C)(C)C,3.4,0.5314789170422551,test
COC(=O)N[C@H](C(=O)NN(CCC[C@@]1(Cc2ccccc2)C(=O)N([C@H]2c3ccccc3C[C@H]2O)C[C@H]1O)Cc1ccc(-c2cccnc2)cc1)C(C)(C)C,4.4,0.6434526764861874,test
COC(=O)N[C@H](C(=O)NN(CCC[C@@]1(Cc2ccccc2)C(=O)N([C@H]2c3ccccc3C[C@H]2O)C[C@H]1O)Cc1ccc(Br)cc1)C(C)(C)C,22.0,1.3424226808222062,test
COC(=O)N[C@H](C(=O)NN(CC[C@@](O)(Cc1ccccc1)C(=O)N[C@H]1c2ccccc2C[C@H]1O)Cc1ccc(-c2ccccn2)cc1)C(C)(C)C,3.5,0.5440680443502757,train
COC(=O)N[C@H](C(=O)NN(CC[C@@](O)(Cc1ccccc1)C(=O)N[C@H]1c2ccccc2C[C@H]1O)Cc1ccc(-c2cccnc2)cc1)C(C)(C)C,26.0,1.414973347970818,train
COC(=O)N[C@H](C(=O)NN(CC[C@@](O)(Cc1ccccc1)C(=O)N[C@H]1c2ccccc2C[C@H]1O)Cc1ccc(Br)cc1)C(C)(C)C,42.0,1.6232492903979006,train
COC(=O)N[C@H](C(=O)NN(CC[C@@]1(Cc2ccccc2)C(=O)N([C@H]2c3ccccc3C[C@H]2O)C[C@@H]1O)Cc1ccc(-c2cccnc2)cc1)C(C)(C)C,5.1,0.7075701760979364,train
COC(=O)N[C@H](C(=O)NN(CC[C@@]1(Cc2ccccc2)C(=O)N([C@H]2c3ccccc3C[C@H]2O)C[C@@H]1O)Cc1ccc(Br)cc1)C(C)(C)C,17.0,1.2304489213782739,test
COC(=O)N[C@H](C(=O)NN(CC[C@@]1(Cc2ccccc2)C(=O)N([C@H]2c3ccccc3C[C@H]2O)C[C@H]1O)Cc1ccc(-c2cccnc2)cc1)C(C)(C)C,3.8,0.5797835966168101,train
COC(=O)N[C@H](C(=O)NN(Cc1ccc(-c2cccnc2)cc1)C[C@@](O)(Cc1ccccc1)C(=O)N[C@H]1c2ccccc2C[C@H]1O)C(C)(C)C,33.0,1.5185139398778875,train
COC(=O)N[C@H](C(=O)NN(Cc1ccc(Br)cc1)C[C@@](O)(Cc1ccccc1)C(=O)N[C@H]1c2ccccc2C[C@H]1O)C(C)(C)C,42.0,1.6232492903979006,train
COC(=O)N[C@H](C(=O)NN(Cc1ccccc1)C[C@@](O)(Cc1ccccc1)C(=O)N[C@H]1c2ccccc2C[C@H]1O)C(C)(C)C,35.0,1.5440680443502757,train
COC(=O)N[C@H](C(=O)N[C@@H](Cc1ccccc1)[C@@H](O)CN(Cc1ccc(-c2ccccn2)cc1)NC(=O)[C@@H](NC(=O)OC)C(C)(C)C)C(C)(C)C,5.3,0.724275869600789,train
COC(=O)Nc1nc2ccc(C(=O)c3ccccc3)cc2[nH]1,5.15,0.7118072290411911,test
COC(=O)O[C@H]1C(=O)[C@]2(C)[C@@H](OC)C[C@H]3OC[C@@]3(OC(C)=O)[C@H]2[C@H](OC(=O)c2ccccc2)[C@]2(O)C[C@H](OC(=O)[C@H](O)[C@@H](NC(=O)OC(C)(C)C)c3ccccc3)C(C)=C1C2(C)C,6.91,0.8394780473741984,train
COC(=O)O[C@H]1C(=O)[C@]2(C)[C@@H](OC)C[C@H]3OC[C@@]3(OC(C)=O)[C@H]2[C@H](OC(=O)c2ccccc2)[C@]2(O)C[C@H](OC(=O)[C@H](O)[C@@H](NC(=O)c3ccccc3)c3ccccc3)C(C)=C1C2(C)C,4.38,0.6414741105040995,train
COC(=O)O[C@H]1C(=O)[C@]2(C)[C@@H](OC)C[C@H]3OC[C@@]3(OC(C)=O)[C@H]2[C@H](OC(=O)c2ccccc2)[C@]2(O)C[C@H](OC(=O)[C@H](O)[C@H](CC(C)C)NC(=O)OC(C)(C)C)C(C)=C1C2(C)C,8.87,0.9479236198317263,train
COC(=O)O[C@H]1C(=O)[C@]2(C)[C@@H](OC)C[C@H]3OC[C@@]3(OC(C)=O)[C@H]2[C@H](OC(=O)c2ccccc2)[C@]23OC(=O)O[C@H]2[C@H](OC(=O)[C@H](O)[C@@H](NC(=O)OC(C)(C)C)c2ccccc2)C(C)=C1C3(C)C,1.43,0.1553360374650618,train
COC(=O)O[C@H]1C[C@H]2OC[C@@]2(OC(C)=O)[C@H]2[C@H](OC(=O)c3ccccc3)[C@]3(O)C[C@H](OC(=O)[C@H](O)[C@@H](NC(=O)OC(C)(C)C)c4ccccc4)C(C)=C([C@@H](OC)C(=O)[C@]12C)C3(C)C,6.97,0.8432327780980095,train
COC(=O)O[C@H]1C[C@H]2OC[C@@]2(OC(C)=O)[C@H]2[C@H](OC(=O)c3ccccc3)[C@]3(O)C[C@H](OC(=O)[C@H](O)[C@@H](NC(=O)OC(C)(C)C)c4ccccn4)C(C)=C([C@@H](OC)C(=O)[C@]12C)C3(C)C,4.53,0.6560982020128319,train
COC(=O)O[C@H]1C[C@H]2OC[C@@]2(OC(C)=O)[C@H]2[C@H](OC(=O)c3ccccc3)[C@]3(O)C[C@H](OC(=O)[C@H](O)[C@@H](NC(=O)c4ccccc4)c4ccccc4)C(C)=C([C@@H](OC)C(=O)[C@]12C)C3(C)C,3.32,0.5211380837040362,train
COC(=O)O[C@H]1C[C@H]2OC[C@@]2(OC(C)=O)[C@H]2[C@H](OC(=O)c3ccccc3)[C@]3(O)C[C@H](OC(=O)[C@H](O)[C@H](CC(C)C)NC(=O)OC(C)(C)C)C(C)=C([C@@H](OC)C(=O)[C@]12C)C3(C)C,7.16,0.8549130223078556,train
COC(=O)O[C@H]1C[C@H]2OC[C@@]2(OC(C)=O)[C@H]2[C@H](OC(=O)c3ccccc3)[C@]34OC(=O)O[C@H]3[C@H](OC(=O)[C@H](O)[C@@H](NC(=O)OC(C)(C)C)c3ccccc3)C(C)=C([C@@H](OC)C(=O)[C@]12C)C4(C)C,3.93,0.5943925503754267,train
COC(=O)O[C@H]1C[C@H]2OC[C@@]2(OC(C)=O)[C@H]2[C@H](OC(=O)c3ccccc3)[C@]34OC(=O)O[C@H]3[C@H](OC(=O)[C@H](O)[C@H](CC(C)C)NC(=O)OC(C)(C)C)C(C)=C([C@@H](OC)C(=O)[C@]12C)C4(C)C,0.92,-0.036212172654444715,train
COC(=O)[C@@H]1CCCN1P(=O)(OC[C@H]1OC(OC(C)=O)[C@@H](NC(C)=O)[C@@H](OC(C)=O)[C@@H]1OC(C)=O)Oc1ccccc1,0.35,-0.4559319556497244,train
COC(=O)[C@@]12C[C@@H]1[C@@H](n1cnc3c(NC(C4CC4)C4CC4)nc(Cl)nc31)[C@H](O)[C@@H]2O,24.53,1.3896975482063858,train
COC(=O)[C@H](C)NP(=O)(OC[C@H]1O[C@@H](n2ccc3c(-c4cccs4)ncnc32)[C@H](O)[C@@H]1O)Oc1ccccc1,0.74,-0.13076828026902382,train
COC(=O)[C@H]1[C@H]2C[C@@H]3c4[nH]c5cc(OC)ccc5c4CCN3C[C@H]2C[C@@H](OC(=O)c2cc(OC)c(OC)c(OC)c2)[C@@H]1OC,3.75,0.5740312677277188,test
COC(=O)c1c(O)cccc1OC/C=C/c1ccc(F)c(-c2cc(C(=O)O)no2)c1,1.0,0.0,test
COC(=O)c1ccc(-c2c(Cl)cc(O[C@H]3O[C@H](CO)[C@@H](O)[C@H](O)[C@@H]3O)cc2Cl)cc1,5.81,0.7641761323903307,train
COC(=O)c1ccc(-c2cc(Cl)c(O[C@H]3O[C@H](CO)[C@@H](O)[C@H](O)[C@@H]3O)c(Cl)c2)cc1,3.32,0.5211380837040362,train
COC(=O)c1ccc(-c2ccc(Cl)c(O[C@H]3O[C@H](CO)[C@@H](O)[C@H](O)[C@@H]3O)c2)cc1,1.63,0.21218760440395779,train
COC(=O)c1ccc(-c2ccc(O[C@H]3O[C@H](CO)[C@@H](O)[C@H](O)[C@@H]3O)c(Cl)c2)cc1,2.05,0.31175386105575426,train
COC(=O)c1ccc(-c2ccc(O[C@H]3O[C@H](CO)[C@@H](O)[C@H](O)[C@@H]3O)cc2)cc1,4.23,0.6263403673750424,train
COC(=O)c1ccc(-c2cccc(O[C@H]3O[C@H](CO)[C@@H](O)[C@H](O)[C@@H]3O)c2)cc1,4.88,0.6884198220027106,train
COC(=O)c1ccc(NC(=O)c2cccc(-c3cc(C(=O)Nc4ccncc4F)ccc3CN)c2)cc1,0.8,-0.09691001300805639,train
COC(=O)c1ccc2[nH]c(C(F)(F)F)nc2c1,32.69,1.514414920580369,train
COC(=O)c1ccc2c(c1)nc(C(F)(F)F)n2C,26.66,1.4258601450778403,train
COC(=O)c1ccc2nc(C(F)(F)F)n(C)c2c1,39.25,1.5938396610812713,train
COC(=O)c1ccccc1-c1c2ccc(N)cc2[o+]c2cc(N)ccc12.[Cl-],1.0,0.0,train
COC(=O)c1ccccc1-c1ccc(CN2CCC(COC(=O)c3c4n(c5ccccc35)CCCO4)CC2)cc1.CS(=O)(=O)O,25.0,1.3979400086720377,train
COC(=O)c1cn(C2CC2)c2cc(N3CCNCC3)c(F)cc2c1=O,11.510000000000002,1.0610753236297918,train
COC(C)(C)C1CCCN1c1ccnc2[nH]ncc12,75.0,1.8750612633917,train
COC1(C)CN(C(=O)c2ccc3c(N)ncc(-c4ccc(-c5cnn(C)c5)cc4)c3c2)C1,25.2,1.4014005407815442,train
COC1(C)CN(C(=O)c2ccc3c(N)ncc(-c4ccc(-c5cnn(C)c5)cc4)c3n2)C1,40.1,1.6031443726201824,train
COC1CN(C(=O)c2ccc3[nH]nc(Cc4ccc(-c5cnn(C)c5)cc4)c3c2)C1,28.8,1.4593924877592308,train
COC1CN(C(=O)c2ccc3[nH]nc(Cc4ccc5c(cnn5C)c4)c3c2)C1,33.6,1.526339277389844,train
COC1CN(C(=O)c2ccc3c(N)ncc(-c4ccc(-c5cnn(C)c5)cc4)c3c2)C1,29.0,1.462397997898956,train
COC1CN(C(=O)c2ccc3c(N)ncc(-c4ccc(-c5cnn(C)c5)cc4)c3n2)C1,28.6,1.4563660331290431,train
COCC#Cc1cccc(C2(c3ccc(OC(F)F)cc3)N=C(N)N3CC(F)(F)CN=C32)c1,8.4,0.9242792860618817,train
COCC(C)n1cc(C(=O)C(=O)Nc2ccc(OC)nc2)c2ccccc21,33.6,1.526339277389844,train
COCCC#Cc1cccc(C2(c3ccc(OC(F)F)cc3)N=C(N)N3CC(F)(F)CN=C32)c1,9.5,0.9777236052888477,train
COCCCN1C[C@@H]2[C@@H](CNC(=O)c3nc(C(C)C)n4ccccc34)[C@@H]2C1,34.8,1.541579243946581,test
COCCCNC(=O)c1nc(-c2ccc(S(=O)(=O)N3CCN(C)CC3)cc2)cnc1N,14.0,1.146128035678238,train
COCCCOc1cc(C(=O)N(C[C@@H]2CNC[C@H]2NC(=O)CCc2ccccc2)C(C)C)ccc1OC,1.6,0.2041199826559248,test
COCCCOc1cc(C(=O)N(C[C@@H]2CNC[C@H]2NC(=O)OCC2CCCCC2)C(C)C)ccc1OC,0.63,-0.2006594505464183,train
COCCCOc1cc(C(=O)N(C[C@@H]2CNC[C@H]2NC(=O)OCc2ccccc2)C(C)C)ccc1OC,0.72,-0.14266750356873156,test
COCCCOc1cc(C(=O)N(C[C@@H]2CNC[C@H]2NCc2ccc3ccccc3c2)C(C)C)ccc1OC,0.14,-0.8538719643217619,test
COCCCOc1cc(C(=O)N(C[C@@H]2CNC[C@H]2NS(=O)(=O)Cc2ccccc2)C(C)C)ccc1OC,0.09,-1.0457574905606752,test
COCCCOc1cc2c(cc1OC)-c1cc(=O)c(C(=O)O)cn1[C@H](C(C)C)C2,12.8,1.1072099696478683,train
COCCCn1c(CN(C)Cc2ccccc2)c2c(=O)n(-c3ccc(F)cc3Cl)[nH]c2cc1=O,39.9,1.6009728956867482,train
COCCN(Cc1cc(C(=O)N(C)C)cc2c(=O)cc(N3CCOCC3)oc12)c1cc(F)cc(F)c1,11.0,1.0413926851582251,train
COCCN(Cc1cc(C(=O)N(C)C)cc2c(=O)cc(N3CCO[C@H](C)C3)oc12)c1cc(F)cc(F)c1,14.0,1.146128035678238,train
COCCN1C(=O)CNc2ncc(-c3ccc(-c4nc[nH]n4)nc3C)nc21,5.0,0.6989700043360189,train
COCCN1C(=O)c2cc(-c3nc(Nc4ccnn4C)ncc3C)cn2C[C@@H]1C,36.0,1.5563025007672873,train
COCCN1C(=O)c2cc(-c3nc(Nc4ccnn4C)ncc3C)cn2C[C@H]1C,33.0,1.5185139398778875,train
COCCN1CC(=O)Nc2ncc(-c3ccc(-c4nc[nH]n4)nc3C)nc21,16.2,1.209515014542631,test
COCCNS(=O)(=O)c1ccc(-c2cnc(N)c(C(=O)Nc3cccnc3)n2)cc1,20.0,1.3010299956639813,train
COCC[C@H](CC1(C(=O)NC2(CO)Cc3ccccc3C2)CCCC1)C(=O)O,1.0,0.0,train
COCC[C@H](CC1(C(=O)NCCCc2ccc(Cl)cc2)CCCC1)C(=O)O,12.0,1.0791812460476249,train
COCC[C@H](CC1(C(=O)NCCCc2ccc(F)cc2)CCCC1)C(=O)O,12.0,1.0791812460476249,train
COCC[C@H](CC1(C(=O)N[C@@H]2C[C@H]2c2ccc(OC)cc2)CCCC1)C(=O)O,7.0,0.8450980400142568,train
COCCc1ccc(OCC(O)CNC(C)C)cc1,29.740000000000002,1.4733409641859354,train
COCCn1c(COc2ccc(F)cc2)c2c(=O)n(CCN3CCOCC3)[nH]c2cc1=O,1.4,0.146128035678238,train
COCCn1cc(C(=O)C(=O)Nc2ccc(OC(C)C)nc2)c2ccccc21,15.2,1.1818435879447726,train
COCCn1cc(C(=O)C(=O)Nc2ccc(OC)nc2)c2ccccc21,32.0,1.505149978319906,train
COCCn1cc(C(=O)Nc2cccc3ccccc23)c2ccccc21,27.0,1.4313637641589874,test
COCCn1cc(C(=O)c2cccc3ccccc23)c2cccnc21,26.0,1.414973347970818,test
COC[C@@H]1NC(=O)c2ccccc2OCCCCCCOC[C@@H](C(=O)N[C@@H](Cc2ccccc2)C(=O)[C@@]2(C)CO2)NC1=O,6.0,0.7781512503836436,test
COC[C@H]1Cn2cc(-c3nc(Nc4ccnn4C)ncc3C)cc2C(=O)N1Cc1cccc(C)n1,49.0,1.6901960800285136,train
COC[C@H]1Cn2cc(-c3nc(Nc4ccnn4C)ncc3C)nc2C(=O)N1Cc1ccc(F)c(F)c1,26.7,1.4265112613645752,test
COCc1c(C(C)C)nc(C(C)C)c(/C=C/[C@@H](O)C[C@@H](O)CC(=O)O)c1-c1ccc(F)cc1,7.1000000000000005,0.8512583487190754,train
COCc1ccc(-c2cc3c(N[C@@H](C)c4ccn(C)n4)c(C(N)=O)cnc3cc2F)cn1,8.55,0.9319661147281727,train
COCc1ccc(-c2cc3c(N[C@@H](C)c4nn(C)cc4C)c(C(N)=O)cnc3cc2F)cn1,1.2,0.07918124604762482,train
COCc1ccc(-c2ccc3ncc(C(N)=O)c(N[C@@H](C)C4CCOCC4)c3c2)cn1,4.2,0.6232492903979004,train
COCc1ccc(-c2ccc3nnc(C(N)=O)c(N[C@@H](C)C4CCOCC4)c3c2)cn1,0.7,-0.1549019599857432,train
COCc1ccc(-c2ccc3nnc(C(N)=O)c(N[C@@H](C)c4nn(C)cc4C)c3c2)cn1,0.9,-0.045757490560675115,train
COP(C)(=O)NCCCCNc1nonc1/C(=N/O)Nc1ccc(F)c(Br)c1,2.1,0.3222192947339193,train
COP(C)(=O)NCCNc1nonc1/C(=N/O)Nc1ccc(F)c(Br)c1,2.9,0.4623979978989561,train
CO[C@@H]1CC[C@@]2(C)[C@@H](C1)C[C@@H](O)[C@@H]1[C@@H]2CC[C@]2(C)[C@@H]([C@H](C)CCC(=O)c3nnn[n-]3)CC[C@@H]12.[Na+],10.7,1.0293837776852097,train
CO[C@@H]1CC[C@@]2(C)[C@@H](C1)C[C@@H](OS(=O)(=O)[O-])[C@@H]1[C@@H]2CC[C@]2(C)[C@@H]([C@H](C)CCC(=O)c3nnn[n-]3)CC[C@@H]12.[Na+].[Na+],0.4,-0.3979400086720376,train
CO[C@@H]1CC[C@@]2(C)[C@@H](C1)C[C@H](O)[C@@H]1[C@@H]2CC[C@]2(C)[C@@H]([C@H](C)CCC(=O)N3CCCC3)CC[C@@H]12,6.1,0.785329835010767,train
CO[C@@H]1CC[C@@]2(C)[C@@H](C1)C[C@H](OS(=O)(=O)[O-])[C@@H]1[C@@H]2CC[C@]2(C)[C@@H]([C@H](C)CCC(=O)N3CCCC3)CC[C@@H]12.[Na+],0.1,-1.0,train
CO[C@H]1C(=O)[C@@]2(C)[C@H]([C@H](OC(=O)c3ccccc3)[C@]34OC(=O)O[C@H]3[C@H](OC(=O)[C@H](O)[C@@H](NC(=O)OC(C)(C)C)c3ccccc3)C(C)=C1C4(C)C)[C@]1(OC(C)=O)CO[C@@H]1C[C@@H]2O,0.88,-0.05551732784983137,train
CO[C@H]1C(=O)[C@]2(C)CC[C@H]3OC[C@@]3(OC(C)=O)[C@H]2[C@H](OC(=O)c2ccccc2)[C@]2(O)C[C@H](OC(=O)[C@H](O)[C@@H](NC(=O)OC(C)(C)C)c3ccccc3)C(C)=C1C2(C)C,3.64,0.561101383649056,train
CO[C@H]1C(=O)[C@]2(C)CC[C@H]3OC[C@@]3(OC(C)=O)[C@H]2[C@H](OC(=O)c2ccccc2)[C@]2(O)C[C@H](OC(=O)[C@H](O)[C@H](CC(C)C)NC(=O)OC(C)(C)C)C(C)=C1C2(C)C,7.17,0.8555191556678001,train
CO[C@H]1C(=O)[C@]2(C)CC[C@H]3OC[C@@]3(OC(C)=O)[C@H]2[C@H](OC(=O)c2ccccc2)[C@]23OC(=O)O[C@H]2[C@H](OC(=O)[C@H](O)[C@@H](NC(=O)OC(C)(C)C)c2ccccc2)C(C)=C1C3(C)C,2.64,0.42160392686983106,train
CO[C@H]1C(=O)[C@]2(C)[C@@H](OC(=O)N(C)C)C[C@H]3OC[C@@]3(OC(C)=O)[C@H]2[C@H](OC(=O)c2ccccc2)[C@]2(O)C[C@H](OC(=O)[C@H](O)[C@@H](NC(=O)OC(C)(C)C)c3ccccc3)C(C)=C1C2(C)C,10.55,1.0232524596337116,train
CO[C@H]1C(=O)[C@]2(C)[C@@H](OC(=O)N(C)C)C[C@H]3OC[C@@]3(OC(C)=O)[C@H]2[C@H](OC(=O)c2ccccc2)[C@]2(O)C[C@H](OC(=O)[C@H](O)[C@@H](NC(=O)OC(C)(C)C)c3ccccn3)C(C)=C1C2(C)C,4.41,0.6444385894678385,train
CO[C@H]1C(=O)[C@]2(C)[C@@H](OC(=O)N(C)C)C[C@H]3OC[C@@]3(OC(C)=O)[C@H]2[C@H](OC(=O)c2ccccc2)[C@]2(O)C[C@H](OC(=O)[C@H](O)[C@@H](NC(=O)c3ccccc3)c3ccccc3)C(C)=C1C2(C)C,3.27,0.5145477526602861,train
CO[C@H]1C(=O)[C@]2(C)[C@@H](OC(=O)N(C)C)C[C@H]3OC[C@@]3(OC(C)=O)[C@H]2[C@H](OC(=O)c2ccccc2)[C@]2(O)C[C@H](OC(=O)[C@H](O)[C@H](CC(C)C)NC(=O)OC(C)(C)C)C(C)=C1C2(C)C,10.68,1.0285712526925377,train
CO[C@H]1C(=O)[C@]2(C)[C@@H](OC(=O)N(C)C)C[C@H]3OC[C@@]3(OC(C)=O)[C@H]2[C@H](OC(=O)c2ccccc2)[C@]23OC(=O)O[C@H]2[C@H](OC(=O)[C@H](O)[C@@H](NC(=O)OC(C)(C)C)c2ccccc2)C(C)=C1C3(C)C,1.67,0.22271647114758325,train
CO[C@H]1C(=O)[C@]2(C)[C@@H](OC(=O)N(C)C)C[C@H]3OC[C@@]3(OC(C)=O)[C@H]2[C@H](OC(=O)c2ccccc2)[C@]23OC(=O)O[C@H]2[C@H](OC(=O)[C@H](O)[C@@H](NC(=O)OC(C)(C)C)c2ccccn2)C(C)=C1C3(C)C,2.46,0.39093510710337914,train
CO[C@H]1C(=O)[C@]2(C)[C@@H](OC(=O)N(C)C)C[C@H]3OC[C@@]3(OC(C)=O)[C@H]2[C@H](OC(=O)c2ccccc2)[C@]23OC(=O)O[C@H]2[C@H](OC(=O)[C@H](O)[C@H](CC(C)C)NC(=O)OC(C)(C)C)C(C)=C1C3(C)C,2.4,0.38021124171160603,train
CO[C@H]1C(=O)[C@]2(C)[C@@H](OC)C[C@H]3OC[C@@]3(OC(C)=O)[C@H]2[C@H](OC(=O)c2ccccc2)[C@]2(O)C[C@H](OC(=O)[C@H](O)[C@@H](NC(=O)OC(C)(C)C)c3ccccc3)C(C)=C1C2(C)C,3.73,0.5717088318086876,train
CO[C@H]1C(=O)[C@]2(C)[C@@H](OC)C[C@H]3OC[C@@]3(OC(C)=O)[C@H]2[C@H](OC(=O)c2ccccc2)[C@]23OC(=O)O[C@H]2[C@H](OC(=O)[C@H](O)[C@@H](NC(=O)OC(C)(C)C)c2ccccc2)C(C)=C1C3(C)C,2.83,0.45178643552429026,train
CO[C@H]1C(=O)[C@]2(C)[C@@H](OC)C[C@H]3OC[C@@]3(OC(C)=O)[C@H]2[C@H](OC(=O)c2ccccc2)[C@]23OC(=O)O[C@H]2[C@H](OC(=O)[C@H](O)[C@@H](NC(=O)OC(C)(C)C)c2ccccn2)C(C)=C1C3(C)C,3.66,0.5634810853944107,train
CO[C@H]1C(=O)[C@]2(C)[C@@H](OC)C[C@H]3OC[C@@]3(OC(C)=O)[C@H]2[C@H](OC(=O)c2ccccc2)[C@]23OC(=O)O[C@H]2[C@H](OC(=O)[C@H](O)[C@@H](NC(=O)c2ccccc2)c2ccccc2)C(C)=C1C3(C)C,1.48,0.17026171539495738,test
CO[C@H]1C(=O)[C@]2(C)[C@@H](OC)C[C@H]3OC[C@@]3(OC(C)=O)[C@H]2[C@H](OC(=O)c2ccccc2)[C@]23OC(=O)O[C@H]2[C@H](OC(=O)[C@H](O)[C@H](CC(C)C)NC(=O)OC(C)(C)C)C(C)=C1C3(C)C,2.57,0.4099331233312945,train
CO[C@H]1CC[C@H](N2C(=O)CNc3ncc(-c4ccc(-c5nc[nH]n5)nc4C)nc32)CC1,9.7,0.9867717342662449,train
CO[C@H]1CC[C@H](N2CC(=O)Nc3ncc(-c4ccc(-c5nc[nH]n5)nc4C)nc32)CC1,14.8,1.1702617153949575,test
CO[C@H]1C[C@H]2OC[C@@]2(OC(C)=O)[C@H]2[C@H](OC(=O)c3ccccc3)[C@]3(O)C[C@H](OC(=O)[C@H](O)[C@@H](NC(=O)OC(C)(C)C)c4ccccc4)C(C)=C([C@@H](OC(=O)N(C)C)C(=O)[C@]12C)C3(C)C,8.11,0.909020854211156,train
CO[C@H]1C[C@H]2OC[C@@]2(OC(C)=O)[C@H]2[C@H](OC(=O)c3ccccc3)[C@]3(O)C[C@H](OC(=O)[C@H](O)[C@@H](NC(=O)OC(C)(C)C)c4ccccn4)C(C)=C([C@@H](OC(=O)N(C)C)C(=O)[C@]12C)C3(C)C,3.02,0.48000694295715063,train
CO[C@H]1C[C@H]2OC[C@@]2(OC(C)=O)[C@H]2[C@H](OC(=O)c3ccccc3)[C@]3(O)C[C@H](OC(=O)[C@H](O)[C@@H](NC(=O)c4ccccc4)c4ccccc4)C(C)=C([C@@H](OC(=O)N(C)C)C(=O)[C@]12C)C3(C)C,2.94,0.46834733041215726,train
CO[C@H]1C[C@H]2OC[C@@]2(OC(C)=O)[C@H]2[C@H](OC(=O)c3ccccc3)[C@]3(O)C[C@H](OC(=O)[C@H](O)[C@H](CC(C)C)NC(=O)OC(C)(C)C)C(C)=C([C@@H](OC(=O)N(C)C)C(=O)[C@]12C)C3(C)C,8.17,0.9122220565324155,train
CO[C@H]1C[C@H]2OC[C@@]2(OC(C)=O)[C@H]2[C@H](OC(=O)c3ccccc3)[C@]34OC(=O)O[C@H]3[C@H](OC(=O)[C@H](O)[C@@H](NC(=O)OC(C)(C)C)c3ccccc3)C(C)=C([C@@H](OC(=O)N(C)C)C(=O)[C@]12C)C4(C)C,16.4,1.2148438480476977,train
CO[C@H]1C[C@H]2OC[C@@]2(OC(C)=O)[C@H]2[C@H](OC(=O)c3ccccc3)[C@]34OC(=O)O[C@H]3[C@H](OC(=O)[C@H](O)[C@@H](NC(=O)OC(C)(C)C)c3ccccn3)C(C)=C([C@@H](OC(=O)N(C)C)C(=O)[C@]12C)C4(C)C,4.68,0.670245853074124,train
CO[C@H]1C[C@H]2OC[C@@]2(OC(C)=O)[C@H]2[C@H](OC(=O)c3ccccc3)[C@]34OC(=O)O[C@H]3[C@H](OC(=O)[C@H](O)[C@H](CC(C)C)NC(=O)OC(C)(C)C)C(C)=C([C@@H](OC(=O)N(C)C)C(=O)[C@]12C)C4(C)C,1.07,0.029383777685209667,train
COc1c(C)cc(C2(c3cccc(-c4cncnc4)c3)N=C(C)C(N)=N2)cc1C,28.0,1.4471580313422192,train
COc1c(C)cc(C2(c3cccc(-c4cncnc4)c3)N=C(N)c3c(F)cccc32)cc1C#N,23.0,1.3617278360175928,train
COc1c(C)cc(C2(c3cccc(-c4cncnc4)c3)N=C(N)c3c(F)cccc32)nc1C,33.0,1.5185139398778875,test
COc1c(C)cc([C@@]2(c3cccc(-c4cncnc4)c3)N=C(C)C(N)=N2)cc1C,22.0,1.3424226808222062,train
COc1c(C)cc([C@]2(c3cccc(-c4cncnc4)c3)N=C(C)C(N)=N2)cc1C,21.0,1.3222192947339193,train
COc1c(C)cnc(Cn2cc(C#CCC(C)(C)O)c3c(Cl)nc(N)nc32)c1C,34.7,1.5403294747908738,train
COc1c(C)cnc(Cn2cnc3c(Cl)nc(N)nc32)c1C,20.0,1.3010299956639813,train
COc1cc(-c2ccc3nc(NC(C)=O)sc3c2)cnc1N,6.7,0.8260748027008264,train
COc1cc(-c2ccnc3c2c(C)nn3-c2ccc(C(F)(F)F)cc2)ccc1O,0.16,-0.7958800173440752,train
COc1cc(-c2ccnc3c2c(C)nn3-c2cccc(C(F)(F)F)c2)ccc1O,0.13,-0.8860566476931632,train
COc1cc(-c2cn(C)c(=O)c3cnccc23)c(OC)cc1CN(C)C,11.0,1.0413926851582251,train
COc1cc(-c2cn(C)c(=O)c3cnccc23)cc(OC)c1CN(C)C,1.4,0.146128035678238,train
COc1cc(-c2cncc(-c3ccc(N4CCN(C(C)C)CC4)cc3)c2C)cc(F)c1C(N)=O,5.7,0.7558748556724915,train
COc1cc(-c2cncc(-c3ccc(N4CCN(C)CC4)cc3)c2C)cc(F)c1C(N)=O,5.5,0.7403626894942439,train
COc1cc(-c2cncc(-c3ccc(N4CCNCC4)cc3)c2C)cc(F)c1C(N)=O,0.3,-0.5228787452803376,train
COc1cc(-c2cncc(-c3ccc(N4C[C@@H](C)N(C)[C@@H](C)C4)cc3)c2C)cc(F)c1C(N)=O,4.3,0.6334684555795865,train
COc1cc(/C=C/C(=O)/C(Cc2cn(CCCCCCNC(=O)CCNC(=O)CCNC(=O)CO[C@H]3CC[C@@]4(C)C(=CC[C@H]5[C@@H]6CC[C@H]([C@H](C)CCCC(C)C)[C@@]6(C)CC[C@@H]54)C3)nn2)=C(O)/C=C/c2ccc(O)c(OC)c2)ccc1O,4.6,0.6627578316815741,test
COc1cc(/C=C/C(=O)CC(=O)/C=C/c2ccc(O)c(OC)c2)ccc1O,3.18,0.5024271199844327,test
COc1cc(/C=C/C(=O)O)ccc1O,10.8,1.0334237554869496,train
COc1cc(/C=C/C(=O)O)ccc1[C@@H]1c2ccc3[nH]ncc3c2C[C@@H](C)N1CC(C)(F)F,6.2,0.7923916894982539,train
COc1cc(/C=C/C(=O)O[C@@H]2C[C@](O)(C(=O)O)C[C@@H](O)[C@H]2O)ccc1O,0.31,-0.5086383061657274,train
COc1cc(C#N)c2ccc(=O)n(CCN3CCC(NCc4cnc(C)c(C#N)c4)CC3)c2c1,10.0,1.0,train
COc1cc(C#N)ccc1S(=O)(=O)Nc1ccc2c(c1)cc(C)c(=O)n2C,11.0,1.0413926851582251,train
COc1cc(C(=O)N(CCCc2ccccc2)Cc2ccc(CC(=O)O)cc2)cc(OC)c1C,15.9,1.2013971243204515,train
COc1cc(C(=O)N(CCCc2ccccc2)Cc2ccc(OCC(=O)O)cc2)cc(OC)c1C,3.2,0.505149978319906,train
COc1cc(C(=O)NC(=N)Nc2ccc(C)c(NC(=O)c3ccc(-c4ccc(F)cc4)cc3)c2)cc(OC)c1OC.Cl,0.366,-0.43651891460558934,train
COc1cc(C(=O)NC(=N)Nc2ccc(C)c(NC(=O)c3ccc(-c4ccccc4)cc3)c2)cc(OC)c1OC.Cl,0.428,-0.368556230986828,train
COc1cc(C(=O)NC(=N)Nc2ccc(C)c(NC(=O)c3ccc(CCc4ccccc4)cc3)c2)cc(OC)c1OC.Cl,0.701,-0.15428198203334137,test
COc1cc(C(C)C)c(Oc2cnc(NC(CO)CO)nc2N)cc1I,9.43,0.9745116927373284,train
COc1cc(C)c(C(=O)NS(=O)(=O)c2ccccc2)cc1-c1ccc(C#CCO)s1,0.5,-0.3010299956639812,train
COc1cc(C)c(C(=O)NS(C)(=O)=O)cc1-c1ccc(C#CCO)s1,0.5,-0.3010299956639812,train
COc1cc(C)c(S(=O)(=O)N(C)CCOCC(=O)N(C)Cc2ccc(C3=NCCN3)cc2)c(C)c1,1.3,0.11394335230683679,test
COc1cc(C)c(S(=O)(=O)N(C)CCOCC(=O)N2CCC(C(C)(C)CN(C)C)CC2)c(C)c1,13.6,1.1335389083702174,train
COc1cc(C)c(S(=O)(=O)N(C)CCOCC(=O)N2CCC(C(O)CN(C)C)CC2)c(C)c1,1.3,0.11394335230683679,train
COc1cc(C)c(S(=O)(=O)N(C)CCOCC(=O)N2CCC(C3CCN(C(C)C)CC3)CC2)c(C)c1,3.0,0.47712125471966244,train
COc1cc(C)c(S(=O)(=O)N(C)CCOCC(=O)N2CCC(C3CCN(C)CC3)CC2)c(C)c1,2.6,0.414973347970818,train
COc1cc(C)c(S(=O)(=O)N(C)CCOCC(=O)N2CCC(CCN(C)C)CC2)c(C)c1,0.5,-0.3010299956639812,train
COc1cc(C)c(S(=O)(=O)N(C)CCOCC(=O)N2CCC(CN3CCN(C)CC3)CC2)c(C)c1,4.8,0.6812412373755872,test
COc1cc(C)c(S(=O)(=O)N(C)CCOCC(=O)N2CCC(N3CCN(C(C)C)CC3)CC2)c(C)c1,0.9,-0.045757490560675115,train
COc1cc(C)c(S(=O)(=O)N(C)CCOCC(=O)N2CCC(N3CCN(C)CC3)CC2)c(C)c1,0.1,-1.0,train
COc1cc(C)c(S(=O)(=O)N(C)CCOCC(=O)N2CCN(C3CC4CCC(C3)N4C)CC2)c(C)c1,1.2,0.07918124604762482,test
COc1cc(C)c(S(=O)(=O)N(C)CCOCC(=O)N2CCN(C3CCN(C)CC3)CC2)c(C)c1,1.2,0.07918124604762482,train
COc1cc(C)c(S(=O)(=O)N(C)CCOCC(=O)N2CCN(C3CCN(C4CC4)CC3)CC2)c(C)c1,11.8,1.0718820073061255,test
COc1cc(C)c(S(=O)(=O)N(C)CCOCC(=O)N2CCN(CC3CCN(C)CC3)CC2)c(C)c1,1.5,0.17609125905568124,test
COc1cc(C)c(S(=O)(=O)N(C)CCOCC(=O)N2CCN(CCCN(C)C)CC2)c(C)c1,0.1,-1.0,train
COc1cc(C)c(S(=O)(=O)N(C)CCOCC(=O)N2CCN(CCN(C)C)CC2)c(C)c1,2.1,0.3222192947339193,train
COc1cc(C)c(S(=O)(=O)N(C)CCOCC(=O)N2CCN([C@@H]3CN4CCC3CC4)CC2)c(C)c1,1.4,0.146128035678238,train
COc1cc(C)c(S(=O)(=O)N(C)CCOCC(=O)N2CCN([C@H]3CN4CCC3CC4)CC2)c(C)c1,1.9,0.2787536009528289,train
COc1cc(C)c(S(=O)(=O)NC(=O)c2cccc3cccnc23)cc1-c1ccc(C#CCO)s1,2.57,0.4099331233312945,test
COc1cc(C2(c3cccc(-c4cncnc4)c3)N=C(N)c3c(F)cccc32)ccn1,21.0,1.3222192947339193,train
COc1cc(C2CCN(c3cc(N4CC[C@H]4C(=O)NCCc4ccc(C#N)cc4)nc(C(F)(F)F)n3)CC2)ccc1C(=O)O,2.7,0.43136376415898736,train
COc1cc(CNC(=O)[C@@H](CC2CCCCC2)NC(=N)NC(=O)Cc2ccc(OC)c(OC)c2)ccc1F,5.0,0.6989700043360189,test
COc1cc(C[C@@H](CO)[C@H](CO)Cc2ccc(O)c(OC)c2)ccc1O,8.0,0.9030899869919435,train
COc1cc(Cc2cnc(N)nc2N)cc(OC)c1OC,21.35,1.3293978793610426,train
COc1cc(Cl)ccc1C[C@@H](C)C(=O)N1CCN(c2c(F)cccc2[C@@H](NC(=O)C2CNC2)C(C)C)CC1,0.2,-0.6989700043360187,train
COc1cc(Cl)ccc1C[C@@H](C)C(=O)N1CCN(c2ccc(Cl)cc2[C@@H](NC(=O)C2CNC2)C(C)C)CC1,0.3,-0.5228787452803376,train
COc1cc(Cl)ccc1C[C@@H](C)C(=O)N1CCN(c2ccc(Cl)cc2[C@@H](NC(=O)[C@@H](C)N)C(C)C)CC1,3.0,0.47712125471966244,train
COc1cc(N2CCN(C[C@H](C)O)CC2)ccc1Nc1ncc2ccc(-c3ccccc3N(C)S(C)(=O)=O)n2n1,20.3,1.307496037913213,train
COc1cc(NC(=O)CCN2CCC(OC(=O)Nc3ccccc3-c3ccccc3)CC2)c(Cl)cc1CNC[C@H](O)c1ccc(O)c2[nH]c(=O)ccc12,0.4,-0.3979400086720376,test
COc1cc(NC(=O)[C@@H]2CCCC[C@H]2C(=O)c2ccc(-c3cc[nH]n3)cc2)ncn1,69.0,1.8388490907372552,test
COc1cc(Nc2nc(N[C@H]3CCCC[C@H]3N)n3cc(-c4ccccc4)nc3c2C(N)=O)cc(OC)c1,0.43,-0.36653154442041347,train
COc1cc(Nc2nc(N[C@H]3CCCC[C@H]3N)n3ccnc3c2C(N)=O)cc(OC)c1,3.33,0.5224442335063199,train
COc1cc(Nc2nc(N[C@H]3CCCC[C@H]3N)n3cnnc3c2C(N)=O)cc(OC)c1,0.01,-2.0,train
COc1cc(Nc2nc(N[C@H]3CCCC[C@H]3N)n3ncnc3c2C(N)=O)cc(OC)c1,0.33,-0.4814860601221125,train
COc1cc(OC)c(-c2ccc(C#CCO)s2)cc1C(=O)NS(=O)(=O)c1ccccc1,10.8,1.0334237554869496,train
COc1cc(OC)c(/C=C/S(=O)(=O)Cc2ccc(OC)c(N)n2)c(OC)c1,33.1,1.5198279937757189,train
COc1cc(OC)c(/C=C/S(=O)(=O)Cc2ccc(OC)c(NS(C)(=O)=O)n2)c(OC)c1,3.15,0.4983105537896005,train
COc1cc(OC)c(/C=C/S(=O)(=O)Cc2cnc(OC)c(N)c2)c(OC)c1,42.3,1.6263403673750423,train
COc1cc(OC)c(/C=C/S(=O)(=O)Cc2cnc(OC)c(NS(C)(=O)=O)c2)c(OC)c1,8.9,0.9493900066449128,train
COc1cc(Oc2ccc(C3NC(=O)[C@H](NC(=O)OC(C)(C)C)CCCCC/C=C/CCCS(=O)(=O)NC(=O)c4ccccc4NC3=O)cc2)nc(-c2ccccc2)n1,0.25,-0.6020599913279624,test
COc1cc([C@@H]2c3cc4c(cc3[C@@H](O[C@@H]3O[C@@H]5CO[C@@H](C)O[C@H]5[C@H](O)[C@H]3O)[C@H]3COC(=O)[C@H]23)OCO4)cc(OC)c1O,1.0,0.0,test
COc1cc([C@@H]2c3cc4c(cc3[C@@H](O[C@@H]3O[C@@H]5CO[C@@H](c6cccs6)O[C@H]5[C@H](O)[C@H]3O)[C@H]3COC(=O)[C@H]23)OCO4)cc(OC)c1O,1.45,0.16136800223497488,test
COc1cc2[nH]c(=O)c([C@H](C)Nc3ncc(C#N)c(OC)n3)cc2cc1Cl,7.6000000000000005,0.8808135922807914,train
COc1cc2c(=O)n(C3CCN(C)CC3)c3c4cc[nH]c4ncc3c2cc1OC,0.4,-0.3979400086720376,train
COc1cc2c(=O)n(CC3CCCCC3)c3c4cc[nH]c4ncc3c2cc1OC,2.9,0.4623979978989561,train
COc1cc2c(=O)n([C@@H]3CCCN(C(=O)CC#N)C3)c3c4cc[nH]c4ncc3c2cc1OC,0.3,-0.5228787452803376,train
COc1cc2c(Oc3ccc(NS(=O)(=O)c4cc(F)ccc4F)cc3F)ccnc2cc1OCCCN1CCCC(C)C1,2.4,0.38021124171160603,train
COc1cc2c(Oc3ccc(NS(=O)(=O)c4cc(F)ccc4F)cc3F)ccnc2cc1OCCCN1CCN(C)CC1,7.4,0.8692317197309762,train
COc1cc2c(c(OC)c1OC)-c1ccc(OC)c(=O)cc1[C@@H](NC(C)=O)CC2,0.9,-0.045757490560675115,train
COc1cc2c(cc1OC)[C@H](CCc1c[nH]c3cc(C)ccc13)N(C=O)CC2,19.15,1.2821687783046416,train
COc1cc2cc(c1Cl)N(C)C(=O)C[C@H](OC(=O)[C@H](C)N(C)C(=O)CCSSC[C@H](NC(=O)[C@@H]1CSSC[C@H](NC(=O)[C@H](N)Cc3ccccc3)C(=O)N[C@@H](Cc3ccc(O)cc3)C(=O)N[C@H](Cc3c[nH]c4ccccc34)C(=O)N[C@@H](CCCCN)C(=O)N[C@@H]([C@@H](C)O)C(=O)N1)C(N)=O)[C@@]1(C)O[C@H]1[C@H](C)[C@@H]1C[C@@](O)(NC(=O)O1)[C@H](OC)/C=C/C=C(\C)C2,0.018,-1.744727494896694,test
COc1cc2ccnc(Oc3ccc(F)cc3)c2cc1OC,6.0,0.7781512503836436,train
COc1cc2nc(N3CCN(C(=O)c4ccco4)CC3)nc(N)c2cc1OC,7.550000000000001,0.8779469516291882,test
COc1cc2ncnc(Nc3c(F)ccc(O)c3C)c2cc1OC,8.2,0.9138138523837167,train
COc1ccc(-c2c(/C=C/C(=O)N3CCN(c4ncccn4)CC3)noc2-c2cc(Cl)c(O)cc2O)cc1,6.9,0.8388490907372553,test
COc1ccc(-c2c(C(=O)NC3CCN(Cc4ccccc4)CC3)noc2-c2cc(Cl)c(O)cc2O)cc1,0.936,-0.028724151261894745,train
COc1ccc(-c2c(O)ccc3cc(-c4cccc(O)c4)ccc23)cn1,8.0,0.9030899869919435,train
COc1ccc(-c2cc(OC3CCOCC3)c3ncnc(C)c3c2)cn1,39.0,1.591064607026499,train
COc1ccc(-c2cc3c(C)nc(N)nc3n([C@H]3CC[C@H](OCCO)CC3)c2=O)cn1,25.7,1.4099331233312946,train
COc1ccc(-c2ccc(OCCN3CCC[C@H]3C(=O)O)c(Sc3cccc(F)c3)c2)cc1,26.3,1.4199557484897578,train
COc1ccc(-c2ccc3ncc(-c4nnco4)c(NCCCN4CCOCC4)c3c2)cc1,10.89,1.037027879755775,train
COc1ccc(-c2ccc3ncc(-c4nnco4)c(NCCCn4ccnc4)c3c2)cc1,7.42,0.8704039052790271,train
COc1ccc(-c2csc(N/N=C3\CC(=O)c4ccccc43)n2)cc1OC,1.98,0.2966651902615311,test
COc1ccc(-c2nc(Nc3cccc(NC(=O)N4CCCC4)c3)nc3[nH]cnc23)cc1,2.07,0.3159703454569177,test
COc1ccc(-c2nc(O[C@@H]3C[C@H]4C(=O)N[C@]5(C(=O)NS(=O)(=O)C6CC6)C[C@H]5/C=C\CCCCN(C)C(=O)N4C3)c3ccc(OC)c(C)c3n2)cc1,33.0,1.5185139398778875,train
COc1ccc(-c2nc(O[C@@H]3C[C@H]4C(=O)N[C@]5(C(=O)NS(=O)(=O)C6CC6)C[C@H]5/C=C\CCCCN(C)C(=O)[C@@H]4C3)c3ccc(OC)c(C)c3n2)cc1,9.0,0.9542425094393249,train
COc1ccc(-c2nnn[nH]2)cc1-c1ccc(C#CCO)s1,1.39,0.14301480025409505,train
COc1ccc(-n2cc(-c3ccc4c(c3)C(=O)NCC4)c(N)n2)cc1,48.3,1.6839471307515121,test
COc1ccc(-n2nc(C#N)c3ncn(-c4ccc(-c5ccccc5CN5CCCC5)cc4)c(=O)c32)cc1.O=C(O)C(F)(F)F,3.1,0.4913616938342727,train
COc1ccc(-n2nc(C(F)(F)F)c3c2C(=O)N(c2ccc(C4(CN(C)C)CC4)cc2)CC3)cc1,8.5,0.9294189257142927,test
COc1ccc(-n2nc(C(N)=O)c3ncn(-c4ccc(-c5ccccc5CN5CCCC5)cc4)c(=O)c32)cc1.O=C(O)C(F)(F)F,12.0,1.0791812460476249,train
COc1ccc(-n2nc(C(N)=O)c3ncn(-c4ccc(-c5ccccc5CN5CCCC5)cc4F)c(=O)c32)cc1.O=C(O)C(F)(F)F,15.0,1.1760912590556813,train
COc1ccc(/C=C/C(=O)O)cc1OC,19.9,1.2988530764097066,train
COc1ccc(/C=C2\CNC/C(=C\c3ccc(OC)c(OC)c3)C2=O)cc1OC,14.4,1.1583624920952498,train
COc1ccc(C2(c3ccc(F)c(-c4cccnc4)c3)N=C(N)N3CC(F)(F)CN=C32)cc1C,3.3,0.5185139398778874,train
COc1ccc(C2(c3cccc(-c4cccnc4)c3)CC(OC)C(N)=N2)cc1,20.6,1.3138672203691535,test
COc1ccc(C2(c3cccc(-c4cccnc4)c3)N=C(C)C(N)=N2)cc1,28.0,1.4471580313422192,train
COc1ccc(C2(c3cccc(-c4cccnc4)c3)N=C(N)CS2)cc1,19.0,1.2787536009528289,test
COc1ccc(C2(c3cccc(-c4cncnc4)c3)CCC(N)=N2)cc1,0.3,-0.5228787452803376,test
COc1ccc(C2(c3cccc(-c4cncnc4)c3)N=C(C)C(N)=N2)cc1,21.0,1.3222192947339193,train
COc1ccc(C2(c3cccc(-c4cncnc4)c3)N=C(C)C(N)=N2)cc1C,19.0,1.2787536009528289,train
COc1ccc(C2(c3cccc(-c4cncnc4)c3)N=C(N)C(C(C)C)=N2)cc1,30.0,1.4771212547196624,train
COc1ccc(C2(c3cccc(-c4cncnc4)c3)N=C(N)N3CC(F)(F)CN=C32)cc1,1.1,0.04139268515822508,train
COc1ccc(C2(c3cccc(-c4cncnc4)c3)N=C(N)N3CCCN=C32)cc1,0.6,-0.2218487496163564,train
COc1ccc(C2(c3cccc(-c4cncnc4)c3)N=C(N)c3c(F)cccc32)cc1,12.0,1.0791812460476249,train
COc1ccc(C2(c3cccc(-c4cncnc4)c3)N=C(N)c3nc(C)sc32)cc1,18.0,1.255272505103306,test
COc1ccc(C2(c3cccc(-c4cncnc4)c3)N=C(N)n3nc(C)cc32)cc1,30.0,1.4771212547196624,test
COc1ccc(C2(c3cccc(Br)c3)N=C(N)N3CC(F)(F)CN=C32)cc1,11.0,1.0413926851582251,train
COc1ccc(C2CCN(CCc3cnn(-c4nccc5c(=O)[nH]cnc45)c3)CC2)cc1,5.77,0.7611758131557314,train
COc1ccc(CC(=O)NC(=N)N[C@H](CC2CCCCC2)C(=O)NCc2ccc(-c3nnn[nH]3)cc2)cc1OC,0.25,-0.6020599913279624,test
COc1ccc(CC(=O)O)cc1-c1ccc(C#CCO)s1,2.73,0.436162647040756,train
COc1ccc(CC2CCOC3(CCN(Cc4ccc(COc5ccc(CCC(=O)O)cc5)cc4)CC3)C2)cc1.Cl,15.8,1.1986570869544226,train
COc1ccc(CCN(C)CCCC(C#N)(c2ccc(OC)c(OC)c2)C(C)C)cc1OC,8.55,0.9319661147281727,train
COc1ccc(CCNc2ncc(C)n(CC(=O)NCCONC(=N)N)c2=O)cc1,0.28,-0.5528419686577808,train
COc1ccc(CCNc2ncc(C)n(CC(=O)NCCONC(=N)N)c2=O)cc1OC,0.87,-0.060480747381381476,train
COc1ccc(CN(CC(=O)N2CCC(CN)CC2)c2ccc(C#N)cc2)cc1F,0.26,-0.585026652029182,train
COc1ccc(CN(CC(=O)N2CCC(N)CC2)c2ccc(C#N)cc2)cc1F,0.44,-0.3565473235138126,train
COc1ccc(CN(CC(=O)N2CCC3(CC2)CNC3)c2ccc(C#N)cc2)cc1F,0.09,-1.0457574905606752,test
COc1ccc(CN2CCC(NC(=O)c3noc(-c4cc(Cl)c(O)cc4O)c3-c3ccc(OC)cc3)CC2)cc1,0.962,-0.016824927962187056,train
COc1ccc(COc2cnn(CC(=O)c3ccc(CN(C)C)cc3C)c(=O)c2)nc1,52.0,1.7160033436347992,train
COc1ccc(Cl)cc1NC[C@@H]1[C@@H](c2ccc(S(N)(=O)=O)cc2)C1(C)C,11.0,1.0413926851582251,train
COc1ccc(Cl)cc1NC[C@H]1[C@H](c2ccc(S(N)(=O)=O)cc2)C1(C)C,14.0,1.146128035678238,train
COc1ccc(F)c(-c2cccc(C3(c4ccncc4)N=C(N)N4CC(F)(F)CN=C43)c2)c1,8.0,0.9030899869919435,train
COc1ccc(N(C)c2cnc(SCc3c(F)cc(C#CC[N+](C)(C)C)cc3F)n2-c2ccc(F)cc2)cc1OC.[I-],0.08,-1.0969100130080565,train
COc1ccc(N(C)c2cnc(SCc3c(F)cc(OCCCS(=O)(=O)O)cc3F)n2-c2ccc(F)cc2)cc1OC.N,0.031,-1.5086383061657274,train
COc1ccc(N(C)c2cnc(SCc3c(F)cc(OCCC[N+]45CCN(CC4)CC5)cc3F)n2-c2ccc(F)cc2)cc1OC.O=C[O-],0.016,-1.7958800173440752,train
COc1ccc(N(C)c2cnc(SCc3c(F)cccc3F)n2-c2ccc(F)cc2)cc1OC,5.32,0.7259116322950482,train
COc1ccc(NC(=O)C(=O)c2cn(C(C)C)c3ccccc23)cn1,19.8,1.2966651902615312,train
COc1ccc(NC(=O)C(=O)c2cn(CC3CCCO3)c3ccccc23)cn1,35.0,1.5440680443502757,test
COc1ccc(NC(=O)Nc2ccc(OC(CCN(C)C)c3ccccc3)cc2)cc1Cl,7.5,0.8750612633917001,test
COc1ccc(NC(=O)c2ccc(C[S+](C)[O-])c3ccccc23)c(C(=O)NCC2CCOCC2)n1,35.0,1.5440680443502757,train
COc1ccc(NC(=O)c2ccc(Cn3ccnn3)c3ccccc23)c(C(=O)NCC2CCC2)n1,0.96,-0.017728766960431602,test
COc1ccc(NC(=O)c2ccc(Cn3ccnn3)c3ccccc23)c(C(=O)NCC2CCCCC2)n1,0.19,-0.721246399047171,test
COc1ccc(NC(=O)c2ccc(Cn3ccnn3)c3ccccc23)c(C(=O)NCC2CCOCC2)n1,47.0,1.6720978579357175,train
COc1ccc(NC2=C(Cl)C(=O)c3ccncc3C2=O)cc1,21.9,1.3404441148401183,train
COc1ccc(S(=O)(=O)Nc2cc3c(cc2Oc2cccc(OCc4ccccc4)c2)n(C)c(=O)n3C)cc1OC,21.0,1.3222192947339193,train
COc1ccc([C@@H]2Sc3ccccc3N(CCN(C)C)C(=O)[C@@H]2OC(C)=O)cc1,13.5,1.130333768495006,test
COc1ccc2c(C(=O)NCc3ccc(F)cc3)c(O)n(O)c(=O)c2c1,0.1,-1.0,test
COc1ccc2c(O[C@@H]3C[C@H]4C(=O)N[C@]5(C(=O)NS(=O)(=O)C6(C)CC6)C[C@H]5/C=C\CCCCCC(=O)N4C3)cc(-c3nc(C(C)C)cs3)nc2c1C,11.1,1.0453229787866574,train
COc1ccc2c(O[C@@H]3C[C@H]4C(=O)N[C@]5(C(=O)NS(=O)(=O)C6(C)CC6)C[C@H]5/C=C\CCCCCC(=O)N4C3)cc(-c3nc(C(C)C)cs3)nc2c1Cl,11.1,1.0453229787866574,train
COc1ccc2c(O[C@@H]3C[C@H]4C(=O)N[C@]5(C(=O)NS(=O)(=O)C6(C)CC6)C[C@H]5/C=C\CCCCCNC(=O)N4C3)cc(-c3nc(C(C)C)cs3)nc2c1,30.0,1.4771212547196624,train
COc1ccc2c(O[C@@H]3C[C@H]4C(=O)N[C@]5(C(=O)NS(=O)(=O)C6(C)CC6)C[C@H]5/C=C\CCCCCNC(=O)N4C3)cc(-c3nc(C(C)C)cs3)nc2c1Cl,29.0,1.462397997898956,train
COc1ccc2c(O[C@@H]3C[C@H]4C(=O)N[C@]5(C(=O)NS(=O)(=O)C6CC6)C[C@H]5/C=C\CCCCCNC(=O)N4C3)cc(-c3nc(C(C)C)cs3)nc2c1,10.0,1.0,train
COc1ccc2c(O[C@@H]3C[C@H]4C(=O)N[C@]5(C(=O)NS(=O)(=O)C6CC6)C[C@H]5/C=C\CCCCCNC(=O)N4C3)cc(-c3nc(C(C)C)cs3)nc2c1C,0.4,-0.3979400086720376,train
COc1ccc2c(O[C@@H]3C[C@H]4C(=O)N[C@]5(C(=O)NS(=O)(=O)C6CC6)C[C@H]5/C=C\CCCCCNC(=O)N4C3)cc(-c3nc(C(C)C)cs3)nc2c1Cl,22.0,1.3424226808222062,train
COc1ccc2c(O[C@@H]3C[C@H]4C(=O)N[C@]5(C(=O)NS(=O)(=O)C6CC6)C[C@H]5/C=C\CCCCCNC(=O)N4C3)cc(-c3nccs3)nc2c1,0.4,-0.3979400086720376,train
COc1ccc2c(O[C@@H]3C[C@H]4C(=O)N[C@]5(C(=O)NS(=O)(=O)C6CC6)C[C@H]5/C=C\CCCCCNC(=O)N4C3)nc(-c3ccc(F)cc3)nc2c1C,32.0,1.505149978319906,train
COc1ccc2c(O[C@@H]3C[C@H]4C(=O)N[C@]5(C(=O)NS(=O)(=O)C6CC6)C[C@H]5/C=C\CCCCCNC(=O)N4C3)nc(-c3ccccc3)nc2c1C,38.0,1.5797835966168101,train
COc1ccc2c(O[C@@H]3C[C@H]4C(=O)N[C@]5(C(=O)NS(=O)(=O)C6CC6)C[C@H]5/C=C\CCCCN(C)C(=O)N4C3)nc(-c3ccc(F)cc3)nc2c1C,32.0,1.505149978319906,train
COc1ccc2c(O[C@@H]3C[C@H]4C(=O)N[C@]5(C(=O)NS(=O)(=O)C6CC6)C[C@H]5/C=C\CCCCN(C)C(=O)N4C3)nc(-c3ccccc3)nc2c1C,26.0,1.414973347970818,train
COc1ccc2c(O[C@@H]3C[C@H]4C(=O)N[C@]5(C(=O)NS(=O)(=O)C6CC6)C[C@H]5/C=C\CCCCN(C)C(=O)N4C3)nc(-c3ccncc3)nc2c1C,0.4,-0.3979400086720376,test
COc1ccc2c(O[C@@H]3C[C@H]4C(=O)N[C@]5(C(=O)NS(=O)(=O)C6CC6)C[C@H]5/C=C\CCCCN(C)C(=O)[C@@H]4C3)nc(-c3ccc(F)cc3)nc2c1,20.0,1.3010299956639813,train
COc1ccc2c(O[C@@H]3C[C@H]4C(=O)N[C@]5(C(=O)NS(=O)(=O)C6CC6)C[C@H]5/C=C\CCCCN(C)C(=O)[C@@H]4C3)nc(-c3ccccc3)nc2c1,13.0,1.1139433523068367,train
COc1ccc2c(O[C@@H]3C[C@H]4C(=O)N[C@]5(C(=O)NS(=O)(=O)C6CC6)C[C@H]5/C=C\CCCCN(C)C(=O)[C@@H]4C3)nc(-c3ccccc3)nc2c1C,13.0,1.1139433523068367,train
COc1ccc2c(O[C@@H]3C[C@H]4C(=O)N[C@]5(C(=O)NS(=O)(=O)C6CC6)C[C@H]5/C=C\CCCCN(C)C(=O)[C@@H]4C3)nc(-c3nc(C(C)C)cs3)nc2c1,6.0,0.7781512503836436,test
COc1ccc2c(O[C@@H]3C[C@H]4C(=O)N[C@]5(C(=O)NS(=O)(=O)C6CC6)C[C@H]5/C=C\CCCCNC(=O)N4C3)cc(-c3nc(C(C)C)cs3)nc2c1,3.0,0.47712125471966244,test
COc1ccc2c(O[C@H]3CCN4C(=O)N(C)CCCC/C=C/[C@@H]5C[C@@]5(C(=O)NS(=O)(=O)C5(C)CC5)NC(=O)[C@@H]4C3)cc(-c3nc(C(F)(F)F)cs3)nc2c1C,1.8,0.25527250510330607,test
COc1ccc2c(O[C@H]3C[C@H]4C(=O)NCCCC/C=C\[C@@H]5C[C@@]5(C(=O)NS(=O)(=O)C5CC5)NC(=O)[C@@H]4C3)nc(-c3ccc(F)cc3)nc2c1C,3.0,0.47712125471966244,train
COc1ccc2c(O[C@H]3C[C@H]4C(=O)NCCCC/C=C\[C@@H]5C[C@@]5(C(=O)NS(=O)(=O)C5CC5)NC(=O)[C@@H]4C3)nc(-c3cccc(F)c3)nc2c1C,5.0,0.6989700043360189,train
COc1ccc2c(c1)C=C(c1cccnc1)C2,12.5,1.0969100130080565,train
COc1ccc2c(c1)CCC(c1cccnc1)=C2,13.5,1.130333768495006,train
COc1ccc2c(c1)c(CC(=O)O)c(C)n2C(=O)c1ccc(Cl)cc1,93.3,1.9698816437464999,test
COc1ccc2c(c1)c(CN1CCN(C)CC1)cn2S(=O)(=O)c1ccccc1Br.CS(=O)(=O)O.O,19.6,1.2922560713564761,train
COc1ccc2cc(CC/C(C)=N/OCCOC(=O)C[C@H](NC(=S)[C@H](C)N)C(=O)O)ccc2c1,9.7,0.9867717342662449,train
COc1ccc2cc(CC/C(C)=N/OCCOCCOCCOC(=O)C[C@H](NC(=S)[C@H](C)N)C(=O)O)ccc2c1,7.8,0.8920946026904804,train
COc1ccc2ccc(=O)n(CCN3CCC(NCc4ccc5c(n4)NC(=O)CO5)CC3)c2n1,1.1,0.04139268515822508,test
COc1ccc2oc(C(=O)NC3(C(=O)N[C@@H](CCCN4CCN(CC5CCOCC5)CC4)Cc4ccccc4)CCCC3)cc2c1,8.6,0.9344984512435677,train
COc1ccc2onc(N3CCN(CCCCNC(=O)c4cc(-c5ccco5)[nH]n4)CC3)c2c1,7.39,0.8686444383948257,test
COc1ccc2onc(N3CCN(CCCCNC(=O)c4ccc(-n5ccnc5)cc4)CC3)c2c1,6.56,0.8169038393756602,train
COc1ccc2onc(N3CCN(CCCCNC(=O)c4ccc(N5CCOCC5)cc4)CC3)c2c1,36.3,1.5599066250361124,test
COc1cccc(-c2c(C(=O)N3CCCCC3CO)cc3ccccn23)c1,58.0,1.7634279935629373,test
COc1cccc(-c2cccc(C3(C)CCSC(N)=N3)c2)c1,72.0,1.8573324964312685,test
COc1cccc(-c2cccc(C3(C)COCC(N)=N3)c2)c1,20.0,1.3010299956639813,test
COc1cccc(-c2cccc(C3(C)CSCC(N)=N3)c2)c1,7.3,0.8633228601204559,test
COc1cccc(-c2cccc(C3(C)N=C(C)C(N)=N3)c2)c1,34.0,1.5314789170422551,test
COc1cccc(-c2cccc(C3(C)N=C(N)CCO3)c2)c1,13.0,1.1139433523068367,train
COc1cccc(-c2cccc(C3(C)N=C(N)CCS3)c2)c1,5.2,0.7160033436347992,test
COc1cccc(-c2cccc(C3(C)N=C(N)CN3C(C)=O)c2)c1,16.0,1.2041199826559248,test
COc1cccc(-c2cccc(C3(C)N=C(N)CS3)c2)c1,15.0,1.1760912590556813,test
COc1cccc(-c2cccc(C3(C4CCN(C(C)=O)CC4)N=C(C)C(N)=N3)c2)c1,3.0,0.47712125471966244,test
COc1cccc(-c2cccc(C3(C4CCOCC4)N=C(C)C(N)=N3)c2)c1,22.0,1.3424226808222062,test
COc1cccc(-c2cccc(C3(c4ccncc4)N=C(C)C(N)=N3)c2)c1,40.0,1.6020599913279623,test
COc1cccc(-c2cccc(C3(c4ccncc4)N=C(N)CS3)c2)c1,18.0,1.255272505103306,test
COc1cccc(-c2cccc(C3(c4ccncc4)N=C(N)N4CC(F)(F)CN=C43)c2)c1F,7.0,0.8450980400142568,train
COc1cccc(-c2cccc(C3(c4ccncc4)N=C(N)N4CCCN=C43)c2)c1F,1.0,0.0,train
COc1cccc(-c2cccc(NC(=O)CCc3cccc4c3B(O)OC4)c2)c1,19.5,1.290034611362518,train
COc1cccc(-c2cccc([C@]3(c4ccncc4)N=C(N)N4CC(F)(F)CN=C43)c2)c1F,6.7,0.8260748027008264,train
COc1cccc(/C=C/C(=O)NC2(C(=O)N[C@H](Cc3ccccc3)C(=O)NCC3CCN(CC4CCOCC4)CC3)CCCC2)c1,1.4,0.146128035678238,train
COc1cccc(/C=C2\CNC/C(=C\c3cccc(OC)c3OC)C2=O)c1OC,23.4,1.3692158574101427,train
COc1cccc(C(=O)Nc2ccc(NC(=O)c3ccco3)cc2)c1,11.0,1.0413926851582251,test
COc1cccc(CN2CCCn3c(c4c(=O)n(-c5ccccc5Cl)[nH]c4cc3=O)C2)c1.Cl,22.3,1.3483048630481607,train
COc1cccc(N2CCN(C(=O)/C=C/c3noc(-c4cc(Cl)c(O)cc4O)c3-c3ccc(O)cc3)CC2)c1,6.54,0.8155777483242672,train
COc1cccc(S(=O)(=O)NC(=O)c2cc(-c3ccc(C#CCO)s3)c(OC)cc2OC)c1,3.91,0.5921767573958668,train
COc1cccc2c1C(=O)c1c(O)c3c(c(O)c1C2=O)C[C@@](O)(C(=O)CO)C[C@@H]3O[C@H]1C[C@H](N)[C@H](O)[C@H](C)O1,0.21,-0.6777807052660807,train
COc1cccc2c1C(=O)c1c(O)c3c(c(O)c1C2=O)C[C@@](O)(C(C)=O)C[C@@H]3O[C@H]1C[C@H](N)[C@H](O)[C@H](C)O1,0.7,-0.1549019599857432,train
COc1cccc2c1c(C(=O)/C=C(\O)C(=O)O)cn2Cc1ccc(F)cc1,5.5,0.7403626894942439,train
COc1ccccc1-n1[nH]c2cc(=O)n3c(c2c1=O)CN(Cc1ccccn1)CCC3.Cl,1.4,0.146128035678238,train
COc1ccccc1-n1c(-c2cc(O)ccc2C)cn2c3c(=O)[nH]c(=O)n(C)c3nc12,3.13,0.49554433754644844,train
COc1ccccc1-n1c(-c2ccccc2)cn2c3c(=O)[nH]c(=O)n(C)c3nc12,32.3,1.5092025223311027,train
COc1ccccc1/C=C1\CNC/C(=C\c2ccccc2OC)C1=O,32.5,1.5118833609788744,train
COc1ccccc1C(=O)/C=C/c1ccccc1C(F)(F)F,17.4,1.2405492482825997,train
COc1ccccc1C(=O)/C=C/c1ncccc1C(F)(F)F,17.3,1.2380461031287955,test
COc1ccccc1CC(c1ccccc1)N1CCNCC1,29.0,1.462397997898956,train
COc1ccccc1N1CCN(C(=O)/C=C/c2noc(-c3cc(Cl)c(O)cc3O)c2-c2ccc(O)cc2)CC1,11.2,1.0492180226701815,train
COc1ccccc1N1CCN(CCN(C(=O)C2CCCCC2)c2ccccn2)CC1,38.0,1.5797835966168101,test
COc1ccccc1NC(=O)c1nc(-c2ccc(S(=O)(=O)N3CCN(C)CC3)cc2)cnc1N,1.3,0.11394335230683679,test
COc1ccccc1Oc1cccc(CN2CCC(NC(=O)C3(c4ccccc4)CCNCC3)CC2)c1,9.0,0.9542425094393249,train
COc1ccccc1[C@H](N)CNc1cc(C)nc2nc(N[C@H](CC#N)c3cccc(Cl)c3)nn12,0.7,-0.1549019599857432,train
COc1ccn(-c2nc(C)c(C(=O)NCc3ccccc3)s2)c(=O)c1,15.0,1.1760912590556813,train
COc1cnc(-n2cnc(C)n2)c2[nH]cc(C(=O)C(=O)N3CCN(C(=O)c4ccccc4)CC3)c12,7.62,0.8819549713396005,test
COc1cnc2ccc(=O)n(CCN3CCC(NC(=O)c4cnc(C)c(C#N)c4)CC3)c2c1,4.2,0.6232492903979004,train
COc1cnc2ccc(=O)n(CCN3CCC(NCc4cnc(C)c(C#N)c4)CC3)c2c1,10.5,1.021189299069938,train
COc1cnc2ccc(=O)n(CCN3CCC(NCc4cnc(OC)c(C#N)c4)CC3)c2c1,13.0,1.1139433523068367,train
COc1cnc2ccc(=O)n(CCN3CC[C@@H](NCc4ccc5c(n4)NC(=O)CO5)[C@@H](F)C3)c2c1,4.1,0.6127838567197355,train
COc1cnc2ccc(=O)n(CCN3CC[C@@H](NCc4cnc(C)c(C#N)c4)[C@@H](F)C3)c2c1,13.6,1.1335389083702174,train
COc1cnc2ccc(=O)n(CCN3CC[C@@H](NCc4cnc(C)c(C#N)c4)[C@@H](OC)C3)c2c1,11.7,1.0681858617461617,train
COc1cnc2ccc(=O)n(CCN3CC[C@H](NCc4ccc5c(n4)NC(=O)CO5)[C@H](F)C3)c2c1,3.4,0.5314789170422551,train
COc1cncc(-c2cccc(C3(c4ccc(OC(F)F)cc4)N=C(N)N4CC(F)(F)CN=C43)c2)c1,2.4,0.38021124171160603,train
COc1nc(N[C@@H](C)c2cc3cc(Cl)ccc3[nH]c2=O)ncc1C#N,8.65,0.9370161074648142,train
COc1ncc(-c2cc(NC(=O)c3cccc(C(F)(F)F)c3)cnc2C)cc1N1CCOCC1,16.0,1.2041199826559248,train
COc1ncc(-c2cc(OC(C)C)c3ncnc(C)c3c2)cc1NS(=O)(=O)c1ccc(F)cc1F,32.0,1.505149978319906,train
COc1ncc(-c2cc(OC(F)F)c3ncnc(C)c3c2)cc1NS(=O)(=O)c1ccc(F)cc1F,34.0,1.5314789170422551,train
COc1ncc(-c2cc(OC)c3ncnc(C)c3c2)cc1NS(=O)(=O)c1ccc(F)cc1F,35.0,1.5440680443502757,train
COc1ncc(-c2cc(OC3CCC3)c3ncnc(C)c3c2)cc1NS(=O)(=O)c1ccc(F)cc1F,44.0,1.6434526764861874,train
COc1ncc(-c2cc(OC3CCCC3)c3ncnc(C)c3c2)cc1NS(=O)(=O)c1ccc(F)cc1F,28.0,1.4471580313422192,train
COc1ncc(-c2cc(OC3CCCCC3)c3ncnc(C)c3c2)cc1NS(=O)(=O)c1ccc(F)cc1F,16.0,1.2041199826559248,train
COc1ncc(-c2cc(OC3CCN(C)CC3)c3ncnc(C)c3c2)cc1NS(=O)(=O)c1ccc(F)cc1F,4.5,0.6532125137753437,train
COc1ncc(-c2cc(OC3CCOC(C)(C)C3)c3ncnc(C)c3c2)cc1NS(=O)(=O)c1ccc(F)cc1F,31.0,1.4913616938342726,train
COc1ncc(-c2cc(OC3CCOCC3)c3nc(N)nc(C)c3c2)cc1NS(=O)(=O)c1ccc(F)cc1F,24.0,1.380211241711606,train
COc1ncc(-c2cc(OC3CCOCC3)c3ncnc(C)c3c2)cc1NS(=O)(=O)c1ccc(F)cc1F,42.0,1.6232492903979006,train
COc1ncc(-c2cc(OCC3(C)COC3)c3ncnc(C)c3c2)cc1NS(=O)(=O)c1ccc(F)cc1F,46.0,1.662757831681574,train
COc1ncc(-c2cc(OCC3CC3)c3ncnc(C)c3c2)cc1NS(=O)(=O)c1ccc(F)cc1F,30.0,1.4771212547196624,train
COc1ncc(-c2cc(OCC3CCN(C)CC3)c3ncnc(C)c3c2)cc1NS(=O)(=O)c1ccc(F)cc1F,8.8,0.9444826721501687,train
COc1ncc(-c2cc(OCC3CCOC3)c3ncnc(C)c3c2)cc1NS(=O)(=O)c1ccc(F)cc1F,34.0,1.5314789170422551,train
COc1ncc(-c2cc(OCC3CCOCC3)c3ncnc(C)c3c2)cc1NS(=O)(=O)c1ccc(F)cc1F,31.0,1.4913616938342726,train
COc1ncc(-c2cc(OCCN(C)C)c3ncnc(C)c3c2)cc1NS(=O)(=O)c1ccc(F)cc1F,10.0,1.0,train
COc1ncc(-c2cc(OCCN3CCCC3)c3ncnc(C)c3c2)cc1NS(=O)(=O)c1ccc(F)cc1F,7.5,0.8750612633917001,train
COc1ncc(-c2cc(OCCN3CCOCC3)c3ncnc(C)c3c2)cc1NS(=O)(=O)c1ccc(F)cc1F,13.0,1.1139433523068367,train
COc1ncc(-c2cc(O[C@@H]3CCOC3)c3ncnc(C)c3c2)cc1NS(=O)(=O)c1ccc(F)cc1F,38.0,1.5797835966168101,train
COc1ncc(-c2cc3c(-c4ccncc4)ncnc3s2)cc1NS(=O)(=O)c1ccc(F)cc1F,5.6,0.7481880270062004,train
COc1ncc(-c2cnc3nc(N)nc(C)c3c2)cc1NS(=O)(=O)c1ccc(C#N)cc1,1.04,0.01703333929878037,train
COc1ncc(NC(=O)C(=O)c2cn(C(C)C)c3ccccc23)cn1,39.8,1.5998830720736879,test
COc1nn(-c2ccccn2)c2cc(-c3ccc([C@H]4C[C@@H]4C(=O)O)cc3)cc(F)c12,29.0,1.462397997898956,train
COc1nn(-c2ccccn2)c2cc(-c3ccc([C@H]4C[C@@H]4C(=O)O)cc3)ccc12,31.0,1.4913616938342726,train
COc1nn(C)cc1Nc1nccc(-c2c[nH]c3c(NC(=O)[C@@H](C)N4CCN(C)CC4)cccc23)n1,7.51,0.8756399370041684,test
CS(=O)(=O)C1(c2cc(N3CCOCC3)nc(-c3cccc4[nH]ccc34)n2)CC1,21.0,1.3222192947339193,train
CS(=O)(=O)C1(c2cc(N3CCOCC3)nc(-c3cccc4[nH]ccc34)n2)CCNCC1,0.2,-0.6989700043360187,train
CS(=O)(=O)C1(c2cc(N3CCOCC3)nc(-c3cccc4[nH]ccc34)n2)CCOCC1,28.0,1.4471580313422192,train
CS(=O)(=O)C[C@H]1COc2cc(F)ccc2N1C(=O)c1ccc2c(c1)NC(=O)CO2,10.0,1.0,train
CS(=O)(=O)Cn1cnc2c(N3CCOCC3)nc(-c3cccc4[nH]ccc34)cc21,14.0,1.146128035678238,train
CS(=O)(=O)N(CCN1CCOCC1)c1ccc(Nc2ncc3cnn(C4CCCCCC4)c3n2)cc1,26.5,1.423245873936808,train
CS(=O)(=O)N1CC(c2noc([C@@H]3CCCN3C(=O)C[C@H](N)Cc3cc(F)c(F)cc3F)n2)C1,0.15,-0.8239087409443188,test
CS(=O)(=O)N1CCN(C(=O)c2cnc3ccc(F)cc3c2-c2ccc(C3(C#N)CC3)cc2)CC1,5.76,0.7604224834232121,test
CS(=O)(=O)N1CCN(C(=O)c2cnc3ccc(F)cc3c2N2CCC(C#N)(c3ccccc3)CC2)CC1,11.4,1.0569048513364727,test
CS(=O)(=O)N1CCN([C@H]2CC[C@H](Nc3ncnc4[nH]cc(C5CCOCC5)c34)CC2)CC1,5.0,0.6989700043360189,train
CS(=O)(=O)N1CCc2cc(S(=O)(=O)c3ccc4c(c3)OCCO4)ccc21,40.25,1.6047658847038873,train
CS(=O)(=O)N1Cc2ccc(S(=O)(=O)c3ccc4c(c3)OCCO4)cc2C1,31.4,1.4969296480732148,train
CS(=O)(=O)NC(=O)C1CN(CCCC(=O)O)c2cccc(NC(=O)c3ccc(OCCCCc4ccccc4)cc3)c2O1,0.06,-1.2218487496163564,train
CS(=O)(=O)NC(=O)[C@H](Cc1ccccc1)NC(=O)OCc1ccccc1,6.0,0.7781512503836436,train
CS(=O)(=O)NC[C@@H]1CCCN1C(=O)C[C@H](N)Cc1cc(F)c(F)cc1F,0.2,-0.6989700043360187,train
CS(=O)(=O)NC[C@H]1CC[C@H](Nc2nc3c(s2)CCSc2ccccc2-3)CC1,36.7,1.5646660642520893,train
CS(=O)(=O)Nc1ccc(-c2ccnc(Nc3ccc(CN4CCS(=O)(=O)CC4)cc3)n2)cc1,4.6,0.6627578316815741,train
CS(=O)(=O)Nc1ccc(Nc2ncc3cnn(C4CCCCCC4)c3n2)cn1,20.1,1.3031960574204888,train
CS(=O)(=O)Nc1ccc([N+](=O)[O-])cc1Oc1ccc(I)cc1,24.150000000000002,1.382917135087531,train
CS(=O)(=O)Nc1ccc([N+](=O)[O-])cc1Oc1cccc(I)c1,29.200000000000003,1.4653828514484184,train
CS(=O)(=O)Nc1ccc([N+](=O)[O-])cc1Oc1ccccc1I,31.949999999999996,1.504470862494419,train
CS(=O)(=O)Nc1ccc2c(c1)S(=O)(=O)N=C(C1=C(O)C3C4CCC(C4)C3N(Cc3ccc(F)cc3)C1=O)N2,2.75,0.43933269383026263,train
CS(=O)(=O)Nc1ccc2c(c1)S(=O)(=O)N=C(C1=C(O)C3CCCCCC3N(Cc3ccc(F)cc3)C1=O)N2,0.95,-0.022276394711152253,test
CS(=O)(=O)Nc1ccc2c(c1)S(=O)(=O)N=C(C1=C(O)C3CCCCN3N(Cc3ccc(F)cc3)C1=O)N2,0.1,-1.0,test
CS(=O)(=O)Nc1ccc2c(c1)S(=O)(=O)N=C(C1=C(O)C3CCCN3N(Cc3ccc(F)cc3)C1=O)N2,0.2,-0.6989700043360187,test
CS(=O)(=O)Nc1ccc2c(c1)S(=O)(=O)N=C(C1=C(O)[C@@H]3CCCC[C@@H]3N(Cc3ccc(F)cc3)C1=O)N2,1.0,0.0,train
CS(=O)(=O)Nc1ccc2c(c1)S(=O)(=O)N=C(C1=C(O)[C@@H]3[C@@H]([C@H]4CC[C@@H]3O4)N(Cc3ccc(F)cc3)C1=O)N2,0.08,-1.0969100130080565,test
CS(=O)(=O)Nc1ccc2c(c1)S(=O)(=O)N=C(C1=C(O)[C@@H]3[C@H]4CC[C@H](C4)[C@@H]3N(Cc3ccc(F)c(F)c3)C1=O)N2,1.05,0.021189299069938092,train
CS(=O)(=O)Nc1ccc2c(c1)S(=O)(=O)N=C(C1=C(O)[C@@H]3[C@H]4CC[C@H](C4)[C@@H]3N(Cc3ccc(F)cc3)C1=O)N2,1.3,0.11394335230683679,train
CS(=O)(=O)Nc1ccc2c(c1)S(=O)(=O)N=C(C1=C(O)[C@H]3CCCC[C@H]3N(Cc3ccc(F)cc3)C1=O)N2,0.67,-0.17392519729917355,train
CS(=O)(=O)Nc1ccc2c(c1)S(=O)(=O)N=C(C1=C(O)[C@H]3CCC[C@H]3N(Cc3ccc(F)c(F)c3)C1=O)N2,0.83,-0.08092190762392612,train
CS(=O)(=O)Nc1ccc2c(c1)S(=O)(=O)N=C(C1=C(O)[C@H]3CCC[C@H]3N(Cc3ccc(F)cc3)C1=O)N2,1.6,0.2041199826559248,train
CS(=O)(=O)Nc1ccc2c(c1)S(=O)(=O)N=C(C1=C(O)[C@H]3[C@@H]4CC[C@@H](C4)[C@H]3N(Cc3ccc(F)cc3)C1=O)N2,9.0,0.9542425094393249,train
CS(=O)(=O)Nc1ccc2c(c1)S(=O)(=O)N=C(C1=C(O)[C@H]3[C@H]4CC[C@H](C4)[C@H]3N(Cc3ccc(F)cc3)C1=O)N2,2.0,0.3010299956639812,train
CS(=O)(=O)Nc1ccc2c(c1)S(=O)(=O)N=C(c1c(O)c(N3CCCC3)nn(CCC3CC3)c1=O)N2,0.22,-0.6575773191777937,train
CS(=O)(=O)Nc1ccc2c(c1)S(=O)(=O)N=C(c1c(O)c3cccn3n(Cc3ccc(F)cc3)c1=O)N2,0.1,-1.0,train
CS(=O)(=O)Nc1ccc2c(c1)S(=O)(=O)NC(C1=C(O)[C@@H]3CCC[C@@H]3N(Cc3ccc(F)cc3)C1=O)=N2,1.6,0.2041199826559248,test
CS(=O)(=O)Nc1cccc(-c2c(O)ccc3cc(-c4cccc(O)c4)ccc23)c1,19.0,1.2787536009528289,train
CS(=O)(=O)O.Cc1oc(=O)oc1COC(=O)c1ccccc1-c1ccc(CN2CCC(COC(=O)c3c4n(c5ccccc35)CCCO4)CC2)cc1,16.1,1.2068258760318498,test
CS(=O)(=O)O.O=C(O)c1ccccc1-c1ccc(CN2CCC(COC(=O)c3c4n(c5ccccc35)CCCO4)CC2)cc1,0.8,-0.09691001300805639,train
CS(=O)(=O)c1cc(-c2ccccc2)cc(S(=O)(=O)c2ccc(CN)s2)c1,8.5,0.9294189257142927,train
CS(=O)(=O)c1cc(-c2ccccc2)cc(S(=O)(=O)c2cnc(CN)s2)c1,23.0,1.3617278360175928,train
CS(=O)(=O)c1ccc(-c2ccc(O[C@H]3O[C@H](CO)[C@@H](O)[C@H](O)[C@@H]3O)cc2)cc1,0.36,-0.44369749923271273,train
CS(=O)(=O)c1ccc(C(c2nnnn2Cc2ccccc2)N2CCCN(C3CCC3)CC2)cc1,0.9,-0.045757490560675115,train
CS(=O)(=O)c1ccc([C@@H](CC2CCCC2)C(=O)Nc2cnc([C@H](O)CO)cn2)cc1Cl,3.36,0.526339277389844,test
CS(=O)(=O)c1ccc([C@@H](C[C@H]2CCC(=O)C2)C(=O)Nc2cnccn2)cc1Cl,1.6,0.2041199826559248,test
CS(=O)(=O)c1ccccc1-c1ccc(NC(=O)c2cc(C(F)(F)F)nn2-c2cccc(CN)c2)c(F)c1,4.86,0.6866362692622934,train
CS(=O)(=O)c1ccccc1-c1ccc(NC(=O)c2cc(C(F)(F)F)nn2-c2cccc(CN)c2)cc1,3.38,0.5289167002776547,train
CSCC[C@H](NC(=O)C1SC(C)(C)SC1C(=O)O)C(=O)O,15.7,1.1958996524092338,train
CSCC[C@H](NC(=O)[C@H](CC(C)C)NC(=O)CNC(=O)[C@H](Cc1ccccc1)NC(=O)[C@H](Cc1c[nH]c2ccccc12)NC(=O)[C@@H]1CCCN1C(=O)[C@@H](N)Cc1ccc(O)cc1)C(N)=O,1.41,0.14921911265537988,train
CSCC[C@H](NC(=O)[C@H](CC(C)C)NC(=O)CNC(=O)[C@H](Cc1ccccc1)NC(=O)[C@H](Cc1ccccc1)NC(=O)[C@H](Cc1c[nH]c2ccccc12)NC(=O)[C@@H]1CCCN1C(=O)[C@@H](N)Cc1ccc(O)cc1)C(N)=O,2.04,0.3096301674258988,train
CS[C@@]1(C(=O)Nc2ccc3[nH]nc(-c4ccc(F)cc4)c3c2)CCN(CC(=O)N2CC=C(c3ccc(-c4ncccn4)cc3)CC2)C1,60.0,1.7781512503836436,test
CSc1ccc(-c2cnc(N3CCC(C(N)=O)CC3)s2)cc1,0.9,-0.045757490560675115,train
CSc1ccc(/C=C/C(=O)NC2(C(=O)N[C@H](Cc3ccccc3)C(=O)NCC3CCN(CC4CCOCC4)CC3)CCCC2)cc1,4.7,0.6720978579357175,train
CSc1ccc(C(=O)NC2(C(=O)N[C@H](Cc3ccccc3)C(=O)NCC3CCN(CC4CCOCC4)CC3)CCCC2)cc1,0.9,-0.045757490560675115,train
CSc1ccc(C(SCC(=O)NO)P(=O)(O)O)cc1,0.15,-0.8239087409443188,train
CSc1nc2cc(Cl)ccc2n1C,7.59,0.8802417758954804,train
CSc1nc2ccc(Cl)cc2n1C,7.77,0.8904210188009143,train
CSc1nc2ccccc2n1C,7.12,0.8524799936368563,train
CSc1nn(-c2ccccc2)c2cc(NC(=O)C3CCNCC3)ccc12,1.65,0.21748394421390627,test
CSc1nncc(-c2cnnc(SCCN(C)C)n2)n1,49.0,1.6901960800285136,train
C[C@@H](CO)Nc1cc2c(cc1S(=O)(=O)Nc1ccc(F)c(Cl)c1)CCC(=O)N2,1.61,0.20682587603184974,train
C[C@@H](NC(=O)c1cc(Cl)cnc1Oc1ccc(F)cc1)c1ccc(C(=O)O)cc1,25.3,1.403120521175818,train
C[C@@H](NC(=O)c1cc(NC(=O)CCC(O)(CCc2ccccc2)C(=O)N[C@H]2c3ccccc3C[C@H]2O)cc(N(C)S(C)(=O)=O)c1)c1ccccc1,1.0,0.0,test
C[C@@H](Nc1cc(F)cc(F)c1)c1cc(C(=O)N(C)C)cn2c(=O)cc(N3CCOCC3)nc12,50.0,1.6989700043360187,train
C[C@@H](Nc1cc(F)cc(F)c1)c1cc(C(=O)N2CCN(C)CC2)cn2c(=O)cc(N3CCOCC3)nc12,9.0,0.9542425094393249,test
C[C@@H](O)[C@@H]1NC(=O)[C@@H](CCCCN)NC(=O)[C@@H](Cc2c[nH]c3ccccc23)NC(=O)[C@H](Cc2ccccc2)NC(=O)[C@@H]2CCCN2C(=O)[C@@H](Cc2ccccc2)NC1=O,0.2,-0.6989700043360187,train
C[C@@H](O)[C@@H]1NC(=O)[C@H](CCCCN)NC(=O)[C@@H](Cc2c[nH]c3ccccc23)NC(=O)[C@H](Cc2ccccc2)NC(=O)[C@@H]2CCCN2C(=O)[C@H](Cc2ccccc2)NC1=O,0.93,-0.03151705144606486,train
C[C@@H](c1cc2cccnc2cc1F)n1cnc2ncc(-c3ccc(C(N)=O)c(F)c3)nc21,43.7,1.640481436970422,train
C[C@@H](c1cc2cccnc2cc1F)n1cnc2ncc(-c3cnn(C)c3)nc21,46.6,1.6683859166900001,train
C[C@@H](c1ccccc1)[C@H](NC(=O)[C@@H](N)Cc1ccccc1)C(N)=O,1.2,0.07918124604762482,train
C[C@@H]1C=C2C(=O)O[C@@H]3CC[C@H](C1)[C@]23O,65.9,1.8188854145940099,test
C[C@@H]1CCCN1CCCOc1ccc(-c2ccc(=O)[nH]n2)cc1,13.5,1.130333768495006,train
C[C@@H]1CCCN1CCCOc1ccc(-c2cnn(-c3ccccn3)c(=O)c2)cc1,13.7,1.1367205671564067,train
C[C@@H]1CCCN1CCCOc1ccc(C2=NNC(=O)C(C)(C)C2)cc1,14.0,1.146128035678238,train
C[C@@H]1CCCN1CCCOc1ccc(C2=NNC(=O)CC2)cc1,11.4,1.0569048513364727,train
C[C@@H]1CCCN1CCCOc1ccc(C2=NNC(=O)[C@@H]3C[C@H]23)cc1,17.5,1.2430380486862944,train
C[C@@H]1CCCN1CCCOc1ccc(C2=NNC(=O)[C@H]3C[C@@H]23)cc1,15.7,1.1958996524092338,train
C[C@@H]1CCN(C(=O)CC#N)C[C@@H]1N(C)c1ncnc2[nH]ccc12,10.0,1.0,train
C[C@@H]1CN(C(=O)c2ccnc(Nc3nc4ccc(-c5ccc(F)c(C(F)(F)F)c5)nc4[nH]3)c2)C[C@H](C)N1,0.65,-0.18708664335714442,test
C[C@@H]1CN(C(=O)c2ccnc(Nc3nc4cnc(-c5ccc(F)c(C(F)(F)F)c5)cc4[nH]3)c2)C[C@H](C)N1C,1.7,0.2304489213782739,train
C[C@@H]1CN(C(=O)c2ccnc(Nc3nc4cnc(-c5ccc(F)c(C(F)(F)F)c5)cc4[nH]3)c2)C[C@H](C)N1CC1CC1,0.14,-0.8538719643217619,test
C[C@@H]1CN(c2cc(=O)c3cc(C(=O)N(C)C)cc(CN(C)c4cc(F)cc(F)c4)c3o2)CCO1,55.0,1.7403626894942439,train
C[C@@H]1CN(c2cc(=O)c3cc(C(=O)N(C)C)cc(CN4CCOc5c(F)cc(F)cc54)c3o2)CCO1,25.0,1.3979400086720377,train
C[C@@H]1CN(c2cc(=O)c3cc(C(=O)N(C)C)cc(CN4CCOc5c(F)cccc54)c3o2)CCO1,28.0,1.4471580313422192,train
C[C@@H]1CN(c2cc(=O)c3cc(C(=O)N4CCOCC4)cc(CN4CCOc5c(F)cc(F)cc54)c3o2)CCO1,5.7,0.7558748556724915,train
C[C@@H]1CN(c2cc(=O)c3cc(C(=O)N4CCOCC4)cc(CN4CCOc5c(F)cccc54)c3o2)CCO1,7.8,0.8920946026904804,train
C[C@@H]1CN(c2cc(=O)c3cc(C(=O)N4CCOCC4)cc(CN4CCOc5ccc(F)cc54)c3o2)CCO1,11.0,1.0413926851582251,train
C[C@@H]1CN(c2nc(C(F)(F)F)no2)CCN1c1ncc(OCc2ccc(CS(C)(=O)=O)cc2F)cn1,10.0,1.0,train
C[C@@H]1COCCN1c1cc(C2(S(C)(=O)=O)CC2)nc(-c2cccc3[nH]ccc23)n1,23.0,1.3617278360175928,train
C[C@@H]1COCCN1c1cc(C2(S(C)(=O)=O)CC2)nc(-c2cncc3[nH]ccc23)n1,8.0,0.9030899869919435,train
C[C@@H]1COCCN1c1cc(C2([S@](C)(=N)=O)CC2)nc(-c2cc[nH]c3nccc2-3)n1,9.4,0.9731278535996987,train
C[C@@H]1COCCN1c1nc(-c2c(F)ncc3[nH]ccc23)cc2c1ncn2C,38.0,1.5797835966168101,train
C[C@@H]1COCCN1c1nc(-c2cncc3[nH]ccc23)cc2c1ncn2C,6.0,0.7781512503836436,train
C[C@@H]1COCCN1c1nc(-c2cncc3[nH]ccc23)cc2c1ncn2[C@@H](C)S(C)(=O)=O,2.0,0.3010299956639812,train
C[C@@H]1COCCN1c1nc(-c2nncc3[nH]ccc23)cc2c1ncn2C,3.6,0.5563025007672873,train
C[C@@H]1C[C@H](c2cc(=O)[nH]o2)CCN1,0.6,-0.2218487496163564,train
C[C@@H]1C[C@H]2[C@@H]3CCC4=CC(=O)C=C[C@]4(C)C3=CC[C@]2(C)[C@@]1(O)C(=O)CO,11.2,1.0492180226701815,test
C[C@@H]1Cc2c(ccc3[nH]ncc23)[C@@H](c2c(F)cc(/C=C/C(=O)O)cc2F)N1CC(C)(C)F,6.9,0.8388490907372553,train
C[C@@H]1Cc2c(ccc3[nH]ncc23)[C@@H](c2c(F)cc(/C=C/C(=O)O)cc2F)N1CC(C)(F)F,5.8,0.7634279935629372,train
C[C@@H]1Cn2c(nnc2C(F)(F)F)CN1C(=O)c1cccc(C(F)(F)c2n[nH]c(=O)c3c2CCCC3)c1,1.8,0.25527250510330607,train
C[C@@H]1Cn2c(nnc2C(F)(F)F)CN1C(=O)c1cccc(C(F)(F)c2n[nH]c(=O)c3ccccc23)c1,7.9,0.8976270912904415,train
C[C@@H]1Cn2c(nnc2C(F)(F)F)CN1C(=O)c1cccc(Cc2n[nH]c(=O)c3c2CCCC3)c1,0.3,-0.5228787452803376,train
C[C@@H]1Cn2c(nnc2C(F)(F)F)CN1C(=O)c1cccc(Cc2n[nH]c(=O)c3ccccc23)c1,1.5,0.17609125905568124,train
C[C@@H]1Cn2ncc(-c3ccc(S(C)(=O)=O)cc3)c2CN1c1ccnc2[nH]ccc12,9.0,0.9542425094393249,train
C[C@@H]1Cn2ncc(C3CCN(S(C)(=O)=O)CC3)c2CN1c1cc(Cl)nc2[nH]ccc12,18.0,1.255272505103306,train
C[C@@H]1Cn2ncc(C3CCN(S(C)(=O)=O)CC3)c2CN1c1ccnc2[nH]ccc12,10.0,1.0,train
C[C@@H]1NC(=O)[C@H](C)N(C)C(=O)[C@H](C)NC(=O)[C@H](C)N(C)C(=O)[C@H](C)NC(=O)[C@@H](C)NC1=O,0.14,-0.8538719643217619,test
C[C@@H]1N[S@](=O)(c2cccc(-c3cccc(C#N)c3)c2)=NC1=O,2.3,0.36172783601759284,train
C[C@@H]1OCC2(CCN(c3nc(N)c(Sc4cccc(Cl)c4Cl)c(=O)n3C)CC2)[C@@H]1N,6.8,0.8325089127062363,train
C[C@@H]1OCC2(CCN(c3nc(N)c(Sc4cccnc4C(F)(F)F)c(=O)n3C)CC2)[C@@H]1N,1.02,0.00860017176191757,train
C[C@@H]1c2nnc(-c3ccccn3)n2CCN1C(=O)c1cccc(Cl)c1Cl,73.4,1.8656960599160706,test
C[C@@H]1c2nnn(-c3ncc(F)cn3)c2CCN1C(=O)c1cccc(C(F)(F)F)c1Cl,75.3,1.8767949762007006,train
C[C@@](Cc1ccccc1)(NC(=O)[C@@H](N)Cc1ccccc1)C(N)=O,20.4,1.3096301674258988,train
C[C@@]1(NCCc2ccccc2)COCCCCOC[C@@H](C(=O)O)NC(=O)[C@@H]2CCCN2C(=O)CNC1=O.Cl,0.1,-1.0,test
C[C@H](CC(=O)N1CCC(O)(Cn2cnc(NCCN3CCCC3)cc2=O)CC1)c1ccccc1,0.26,-0.585026652029182,test
C[C@H](CC(=O)N1CCC(O)(Cn2cnc3c(-c4ccc(CN)cc4)n(C)nc3c2=O)CC1)c1ccccc1,0.28,-0.5528419686577808,train
C[C@H](CC(=O)N1CCC(O)(Cn2cnc3c(-c4ccc(CO)cc4)n(C)nc3c2=O)CC1)c1ccccc1,0.15,-0.8239087409443188,train
C[C@H](CC(=O)N1CCC(O)(Cn2cnc3c(-c4ccccc4)n(C)nc3c2=O)CC1)c1ccccc1,1.93,0.28555730900777376,train
C[C@H](CO)Nc1cc(NS(=O)(=O)N(C)C)nc(SCc2cccc(Cl)c2F)n1,6.4,0.8061799739838872,train
C[C@H](CO)Nc1cc(NS(=O)(=O)N2CCC2)nc(SCc2cccc(F)c2F)n1,10.1,1.0043213737826426,train
C[C@H](CO)Nc1cc(NS(=O)(=O)N2CCCC2)nc(SCc2cccc(F)c2F)n1,7.5,0.8750612633917001,train
C[C@H](CO)Nc1cc(NS(=O)(=O)N2CCNCC2)nc(SCc2cccc(Cl)c2F)n1,0.1,-1.0,train
C[C@H](CO)Nc1cc(NS(=O)(=O)N2CCOCC2)nc(SCc2cccc(Cl)c2F)n1,5.4,0.7323937598229685,train
C[C@H](CO)Nc1cc(NS(=O)(=O)N2CCOCC2)nc(SCc2cccc(F)c2F)n1,7.0,0.8450980400142568,train
C[C@H](CO)Nc1cc(NS(=O)(=O)c2cn(C)cn2)nc(SCc2cccc(Cl)c2F)n1,1.4,0.146128035678238,train
C[C@H](Cc1cccc(CC(=O)NC2Cc3ccccc3C2)c1)NC[C@H](O)c1ccc(O)c(CO)c1,1.0,0.0,test
C[C@H](Cc1cccc(CC(=O)NCc2c(F)cccc2Cl)c1)NC[C@H](O)c1ccc(O)c(CO)c1,1.0,0.0,train
C[C@H](Cc1cccc(CC(=O)NCc2cc(C(F)(F)F)ccc2F)c1)NC[C@H](O)c1ccc(O)c(CO)c1,2.0,0.3010299956639812,train
C[C@H](Cc1cccc(CC(=O)NCc2cc(Cl)cc(Cl)c2)c1)NC[C@H](O)c1ccc(O)c(CO)c1,1.0,0.0,train
C[C@H](Cc1cccc(CC(=O)NCc2ccc(Cl)c(Cl)c2)c1)NC[C@H](O)c1ccc(O)c(CO)c1,1.0,0.0,train
C[C@H](N)C(=S)N[C@@H](COC(=O)CC1(CN)CCCCC1)C(=O)O,0.6,-0.2218487496163564,train
C[C@H](NC(=O)[C@@H](N)Cc1ccccc1)C(N)=S,3.0,0.47712125471966244,train
C[C@H](NC(=O)c1c(N)nn2cccnc12)c1cc2cccc(C#Cc3cnn(C)c3)c2c(=O)n1-c1ccccc1,13.0,1.1139433523068367,test
C[C@H](NC(=O)c1cc(Cl)ccc1Oc1ccc(F)cc1)c1ccc(C(=O)O)cc1,32.4,1.510545010206612,train
C[C@H](NC(=O)c1cc(Cl)ccc1Oc1cccc(F)c1)c1ccc(C(=O)O)cc1,41.9,1.6222140229662954,train
C[C@H](NC(=O)c1cc(Cl)cnc1Oc1ccc(F)cc1)c1ccc(C(=O)O)cc1,30.3,1.481442628502305,train
C[C@H](NC(=O)c1cc(Cl)cnc1Oc1cccc(C#N)c1)c1ccc(C(=O)O)cc1,0.644,-0.1911141326401879,train
C[C@H](NC(=O)c1cc(Cl)cnc1Oc1cccc(F)c1)c1ccc(C(=O)O)cc1,20.1,1.3031960574204888,train
C[C@H](NC(=O)c1cc(F)cnc1Oc1ccc(F)cc1)c1ccc(C(=O)O)cc1,30.2,1.4800069429571505,train
C[C@H](NP(=O)(OC[C@H]1O[C@@H](n2ccc3c(-c4cccs4)ncnc32)[C@H](O)[C@@H]1O)Oc1ccccc1)C(=O)OCc1ccccc1,1.1,0.04139268515822508,test
C[C@H](N[S@@]1(=O)=NC(=O)c2ccccc21)c1ccccc1,47.0,1.6720978579357175,train
C[C@H](N[S@]1(=O)=NC(=O)c2ccccc21)c1ccccc1,63.0,1.7993405494535817,train
C[C@H](Nc1c(C(N)=O)nnc2ccc(-c3ccc(OCCCN(C)C)nc3)cc12)C1CCOCC1,2.5,0.3979400086720376,train
C[C@H](Nc1ccc(C#N)n(C)c1=O)c1cc2cc(Cl)ccc2[nH]c1=O,12.12,1.0835026198302673,train
C[C@H](O)[C@H](NC(=O)c1cc2ccccc2cn1)C(=O)OCc1ccccc1,10.625,1.026328938722349,train
C[C@H](Oc1cc(C(F)(F)F)cc(C(F)(F)F)c1)C1CC(=O)CC(=O)C1,12.8,1.1072099696478683,test
C[C@H](c1ccc(Cl)cc1)N1C(=O)c2cc(I)ccc2N(CCCCC(=O)O)C(=O)[C@@H]1c1ccc(C(F)(F)F)cc1,10.3,1.0128372247051722,train
C[C@H](c1ccc(Cl)cc1)N1C(=O)c2cc(I)ccc2N(CCCCC(=O)O)C(=O)[C@@H]1c1ccc(Cl)cc1,7.34,0.8656960599160706,train
C[C@H](c1ccccc1)[C@@H](NC(=O)[C@@H](N)Cc1ccccc1)C(N)=O,4.4,0.6434526764861874,train
C[C@H]1CCc2c(sc3nc(SCCN4CCCC4)n(N)c(=O)c23)C1,0.96,-0.017728766960431602,train
C[C@H]1CN(Cc2cc(Cl)ccc2OCC(=O)O)CCN1C(=O)Cc1ccc(Cl)cc1,5.8,0.7634279935629372,test
C[C@H]1CN(c2cccc3nc(-c4nc(-c5cc(C(=O)N(C)C)ccn5)cnc4N)n(C)c23)CCN1,5.0,0.6989700043360189,train
C[C@H]1CN(c2cccc3nc(-c4nc(-c5cccc(C(=O)N(C)C)c5)cnc4N)n(C)c23)CCN1,5.8,0.7634279935629372,train
C[C@H]1COCCN1c1nc(-c2cnc(N)cc2F)cc(C2(S(C)(=O)=O)CC2)n1,10.0,1.0,train
C[C@H]1C[C@@H](N)C2(CCN(c3nc(N)c(Sc4cccnc4C(F)(F)F)c(=O)n3C)CC2)C1,0.5,-0.3010299956639812,train
C[C@H]1C[C@@H]2[C@H]([C@@H](O)C[C@@]3(C)[C@H]2CC[C@]3(O)C(=O)CO)[C@@]2(C)C=CC(=O)C=C12,12.3,1.089905111439398,train
C[C@H]1Cc2c(nnn2-c2ncc(F)cn2)CN1C(=O)c1cccc(C(F)(F)F)c1F,49.0,1.6901960800285136,train
C[C@H]1Cc2c(nnn2-c2ncc(F)cn2)CN1C(=O)c1ccnc(C(F)(F)F)c1F,35.0,1.5440680443502757,test
C[C@H]1Cn2c(Br)nnc2CN1C(=O)c1cccc(C(F)(F)c2n[nH]c(=O)c3ccccc23)c1,12.1,1.08278537031645,train
C[C@H]1Cn2c(nnc2-c2cc[nH]n2)C(=O)N1Cc1cccc(C(F)(F)F)c1Cl,5.4,0.7323937598229685,train
C[C@H]1Cn2c(nnc2-c2ccc(F)cc2)CN1C(=O)c1cccc(C(F)(F)F)c1Cl,37.3,1.5717088318086876,train
C[C@H]1Cn2c(nnc2-c2ccc(F)cc2)CN1C(=O)c1cccc(Cl)c1Cl,43.3,1.6364878963533653,train
C[C@H]1Cn2c(nnc2-c2cccnc2)C(=O)N1Cc1cccc(C(F)(F)F)c1Cl,6.2,0.7923916894982539,train
C[C@H]1Cn2c(nnc2-c2cnccn2)C(=O)N1Cc1cccc(C(F)(F)F)c1Cl,47.0,1.6720978579357175,train
C[C@H]1Cn2c(nnc2-c2ncccn2)C(=O)N1Cc1cccc(C(F)(F)F)c1Cl,4.4,0.6434526764861874,train
C[C@H]1Cn2c(nnc2C(C)(C)C)CN1C(=O)c1cccc(C(F)(F)c2n[nH]c(=O)c3ccccc23)c1,6.2,0.7923916894982539,train
C[C@H]1Cn2c(nnc2C(C)(C)F)CN1C(=O)c1cccc(C(F)(F)c2n[nH]c(=O)c3ccccc23)c1,7.15,0.8543060418010806,train
C[C@H]1Cn2c(nnc2C(C)(F)F)CN1C(=O)c1cccc(C(F)(F)c2n[nH]c(=O)c3ccccc23)c1,17.05,1.2317243833285165,train
C[C@H]1Cn2c(nnc2C(F)(F)F)CN1C(=O)c1cccc(C(F)(F)c2n[nH]c(=O)c3c2CCCC3)c1,3.6,0.5563025007672873,train
C[C@H]1Cn2c(nnc2C(F)(F)F)CN1C(=O)c1cccc(C(F)(F)c2n[nH]c(=O)c3ccccc23)c1,8.0,0.9030899869919435,train
C[C@H]1Cn2c(nnc2C(F)(F)F)CN1C(=O)c1cccc(Cc2n[nH]c(=O)c3c2CCCC3)c1,0.9,-0.045757490560675115,train
C[C@H]1Cn2c(nnc2C2CCC2)CN1C(=O)c1cccc(C(F)(F)c2n[nH]c(=O)c3ccccc23)c1,4.8,0.6812412373755872,test
C[C@H]1O[C@@H](O[C@H]2[C@@H](O)C[C@H](O[C@H]3[C@@H](O)C[C@H](O[C@H]4CC[C@@]5(C)[C@H](CC[C@@H]6[C@@H]5C[C@@H](O)[C@]5(C)[C@@H](C7=CC(=O)OC7)CC[C@]65O)C4)O[C@@H]3C)O[C@@H]2C)C[C@H](O)[C@@H]1O,1.17,0.06818586174616162,test
C[C@H]1O[C@@H](n2cnc3c(N)nc(OC4CCCC4)nc32)[C@H](O)[C@@H]1O,7.26,0.8609366207000937,train
C[C@H]1[C@@H](OCCN2CCN(c3ccc(C(=O)NS(=O)(=O)c4ccc(NCC5CCOCC5)c([N+](=O)[O-])c4)c(Oc4cnc5[nH]ccc5c4)c3)CC2)O[C@@H]2O[C@@]3(C)CC[C@H]4[C@H](C)CC[C@@H]1[C@@]24OO3,0.21,-0.6777807052660807,test
C[C@H]1[C@H](C)CC[C@]2(C)CC[C@]3(C)C(=CC(=O)[C@@H]4[C@@]5(C)CC[C@@H](O)[C@](C)(C(=O)O)[C@@H]5CC[C@]43C)[C@H]12,3.2,0.505149978319906,train
C[C@H]1[C@H](n2ccc(N)nc2=O)O[C@@](CO)(N=[N+]=[N-])[C@H]1O,1.7,0.2304489213782739,train
C[C@](N)(Cc1ccccc1)C(=O)N[C@@H](Cc1ccccc1)C(N)=O,18.4,1.2648178230095364,train
C[C@](O)(COc1ccc(C#N)cc1)C(=O)Nc1ccc(C#N)c(C(F)(F)F)c1,31.5,1.4983105537896004,train
C[C@](O)(CS(=O)(=O)c1ccc(F)cc1)C(=O)Nc1ccc(C#N)c(C(F)(F)F)c1,27.05,1.4321672694425882,train
C[C@](O)(CSc1ccc(C(F)(F)F)cc1)C(=O)Nc1ccc(C#N)c(C(F)(F)F)c1,5.8,0.7634279935629372,train
C[C@](O)(CSc1cccc(C(F)(F)F)c1)C(=O)Nc1ccc(C#N)c(C(F)(F)F)c1,6.84,0.8350561017201162,train
C[C@]1(COc2ccc(OC(F)(F)F)cc2)Cn2cc([N+](=O)[O-])nc2O1,22.6,1.354108439147401,train
C[C@]1(CS(=O)(=O)N2CCC(Oc3ccc(OC(F)(F)C(F)F)cc3)CC2)NC(=O)NC1=O,21.0,1.3222192947339193,test
C[C@]1(CS(=O)(=O)N2CCN(c3ncc(OCc4ccc(C(F)(F)F)o4)cn3)CC2)NC(=O)NC1=O,9.0,0.9542425094393249,test
C[C@]12C=CC(=O)C=C1CC[C@@H]1[C@@H]2[C@@H](O)C[C@@]2(C)[C@H]1CC[C@]2(O)C(=O)CO,7.5,0.8750612633917001,train
C[C@]12CC[C@@H]3c4ccc(OS(=O)(=O)O)cc4CC[C@H]3[C@@H]1CCC2=O,0.5549999999999999,-0.25570701687732383,test
C[C@]12CC[C@H]3[C@@H](CCC4=CC(=O)CC[C@@]43C)[C@@H]1CC[C@@H]2O,13.61,1.1338581252033346,test
C[C@]12C[C@@H](O)[C@H]3[C@@H](CC[C@]4(O)C[C@@H](O)C[C@@H](O)[C@]34CO)[C@@]1(O)CC[C@@H]2c1cn(Cc2ccccc2)nn1,0.25,-0.6020599913279624,train
C[S+]([O-])Cc1ccc(C(=O)Nc2ccc(OCCOCCO)nc2C(=O)NCC2CCC2)c2ccccc12,26.0,1.414973347970818,test
C[S+]([O-])Cc1ccc(C(=O)Nc2cccnc2C(=O)NCC2CCOCC2)c2ccccc12,23.0,1.3617278360175928,train
C[S+]([O-])Cc1ccc(C(=O)Nc2nccnc2C(=O)NCC2CCC2)c2ccccc12,14.5,1.1613680022349748,test
C[S@+]([O-])Cc1ccc(C(=O)Nc2cccnc2C(=O)NCC2CCOCC2)c2ccccc12,0.61,-0.21467016498923297,train
C[S@@+]([O-])Cc1ccc(C(=O)Nc2cccnc2C(=O)NCC2CCOCC2)c2ccccc12,26.0,1.414973347970818,train
Cc1c(-c2ccc(-n3cccc3)cc2)[nH]c2cc(F)cc(F)c2c1=O,30.97,1.4909412053567868,train
Cc1c(-c2ccc(=O)n(Cc3ccc(F)cc3F)n2)c2cc(F)ccc2n1CC(=O)O,2.1,0.3222192947339193,train
Cc1c(-c2ccc(=O)n(Cc3ccccc3)n2)c2cc(F)ccc2n1CC(=O)O,0.5,-0.3010299956639812,train
Cc1c(-c2ccc(N3CCC(F)(F)C3)cc2)[nH]c2cc(F)cc(F)c2c1=O,10.0,1.0,train
Cc1c(-c2ccc(N3CCCC(F)C3)cc2)[nH]c2cc(F)cc(F)c2c1=O,22.86,1.3590762260592628,train
Cc1c(-c2ccc(N3CC[C@H](F)C3)cc2)[nH]c2cc(F)cc(F)c2c1=O,15.51,1.190611797813605,train
Cc1c(-c2cccc(OCCCCC(=O)O)c2)c(=O)n(C[C@H](N)c2ccccc2)c(=O)n1Cc1c(F)cccc1C(F)(F)F,0.1,-1.0,train
Cc1c(-c2cccc(OCCCCC(=O)O)c2F)c(=O)n(C[C@@H](c2ccccc2)N(C)C)c(=O)n1Cc1c(F)cccc1C(F)(F)F,17.0,1.2304489213782739,train
Cc1c(-c2cccc(OCCCCC(=O)O)c2F)c(=O)n(C[C@H](N)c2ccccc2)c(=O)n1Cc1c(F)cccc1C(F)(F)F,0.1,-1.0,train
Cc1c(-c2cn(C(C)C)c(=O)c3ccccc23)c2cc(F)ccc2n1CC(=O)O,2.7,0.43136376415898736,train
Cc1c(/C=C/C(=O)NCC(=O)O)oc2ccc(Cl)c(C(=O)Oc3ccncc3C(=O)N3CCN(C4CC4)c4ccccc43)c12,0.21,-0.6777807052660807,test
Cc1c(C(=O)Nc2ccc(F)c(F)c2)sc(N)c1C(N)=O,24.8,1.3944516808262162,train
Cc1c(C(=O)c2cccc3ccccc23)c2cccc3c2n1[C@H](CN1CCOCC1)CO3,12.1,1.08278537031645,test
Cc1c(C(Cc2ccc(F)c(F)c2)P(=O)(OC(C)C)OC(C)C)sc2ccccc12,0.075,-1.1249387366083,train
Cc1c(C)n2cc([N+](=O)[O-])nc2c(=O)n1Cc1ccc(OC(F)(F)F)cc1,21.0,1.3222192947339193,train
Cc1c(CC(=O)O)c(-c2ccccc2)nn1Cc1ccccc1S(=O)(=O)c1ccccc1,13.0,1.1139433523068367,train
Cc1c(CC(=O)O)c2cccnc2n1Cc1ccc(S(C)(=O)=O)cc1,0.9,-0.045757490560675115,train
Cc1c(Cc2ccc(=O)n(Cc3ccc(F)cc3F)n2)c2cc(F)ccc2n1CC(=O)O,7.1,0.8512583487190752,train
Cc1c(Cc2ccc(=O)n(Cc3ccccc3)n2)c2cc(F)ccc2n1CC(=O)O,4.3,0.6334684555795865,train
Cc1c(Cc2ccccc2Cc2ccccc2)c2c(n1CC(=O)O)CCNC2=O,0.2,-0.6989700043360187,test
Cc1c(Cc2ccccc2S(=O)(=O)c2ccc(F)cc2)c(-c2ccccc2)nn1CC(=O)O,2.0,0.3010299956639812,train
Cc1c(Cc2ccccc2S(=O)(=O)c2ccccc2)c(-c2ccccc2)nn1CC(=O)O,2.0,0.3010299956639812,train
Cc1c(Cc2ccccc2S(=O)(=O)c2ccccc2)c2c(=O)[nH]ccc2n1CC(=O)O,0.1,-1.0,train
Cc1c(Cc2ccccc2S(=O)(=O)c2ccccc2)c2c(=O)n(C(F)F)ccc2n1CC(=O)O,0.4,-0.3979400086720376,train
Cc1c(Cc2ccccc2S(=O)(=O)c2ccccc2)c2c(=O)n(C)ccc2n1CC(=O)O,0.1,-1.0,train
Cc1c(Cc2ccccc2S(=O)(=O)c2ccccc2)c2c(n1CC(=O)O)CC(C)(C)NC2=O,1.1,0.04139268515822508,train
Cc1c(Cc2ccccc2S(=O)(=O)c2ccccc2)c2c(n1CC(=O)O)CCN(C(C)C(F)(F)F)C2=O,0.6,-0.2218487496163564,train
Cc1c(Cc2ccccc2S(=O)(=O)c2ccccc2)c2c(n1CC(=O)O)CCNC2=O,0.01,-2.0,train
Cc1c(Cl)nc(NC(=O)NC(C)(C)C)c(=O)n1C(C(=O)Nc1ccccc1C(=O)NS(=O)(=O)c1ccc(C(F)(F)F)cc1)c1ccccc1,1.1,0.04139268515822508,test
Cc1c(Nc2c(C#N)cncc2/C=C/CCN2CCC[C@@H](N)C2)ccc2[nH]ccc12,0.5,-0.3010299956639812,test
Cc1c(O)cccc1C(=O)N[C@@H](CSc1ccccc1)[C@H](O)CN1C[C@H]2CCCC[C@H]2C[C@H]1C(=O)NC(C)(C)C,0.75,-0.12493873660829995,train
Cc1c2c(=O)n(-c3ccc(F)cc3Cl)[nH]c2cc(=O)n1Cc1ccccn1,13.4,1.1271047983648077,train
Cc1c2c(=O)n(-c3ccccc3)[nH]c2cc(=O)n1Cc1cccnc1,79.2,1.8987251815894934,train
Cc1c2c(=O)n(-c3ccccc3Cl)[nH]c2cc(=O)n1Cc1ccccn1,21.4,1.3304137733491908,train
Cc1c2oc3c(C)ccc(C(=O)N[C@@H]4C(=O)N[C@H](C(C)C)C(=O)N5CCC[C@H]5C(=O)N(C)CC(=O)N(C)[C@@H](C(C)C)C(=O)O[C@@H]4C)c3nc-2c(C(=O)N[C@@H]2C(=O)N[C@H](C(C)C)C(=O)N3CCC[C@H]3C(=O)N(C)CC(=O)N(C)[C@@H](C(C)C)C(=O)O[C@@H]2C)c(N)c1=O,1.5499999999999998,0.19033169817029144,test
Cc1c[nH]c2c(Nc3nc(N[C@@H]4CCCC[C@@H]4N)cc4nc[nH]c(=O)c34)cccc12,9.5,0.9777236052888477,train
Cc1c[nH]c2ncnc(N[C@H]3CC[C@H](N(C)C)CC3)c12,3.2,0.505149978319906,train
Cc1c[nH]c2ncnc(O[C@H]3CC[C@H](N4CCOCC4)CC3)c12,33.0,1.5185139398778875,train
Cc1c[nH]c2ncnc(O[C@H]3CC[C@H](N4CCO[C@@H](C)C4)CC3)c12,31.0,1.4913616938342726,train
Cc1c[nH]c2ncnc(O[C@H]3CC[C@H](N4CCO[C@H](C)C4)CC3)c12,27.0,1.4313637641589874,train
Cc1c[nH]c2ncnc(O[C@H]3CC[C@H](N4C[C@@H]5C[C@H]4CO5)CC3)c12,29.0,1.462397997898956,train
Cc1c[nH]c2ncnc(O[C@H]3CC[C@H](N4C[C@H]5C[C@@H]4CO5)CC3)c12,25.0,1.3979400086720377,train
Cc1cc(-c2ccc(C(=O)[C@@H]3CCCC[C@H]3C(=O)Nc3c(C(N)=O)n[nH]c3C)cc2)n[nH]1,0.15,-0.8239087409443188,train
Cc1cc(-c2ccc(C(=O)[C@@H]3CCCC[C@H]3C(=O)Nc3c(C)nn(C)c3C(N)=O)cc2)n[nH]1,1.4,0.146128035678238,train
Cc1cc(-c2ccc(C(=O)[C@@H]3CCCC[C@H]3C(=O)Nc3cn(C)nc3C#N)cc2)n[nH]1,27.0,1.4313637641589874,train
Cc1cc(-c2ccc(C(=O)[C@@H]3CCCC[C@H]3C(=O)Nc3cn(C)nc3C(N)=O)c(F)c2)[nH]n1,17.0,1.2304489213782739,train
Cc1cc(-c2ccc(C(=O)[C@@H]3CCCC[C@H]3C(=O)Nc3cn(C)nc3C(N)=O)cc2)[nH]n1,22.0,1.3424226808222062,train
Cc1cc(-c2ccc(C(=O)[C@@H]3CCCC[C@H]3C(=O)Nc3cn(C)nc3C)cc2)n[nH]1,20.25,1.3064250275506875,train
Cc1cc(-c2ccc(C(=O)[C@@H]3CCCC[C@H]3C(=O)Nc3cnn(C)c3C(=O)NOC(C)(C)C)cc2)[nH]n1,14.7,1.167317334748176,train
Cc1cc(-c2ccc(C(=O)[C@@H]3CCCC[C@H]3C(=O)Nc3cnn(C)c3C(=O)O)cc2)[nH]n1,0.21,-0.6777807052660807,train
Cc1cc(-c2ccc(C(=O)[C@@H]3CCCC[C@H]3C(=O)Nc3cnn(C)c3C(N)=O)cc2)[nH]n1,2.6,0.414973347970818,train
Cc1cc(-c2ccc(C(=O)[C@@H]3CCCC[C@H]3C(=O)Nc3cnn(C)c3S(N)(=O)=O)cc2)n[nH]1,9.0,0.9542425094393249,train
Cc1cc(-c2ccc(C(=O)[C@@H]3CCCC[C@H]3C(=O)Nc3cnn4c3C(=O)NCC4)cc2)n[nH]1,3.7,0.568201724066995,test
Cc1cc(-c2ccc(C(F)(F)F)cn2)[nH]c1C(=O)N[C@@H](CN)c1ncc(CO)s1,12.25,1.0881360887005513,test
Cc1cc(-c2ccc(C[C@@H](C#N)NC(=O)[C@@H]3CNCCCO3)cc2)cc2c1oc(=O)n2C,13.0,1.1139433523068367,train
Cc1cc(-c2ccc3c([C@@H]4CCCC[C@H]4C(=O)Nc4cn(C)nc4C(N)=O)noc3c2)n[nH]1,7.0,0.8450980400142568,test
Cc1cc(-c2ccc3c([C@@H]4C[C@H]5C[C@H]5C[C@H]4C(=O)Nc4cn(C)nc4C(N)=O)noc3c2)n[nH]1,23.0,1.3617278360175928,test
Cc1cc(-c2ccccc2)cc(C(=O)NNS(=O)(=O)c2ccccc2)c1F,77.5,1.8893017025063104,train
Cc1cc(-c2ccccn2)cc(C(=O)NNS(=O)(=O)c2ccccc2)c1F,63.0,1.7993405494535817,train
Cc1cc(-c2nc(N)[nH]c(=O)c2Cl)cc(C#N)c1OCC1CCOC1,18.55,1.2683439139510646,train
Cc1cc(-c2ncccn2)cc(C(=O)NNS(=O)(=O)c2ccccc2)c1F,77.0,1.8864907251724818,test
Cc1cc(-n2cccn2)cc(C(=O)NNS(=O)(=O)c2ccccc2)c1F,48.0,1.6812412373755872,test
Cc1cc(-n2nccn2)cc(C(=O)NNS(=O)(=O)c2ccccc2)c1F,53.0,1.724275869600789,test
Cc1cc(/C=C/C#N)cc(C)c1Oc1cc(Nc2ccc(C#N)cc2)c(N)cc1[N+](=O)[O-],2.0,0.3010299956639812,train
Cc1cc(C#N)ccc1-c1cnn2c1C[C@@H](O)C2,68.4,1.8350561017201164,train
Cc1cc(C#N)ccc1-c1cnn2c1C[C@@H](Oc1ncc(F)cn1)C2,62.3,1.7944880466591695,train
Cc1cc(C#N)nc(C)c1C(=O)N1C[C@H]2CN(CCC(c3ccccc3)C3CCN(S(C)(=O)=O)CC3)C[C@H]2C1,9.475000000000001,0.97657921864011,test
Cc1cc(C#N)nc(C)c1C(=O)N1C[C@H]2CN(CCC3(c4cccc(F)c4)CCN(C(=O)C(C)(C)C)CC3)C[C@H]2C1,10.115,1.0049658871068234,test
Cc1cc(C#N)nc(C)c1C(=O)N1C[C@H]2CN(CCC3(c4ccccc4)CCN(C(=O)C4CCCC4)C3)C[C@H]2C1,8.425,0.9255699095433763,test
Cc1cc(C#N)nc(C)c1C(=O)N1C[C@H]2CN(CCC3(c4ccccc4)CN(C(=O)C4CC(F)(F)C4)C3)C[C@H]2C1,5.569999999999999,0.7458551951737289,train
Cc1cc(C#N)nc(C)c1C(=O)N1C[C@H]2CN(CCC3(c4ccccc4)CN(C(=O)C4CCC(F)(F)CC4)C3)C[C@H]2C1,5.364999999999999,0.7295697263019698,train
Cc1cc(C(=O)N2CCN(c3ccc(C(=O)NCCC4CC4)nn3)CC2)c(C(F)(F)F)o1,21.0,1.3222192947339193,test
Cc1cc(C(=O)N[C@H]2CCCCC/C=C\[C@@H]3C[C@@]3(C(=O)NS(=O)(=O)C3CC3)NC(=O)[C@@H]3C[C@@H](Oc4nc5cc(F)ccc5nc4C)CN3C2=O)no1,2.8,0.4471580313422192,train
Cc1cc(C(=O)N[C@H]2CCCCC/C=C\[C@@H]3C[C@@]3(C(=O)NS(=O)(=O)C3CC3)NC(=O)[C@@H]3C[C@@H](Oc4nc5ccccc5nc4C(F)(F)F)CN3C2=O)no1,5.4,0.7323937598229685,train
Cc1cc(C(=O)Nc2ccc(-c3ccccc3S(C)(=O)=O)cc2)n(-c2cccc(CN)c2)n1,1.2,0.07918124604762482,train
Cc1cc(C(=O)Nc2ccc(-c3ccccc3S(C)(=O)=O)cc2F)n(-c2cccc(CN)c2)n1,3.14,0.49692964807321494,train
Cc1cc(C(=O)O)c2c(C(C)C)nn(-c3ccc(Cl)cc3)c2n1,51.8,1.714329759745233,train
Cc1cc(C(=O)[O-])c2c(C(C)C)nn(-c3ccc(Cl)cc3)c2n1.[Na+],22.5,1.3521825181113625,train
Cc1cc(C(C)Nc2cc(Cl)ccc2C(=O)O)c2nc(N3CCOCC3)cc(=O)n2c1,15.0,1.1760912590556813,train
Cc1cc(C(C)Nc2cccc(C(=O)O)c2)c2nc(N3CCOCC3)cc(=O)n2c1,0.9,-0.045757490560675115,train
Cc1cc(C(C)Nc2ccccc2)c2nc(N3CCOCC3)cc(=O)n2c1,66.0,1.8195439355418688,train
Cc1cc(C(C)Nc2ccccc2-c2nnn[nH]2)c2nc(N3CCOCC3)cc(=O)n2c1,0.08,-1.0969100130080565,train
Cc1cc(C(C)Nc2ccccc2S(=O)(=O)O)c2nc(N3CCOCC3)cc(=O)n2c1,0.05,-1.3010299956639813,train
Cc1cc(C(F)(F)F)nc(C)c1C(=O)N1C[C@H]2CN(CCC3(c4ccccc4)CN(C(=O)C4CC(F)(F)C4)C3)C[C@H]2C1,7.395,0.8689381783329112,train
Cc1cc(C(F)(F)F)nc(C)c1C(=O)N1C[C@H]2CN(CCC3(c4ccccc4)CN(C(=O)C4CCC(F)(F)CC4)C3)C[C@H]2C1,8.16,0.9116901587538612,train
Cc1cc(C)c(CSC(=N)N)c(C)c1CSC(=N)N,0.9,-0.045757490560675115,train
Cc1cc(C)cc(Nc2nccc(-n3cc(C)c(CN4CC[C@@H](O)C4)c3)n2)c1,2.0,0.3010299956639812,train
Cc1cc(C)nc(N2C[C@H]3CN(C(=O)c4c(F)cccc4-n4nccn4)C[C@H]3C2)n1,64.1,1.8068580295188175,train
Cc1cc(C)nc(N2C[C@H]3CN(C(=O)c4ccc(F)cc4-n4nccn4)C[C@H]3C2)n1,58.1,1.7641761323903307,train
Cc1cc(C)nc(N2C[C@H]3CN(C(=O)c4cccc(F)c4-n4nccn4)C[C@H]3C2)n1,62.3,1.7944880466591695,train
Cc1cc(C2(c3cccc(-c4cncnc4)c3)N=C(N)c3c(F)cccc32)cc(C)n1,19.0,1.2787536009528289,train
Cc1cc(C2(c3cccc(-c4cncnc4)c3)N=C(N)c3c(F)cccc32)cn(C)c1=O,1.7,0.2304489213782739,train
Cc1cc(CCNCc2ccc3c(C)cc(N)nc3c2)ccc1C#N,20.8,1.3180633349627615,train
Cc1cc(CN(C)C(=O)c2ccc(Oc3ccc(C#C[C@]4(O)CN5CCC4CC5)cc3)cc2)on1,8.2,0.9138138523837167,test
Cc1cc(CN2C(=O)C(C3=NS(=O)(=O)c4cc(NS(C)(=O)=O)ccc4N3)=C(O)[C@@H]3[C@H]4CC[C@H](C4)[C@@H]32)ccc1F,4.0,0.6020599913279624,train
Cc1cc(CN2CC(C(=O)O)C2)ccc1NC(=O)c1cc(N(CC2CC2)C2CCCCC2)ncn1,2.4,0.38021124171160603,test
Cc1cc(COC(=O)N2C[C@@H]3[C@@H](CNC(=O)c4ccc5[nH]c(=O)oc5c4)[C@@H]3C2)no1,2.0,0.3010299956639812,test
Cc1cc(COc2cc(C(=O)N3CCC[C@@H](N)C3)nn2-c2ccc(C#N)cc2)on1,0.73,-0.1366771398795441,train
Cc1cc(COc2ccc(C(=O)NC3(CC(=O)NO)CCCCC3)cc2)c2ccccc2n1,3.6,0.5563025007672873,train
Cc1cc(COc2ccc(C(=O)NC3(CC(=O)NO)CCN(C(=O)C(C)(C)C)CC3)cc2)c2ccccc2n1,0.88,-0.05551732784983137,train
Cc1cc(COc2ccc(C(=O)NC3(CC(=O)NO)CCN(C(=O)C(C)C)CC3)cc2)c2ccccc2n1,0.2,-0.6989700043360187,train
Cc1cc(COc2ccc(C(=O)NC3(CC(=O)NO)CCN(C(=O)CC(C)(C)C)CC3)cc2)c2ccccc2n1,0.79,-0.10237290870955855,train
Cc1cc(COc2ccc(C(=O)NC3(CC(=O)NO)CCN(C(=O)CC(C)C)CC3)cc2)c2ccccc2n1,0.56,-0.25181197299379954,train
Cc1cc(COc2ccc(C(=O)NC3(CC(=O)NO)CCN(C(=O)OC(C)(C)C)CC3)cc2)c2ccccc2n1,8.2,0.9138138523837167,train
Cc1cc(COc2ccc(C(=O)NC3(CC(=O)NO)CCN(C(C)(C)C)CC3)cc2)c2ccccc2n1,0.1,-1.0,train
Cc1cc(COc2ccc(C(=O)NC3(CC(=O)NO)CCN(C)CC3)cc2)c2ccccc2n1,0.1,-1.0,train
Cc1cc(COc2ccc(C(=O)NC3(CC(=O)NO)CCN(C4=NCCS4)CC3)cc2)c2ccccc2n1,0.1,-1.0,train
Cc1cc(COc2ccc(C(=O)NC3(CC(=O)NO)CCN(CC(C)(C)C)CC3)cc2)c2ccccc2n1,2.4,0.38021124171160603,train
Cc1cc(COc2ccc(C(=O)NC3(CC(=O)NO)CCN(CCF)CC3)cc2)c2ccccc2n1,0.55,-0.2596373105057561,train
Cc1cc(COc2ccc(C(=O)NC3(CC(=O)NO)CCN(CCS(C)(=O)=O)CC3)cc2)c2ccccc2n1,0.81,-0.09151498112135022,train
Cc1cc(COc2ccc(C(=O)NC3(CC(=O)NO)CCN(Cc4ccccc4)CC3)cc2)c2ccccc2n1,0.1,-1.0,train
Cc1cc(COc2ccc(C(=O)NC3(CC(=O)NO)CCN(c4ccccc4)CC3)cc2)c2ccccc2n1,0.5,-0.3010299956639812,train
Cc1cc(COc2ccc(C(=O)NC3(CC(=O)NO)CCOCC3)cc2)c2ccccc2n1,0.8,-0.09691001300805639,train
Cc1cc(Cc2cc(-c3ccc(Br)cc3)on2)cc(C)c1OC(C)(C)C(=O)O,0.5,-0.3010299956639812,train
Cc1cc(Cn2c(=O)c(C3=CS(=O)(=O)c4ccccc4N3)c(O)c3cc(F)ccc32)ccc1F,0.5,-0.3010299956639812,train
Cc1cc(Cn2c(=O)c3cc(S(=O)(=O)NC4(C)CC4)ccc3n(CC3COC3)c2=O)on1,1.9,0.2787536009528289,train
Cc1cc(F)ccc1-c1c(Oc2ccc(/C=C/C(=O)O)cc2)c2ccc(O)cc2oc1=O,19.0,1.2787536009528289,train
Cc1cc(F)ccc1-c1c(Oc2ccc(/C=C/C(=O)O)cc2)c2ccccc2oc1=O,47.0,1.6720978579357175,train
Cc1cc(N)nc(CCc2cc(CC[C@H]3CCCN3C)cc(F)c2F)c1,1.1,0.04139268515822508,train
Cc1cc(N)nc(CCc2cc(CC[C@H]3CCN3C)cc(F)c2F)c1,17.05,1.2317243833285165,train
Cc1cc(N)nc(CCc2cc(F)cc(CCCN(C)C)c2)c1,9.2,0.9637878273455552,train
Cc1cc(N2CCN(C)CC2)c2[nH]c(N[C@H](CC#N)c3cccc(Cl)c3)nc2n1,0.68,-0.16749108729376366,train
Cc1cc(NC(=O)c2sc(N)c(C(N)=O)c2C)ccc1F,18.6,1.2695129442179163,train
Cc1cc(Nc2cc(N)ncn2)c(=O)n2c1C(=O)NC21CCC(F)(F)CC1,1.1,0.04139268515822508,train
Cc1cc(Nc2cc(N)ncn2)c(=O)n2c1C(=O)NC21CCCCC1,7.1,0.8512583487190752,train
Cc1cc(O)ccc1NC(=O)c1cc(NC2CCCCC2)ncn1,21.8,1.3384564936046048,train
Cc1cc(OC(F)(F)F)ccc1-c1c(Oc2ccc(/C=C/C(=O)O)cc2)c2ccc(O)cc2oc1=O,15.0,1.1760912590556813,train
Cc1cc(OC(F)(F)F)ccc1-c1c(Oc2ccc(/C=C/C(=O)O)cc2)c2ccccc2oc1=O,39.0,1.591064607026499,train
Cc1cc(OCc2nnc(SC3CCCC3)n2-c2cccnc2)ccc1-c1ccc(S(C)(=O)=O)cc1,21.6,1.334453751150931,train
Cc1cc(Oc2cncnc2)cc(C(=O)Nc2ccc(F)cn2)n1,6.5,0.8129133566428556,test
Cc1cc(S(=O)(=O)N2CCN(C)CC2)c(C)cc1-c1cnc(N)c(C(=O)Nc2cccnc2)n1,38.0,1.5797835966168101,train
Cc1cc(S(=O)(=O)N2CCN(C)CC2)ccc1-c1cnc(N)c(C(=O)Nc2cccnc2)n1,24.0,1.380211241711606,train
Cc1cc(S(=O)(=O)NCCC(=O)O)ccc1NC(=O)c1cc(N(CC2CC2)C2CCCCC2)ncn1,2.0,0.3010299956639812,train
Cc1cc(S(N)(=O)=O)ccc1NC(=O)c1cc(NC2CCCCC2)ncn1,12.5,1.0969100130080565,train
Cc1cc(SCc2cc(=O)[nH][nH]2)c(Cl)cc1Cl,4.7,0.6720978579357175,train
Cc1cc([C@@H](C)Nc2ccccc2C(=O)NO)c2nc(N3CCOCC3)cc(=O)n2c1,52.0,1.7160033436347992,train
Cc1cc([C@@H](C)Nc2ccccc2C(=O)NS(C)(=O)=O)c2nc(N3CCOCC3)cc(=O)n2c1,0.11,-0.958607314841775,train
Cc1cc([C@@H](C)Nc2ccccc2C(=O)O)c2nc(N3CCOCC3)cc(=O)n2c1,18.0,1.255272505103306,train
Cc1cc2[nH]ncc2cc1NC(=O)c1cc(N(CC2CC2)C2CCCCC2)ncn1,0.1,-1.0,test
Cc1cc2c(=O)n(Cc3ccccc3C#N)c(N3CCC[C@@H](N)C3)nc2[nH]1,4.36,0.6394864892685861,train
Cc1cc2c(C(N)=O)cccc2n1-c1nc2c(c(NCc3ccccc3)n1)COCC2,52.4,1.7193312869837267,train
Cc1cc2cc(NS(=O)(=O)c3ccc(C#N)cc3)ccc2n(C)c1=O,10.0,1.0,train
Cc1cc2nccn2cc1Nc1ncc2c(n1)n(C1CCOCC1)c(=O)n2C,16.0,1.2041199826559248,train
Cc1cc2nccn2cc1Nc1ncc2c(n1)n([C@H]1CC[C@H](O)CC1)c(=O)n2C,1.0,0.0,train
Cc1cc2ncnn2cc1Nc1ncc2c(n1)n(C1CCC(F)(F)CC1)c(=O)n2C,30.5,1.4842998393467859,train
Cc1cc2ncnn2cc1Nc1ncc2c(n1)n(C1CCCCC1)c(=O)n2C,37.0,1.568201724066995,train
Cc1cc2ncnn2cc1Nc1ncc2c(n1)n(C1CCOCC1)c(=O)n2C,45.5,1.6580113966571124,train
Cc1cc2ncnn2cc1Nc1ncc2c(n1)n([C@H]1CC[C@@](C)(O)CC1)c(=O)n2C,36.5,1.5622928644564746,train
Cc1cc2ncnn2cc1Nc1ncc2c(n1)n([C@H]1CC[C@H](O)CC1)c(=O)n2C,3.95,0.5965970956264602,train
Cc1cc2ncnn2cc1Nc1ncc2c(n1)n([C@H]1CC[C@](C)(O)CC1)c(=O)n2C,5.85,0.7671558660821804,train
Cc1ccc(-c2cc(C(F)(F)F)nn2-c2ccc(S(=O)(=O)NC(=O)CCc3cccc(/N=N\c4ccc(O)c(C(=O)O)c4)c3)cc2)cc1,3.635,0.5605044151950566,test
Cc1ccc(-c2cc(S(=O)(=O)c3ccc(CN)s3)ccc2S(C)(=O)=O)cc1.Cl,21.5,1.3324384599156054,train
Cc1ccc(-c2cc(S(C)(=O)=O)cc(S(=O)(=O)c3ccc(CN)s3)c2)cc1,12.5,1.0969100130080565,train
Cc1ccc(-c2ccc(C(=O)NC(CN)c3ncc(CO)s3)[nH]2)cc1F,2.56,0.4082399653118496,train
Cc1ccc(-c2ccc(C(=O)NC3(C(=O)N[C@@H](CCCN4CCN(CC5CCOCC5)CC4)Cc4ccccc4)CCCC3)cc2)cc1,7.1,0.8512583487190752,train
Cc1ccc(-c2ccc(C(=O)NC3(C(=O)N[C@H](Cc4ccccc4)C(=O)NCC4CCN(CC5CCOCC5)CC4)CCCC3)cc2)cc1,12.0,1.0791812460476249,train
Cc1ccc(-c2cccc(-c3nn[nH]n3)c2)cc1,7.3,0.8633228601204559,train
Cc1ccc(-c2cccc([S@]3(=O)=NC(=O)[C@H](C)N3)c2)cc1,66.0,1.8195439355418688,train
Cc1ccc(-c2ncc(OC[C@H]3CCNC3)cc2-c2ccc(C#N)cc2)cc1,5.6,0.7481880270062004,train
Cc1ccc(-c2nn(Cc3ccccc3)c(=O)c(C3=CS(=O)(=O)c4ccccc4N3)c2O)s1,0.3,-0.5228787452803376,train
Cc1ccc(-c2nn(Cc3ccccc3)c(=O)c(C3=NS(=O)(=O)c4ccccc4N3)c2O)s1,1.3,0.11394335230683679,train
Cc1ccc(-c2noc(COc3ccc(CCC(=O)O)cc3)n2)cc1,27.3,1.436162647040756,train
Cc1ccc(-n2nc(C)c3ccc(-c4ccc([C@H]5C[C@@H]5C(=O)O)cc4)cc32)cc1,58.0,1.7634279935629373,train
Cc1ccc(-n2nc(C)c3cnc(-c4ccc([C@H]5C[C@@H]5C(=O)O)cc4F)cc32)nc1,76.0,1.8808135922807914,train
Cc1ccc(/C=C/C(=O)NC2(C(=O)N[C@H](Cc3ccccc3)C(=O)NCC3CCN(CC4CCOCC4)CC3)CCCC2)cc1,1.0,0.0,train
Cc1ccc(C(=O)NC2CC2)cc1-c1ccc2c(N3CCOCC3)nncc2c1,10.5,1.021189299069938,train
Cc1ccc(C(=O)NC2CC2)cc1-c1ccc2c(NCCN3CCOCC3)nncc2c1,0.3,-0.5228787452803376,train
Cc1ccc(C(=O)NC2CC2)cc1-c1ccc2c(c1)NC(=O)C21CCCC1,18.0,1.255272505103306,train
Cc1ccc(C(=O)NC2CC2)cc1-c1ccc2c(c1)NC(=O)C21CCS(=O)(=O)CC1,4.0,0.6020599913279624,train
Cc1ccc(C(=O)NC2CC2)cc1-n1cnc2ccc(N3CCN(C)CC3)cc2c1=O,6.0,0.7781512503836436,train
Cc1ccc(C(=O)NCCO)cc1-n1cnc(OCc2ccc(F)cc2F)c(Cl)c1=O,7.99,0.9025467793139914,train
Cc1ccc(C(=O)Nc2cc(F)cc(CN3CCN(C(=O)C4CCCC4)[C@@H](C)C3)c2C)cn1,40.0,1.6020599913279623,test
Cc1ccc(C(=O)Nc2ccc(OC(CCN(C)C)c3ccccc3)cc2)cc1Cl,19.9,1.2988530764097066,train
Cc1ccc(C(=O)Nc2cccc(C(C)(C)C)c2)cc1-c1cc(N2CCOCC2)ncn1,15.0,1.1760912590556813,train
Cc1ccc(C(=O)Nc2cccc(C(F)(F)F)c2)cc1-c1cc(N2CCOCC2)ncn1,15.0,1.1760912590556813,train
Cc1ccc(C(=O)Nc2cn3ncnc3c(CN3CCN(C(=O)C4CCCC4)[C@@H](C)C3)c2C)cn1,2.5,0.3979400086720376,test
Cc1ccc(C(=O)Nc2cn3ncnc3c(CN3CCN(C(=O)CC(C(F)(F)F)C(F)(F)F)[C@@H](C)C3)c2C)cn1,9.6,0.9822712330395684,test
Cc1ccc(C(=O)Nc2cn3ncnc3c(O[C@H]3CCN(C(=O)CC(C(F)(F)F)C(F)(F)F)[C@@H](C)C3)c2C)cn1,31.0,1.4913616938342726,test
Cc1ccc(C)c2c1CCC21CCN(CCc2cnn(-c3nccc4c(=O)[nH]cnc34)c2)CC1,18.06,1.256717745977487,train
Cc1ccc(CC2CCOC3(CCN(Cc4ccc(COc5ccc(CCC(=O)O)cc5)cc4)CC3)C2)cc1.Cl,10.4,1.0170333392987803,train
Cc1ccc(CCNc2ncc(C)n(CC(=O)N(C)CCONC(=N)N)c2=O)cc1,0.27,-0.5686362358410126,train
Cc1ccc(CNC(=O)c2ccc(N3CCN(C(=O)c4ccccc4C(F)(F)F)CC3)nn2)o1,25.0,1.3979400086720377,train
Cc1ccc(COC(=O)N2C[C@@H]3[C@@H](CNC(=O)c4ccc5[nH]c(=O)oc5c4)[C@@H]3C2)nc1,1.0,0.0,test
Cc1ccc(N2CCN(C(=O)[C@H](C)Cc3ccc(Cl)cc3)CC2)c([C@@H](N)C(C)C)c1,5.0,0.6989700043360189,train
Cc1ccc(N2CCN(C(=O)[C@H](C)Cc3ccc(Cl)cc3)CC2)c([C@@H](NC(=O)CCN(C)C)C(C)C)c1,41.0,1.6127838567197355,train
Cc1ccc(N2CCN(C(=O)[C@H](C)Cc3ccc(Cl)cc3)CC2)c([C@@H](NC(=O)CCN)C(C)C)c1,3.0,0.47712125471966244,train
Cc1ccc(N2CCN(C(=O)[C@H](C)Cc3ccc(Cl)cc3C)CC2)c([C@@H](NC(=O)CCN(C)C)C(C)C)c1,16.0,1.2041199826559248,train
Cc1ccc(N2CCN(C(=O)[C@H](C)Cc3ccc(Cl)cc3F)CC2)c([C@@H](NC(=O)CCN(C)C)C(C)C)c1,37.0,1.568201724066995,train
Cc1ccc(NC(=O)CC(CCC(=O)N(C)C)c2nnc(CCCC(C)C)n2C2CC2)c(C)c1,7.0,0.8450980400142568,train
Cc1ccc(NC(=O)CC(CCC(=O)O)c2nnc(CCCC(C)C)n2C2CC2)c(C)c1,0.2,-0.6989700043360187,train
Cc1ccc(NC(=O)CC(CCC(N)=O)c2nnc(CCCC(C)C)n2C2CC2)c(C)c1,0.8,-0.09691001300805639,train
Cc1ccc(NC(=O)CC(CCN(C)C)c2nnc(CCCC(C)C)n2C2CC2)c(C)c1,0.8,-0.09691001300805639,train
Cc1ccc(NC(=O)CC(CCN)c2nnc(CCCC(C)C)n2C2CC2)c(C)c1,0.2,-0.6989700043360187,train
Cc1ccc(NC(=O)CC(CCO)c2nnc(CCCC(C)C)n2C2CC2)c(C)c1,11.0,1.0413926851582251,train
Cc1ccc(NC(=O)CCc2nnc(CCCC(C)C)n2C2CC2)c(C)c1,36.0,1.5563025007672873,train
Cc1ccc(NC(=O)C[C@H](CCC(=O)O)c2noc(-c3ccc(CC(C)C)cc3)c2C2CC2)c(Cl)c1,16.0,1.2041199826559248,test
Cc1ccc(NC(=O)C[C@H](CCC(=O)[O-])c2noc(-c3cc(CC(C)C)no3)c2C2CC2)c(Cl)c1.[Na+],28.0,1.4471580313422192,test
Cc1ccc(NC(=O)C[C@H](CCC(=O)[O-])c2noc(-c3cc(CC(C)C)on3)c2C2CC2)c(Cl)c1.[Na+],36.0,1.5563025007672873,test
Cc1ccc(NC(=O)C[C@H](CCC(=O)[O-])c2noc(-c3cnc(CC(C)C)s3)c2C2CC2)c(Cl)c1.[Na+],34.0,1.5314789170422551,test
Cc1ccc(NC(=O)C[C@H](CCC(=O)[O-])c2noc(-c3csc(CC(C)C)n3)c2C2CC2)c(Cl)c1.[Na+],34.0,1.5314789170422551,test
Cc1ccc(NC(=O)C[C@H](CCC(=O)[O-])c2noc(-c3ncc(CC(C)C)o3)c2C2CC2)c(Cl)c1.[Na+],32.0,1.505149978319906,test
Cc1ccc(NC(=O)C[C@H](CCC(=O)[O-])c2noc(-c3ncc(CC(C)C)s3)c2C2CC2)c(Cl)c1.[Na+],28.0,1.4471580313422192,test
Cc1ccc(NC(=O)C[C@H](CCC(=O)[O-])c2noc(-c3nnc(CC(C)C)s3)c2C2CC2)c(Cl)c1.[Na+],10.0,1.0,test
Cc1ccc(NC(=O)C[C@H](CCC(=O)[O-])c2noc(-c3noc(CC(C)C)n3)c2C2CC2)c(Cl)c1.[Na+],25.0,1.3979400086720377,test
Cc1ccc(NC(=O)c2cc(-c3cc4cc(C(=O)O)ccc4o3)ccc2N2CCCCC2)cc1,1.2,0.07918124604762482,test
Cc1ccc(NC(=O)c2cc(-n3cc4ccc(C(=O)O)cc4n3)ccc2N2CCCCC2)cc1,23.0,1.3617278360175928,test
Cc1ccc(NC(=O)c2cc(N3C(=O)c4ccc(C(=O)O)cc4C3=O)ccc2N2CCCCC2)cc1,12.0,1.0791812460476249,test
Cc1ccc(NC(=O)c2ccc(CN3CCN(C)CC3)cc2)cc1Nc1nccc(-c2cccnc2)n1,4.75,0.6766936096248666,test
Cc1ccc(NC(=O)c2cccc(C(F)(F)F)c2)cc1-c1cc(N2CCOCC2)c(=O)n(C)c1,20.0,1.3010299956639813,test
Cc1ccc(NC(=O)c2cccc(C(F)(F)F)c2)cc1-c1cc(N2CCOCC2)nc(NCCO)n1,8.0,0.9030899869919435,train
Cc1ccc(NC(=O)c2cccc(C(F)(F)F)c2)cc1-c1cc(N2CCOCC2)ncn1,19.0,1.2787536009528289,train
Cc1ccc(NC(=O)c2cccc(C(F)(F)F)c2)cc1-c1cn(C)c(=O)c(N2CCOCC2)n1,21.0,1.3222192947339193,test
Cc1ccc(NC(=O)c2cccc(C(F)(F)F)c2)cc1NC(=O)c1cnc(N)nc1,0.1,-1.0,test
Cc1ccc(NC(=O)c2cccc(C(F)(F)F)c2)cc1NC(=O)c1cncc(-c2cnn(C)c2)c1,12.5,1.0969100130080565,test
Cc1ccc(NC(=O)c2ccnc(C(C)(C)C#N)c2)cc1-c1cc(N2CCOCC2)c(=O)n(C)n1,6.3,0.7993405494535817,test
Cc1ccc(NC(=O)c2ccnc(C(F)(F)F)c2)cc1-c1cc(NCCO)nc(N2CCOCC2)c1,5.0,0.6989700043360189,train
Cc1ccc(NC(=O)c2ccnc(C(F)(F)F)c2)cc1-c1cc(OCCO)nc(N2CCOCC2)c1,9.0,0.9542425094393249,train
Cc1ccc(NCc2ccnn2-c2nnc(N3CCC(C(=O)N[C@H]4CCCC[C@H]4C)CC3)s2)nc1,23.0,1.3617278360175928,train
Cc1ccc(NS(=O)(=O)c2cc3c(cc2F)NC(=O)CC3)cc1Cl,6.22,0.7937903846908186,train
Cc1ccc(NS(=O)(=O)c2cc3c(cc2N[C@@H](C)CO)NC(=O)CC3)cc1Cl,1.13,0.05307844348341968,train
Cc1ccc(NS(=O)(=O)c2ccc3c(c2)CCC(=O)N3)cc1C,14.9,1.173186268412274,train
Cc1ccc(Nc2c(-c3ccc(F)cc3)nc3n2CC(=O)NC3)cc1,15.0,1.1760912590556813,train
Cc1ccc(Nc2c(-c3ccc(F)cc3)nc3n2CCN(C(=O)C(C)(C)N)C3(C)C)cc1,3.5,0.5440680443502757,train
Cc1ccc(Nc2c(-c3ccc(F)cc3)nc3n2CCN(C(=O)C(C)(C)N)C3)cc1,0.96,-0.017728766960431602,train
Cc1ccc(Nc2c(-c3ccc(F)cc3)nc3n2CCN(C(=O)CN)C3)cc1,1.63,0.21218760440395779,train
Cc1ccc(Nc2c(-c3ccc(F)cc3)nc3n2CCNC3(C)C)cc1,15.56,1.1920095926536702,train
Cc1ccc(Nc2c(-c3ccc(F)cc3)nc3n2CCNC3)cc1,8.2,0.9138138523837167,train
Cc1ccc2[nH]c(C(=O)N[C@H]3Cc4ccccc4[C@@H]3NC(=O)[C@@H]3CN(C)CCO3)cc2c1,29.85,1.474944335465388,test
Cc1ccc2c(N)noc2c1-c1ccc2c(c1)NC(=O)C21CCOCC1,28.0,1.4471580313422192,test
Cc1ccc2c(NC3CC3)noc2c1-c1ccc2c(c1)NC(=O)C21CCC(F)(F)CC1,10.0,1.0,test
Cc1ccc2c(NC3CC3)noc2c1-c1ccc2c(c1)NC(=O)C21CCOCC1,26.0,1.414973347970818,test
Cc1ccc2c(c1)C(=O)[C@]1(O)CCN(c3ccc(N)cc3)C1=N2,69.4,1.841359470454855,train
Cc1ccc2c(c1)C(=O)[C@]1(O)CCN(c3ccc([N+](=O)[O-])cc3)C1=N2,32.5,1.5118833609788744,train
Cc1ccc2c(c1)C(=O)[C@]1(O)CCN(c3cccc(N)c3)C1=N2,62.7,1.7972675408307164,train
Cc1ccc2c(c1)C(=O)[C@]1(O)CCN(c3cccc(O)c3)C1=N2,28.5,1.4548448600085102,train
Cc1ccc2c(c1)C(=O)[C@]1(O)CCN(c3ccccc3)C1=N2,60.5,1.7817553746524688,train
Cc1ccc2c(c1)OC[C@](C)(CS(C)(=O)=O)N2C(=O)c1ccc2c(c1)NC(=O)CO2,38.0,1.5797835966168101,train
Cc1ccc2c(c1)c(O)c(C1=CS(=O)(=O)c3ccccc3N1)c(=O)n2CCC1CC1,9.4,0.9731278535996987,train
Cc1ccc2cc(C(=O)NC3(C(=O)N[C@@H](CCCN4CCN(CC5CCOCC5)CC4)Cc4ccccc4)CCCC3)sc2c1,11.2,1.0492180226701815,train
Cc1ccc2nc(N3CCC(NC4CCOCC4)CC3)c(-c3nc(C)no3)cc2c1,26.2,1.4183012913197455,train
Cc1ccc2oc(C(=O)NC3(C(=O)N[C@@H](CCCN4CCN(CC5CCOCC5)CC4)Cc4ccccc4)CCCC3)cc2c1,30.3,1.481442628502305,train
Cc1cccc(-n2c(N)c(NC(=O)c3c(C)c(O)c(C)c4c3OC(C)(C)C4)c(=O)n(C)c2=O)c1,14.0,1.146128035678238,test
Cc1cccc(/C=C/C(=O)NC2(C(=O)N[C@H](Cc3ccccc3)C(=O)NCC3CCN(CC4CCOCC4)CC3)CCCC2)c1,2.1,0.3222192947339193,train
Cc1cccc(C(=O)N2c3cccc(O)c3NC3=C(C(=O)CC(C)(C)C3)[C@@H]2c2ccc(OCc3ccccc3)cc2F)n1,11.6,1.0644579892269184,test
Cc1cccc(C(=O)N[C@H]2C[C@@H](n3cnc(NC(=O)Cc4cccc5ccccc45)c3)C2)n1,13.9,1.1430148002540952,train
Cc1cccc(CN2C(=O)c3cc(-c4ccnc(Nc5ccnn5C)n4)cn3CC2C)n1,50.0,1.6989700043360187,train
Cc1cccc(CN2C(=O)c3cc(-c4nc(Nc5ccnn5C)ncc4C)cn3C[C@@H]2C)n1,34.0,1.5314789170422551,train
Cc1cccc(CN2C(=O)c3cc(-c4nc(Nc5ccnn5C)ncc4C)cn3C[C@H]2C)n1,52.0,1.7160033436347992,train
Cc1cccc(CN2CCn3cc(-c4nc(Nc5ccnn5C)ncc4C)cc3C2=O)n1,39.0,1.591064607026499,train
Cc1cccc(NC(=O)CSc2n[nH]c(-c3ccccc3O)n2)c1C,8.51,0.9299295600845878,test
Cc1cccc(OCCC2CCOC3(CCN(Cc4ccc(COc5ccc(CCC(=O)O)cc5)cc4)CC3)C2)n1.Cl.Cl,7.3,0.8633228601204559,train
Cc1cccc(Oc2nn(C(C)(C)C)c3ncnc(N)c23)c1,15.0,1.1760912590556813,train
Cc1ccccc1/C=C/C(=O)NC1(C(=O)N[C@H](Cc2ccccc2)C(=O)NCC2CCN(CC3CCOCC3)CC2)CCCC1,0.8,-0.09691001300805639,train
Cc1ccccc1C#Cc1ccc(CCC(=O)O)cc1,87.0,1.9395192526186185,train
Cc1ccccc1CN(CCN(Cc1cncn1C)c1ccc(-c2ccccc2)cc1)S(=O)(=O)c1cn(C)cn1,0.4,-0.3979400086720376,train
Cc1ccccc1CN(CCN(Cc1cncn1C)c1ccc(C#N)cc1)S(=O)(=O)c1cn(C)cn1,0.4,-0.3979400086720376,train
Cc1ccccc1C[C@H](NC(=O)[C@@H](N)Cc1ccccc1)C(N)=O,0.58,-0.23657200643706275,train
Cc1ccccc1N1C(=O)c2cc(S(N)(=O)=O)c(Cl)cc2NC1C,2.45,0.3891660843645325,test
Cc1ccn2ncnc(N[C@H]3CC[C@H](N(C)C)CC3)c12,36.0,1.5563025007672873,train
Cc1ccnc(SC(F)(F)c2nc3ccccc3o2)n1,34.6,1.5390760987927767,train
Cc1cn(-c2cc(NC(=O)C3CCN(c4ncccc4Cl)CC3)cc(C(F)(F)F)c2)cn1,7.2,0.8573324964312685,test
Cc1cn(-c2ccnc(Nc3cc(C)c(OCCO)c(C)c3)n2)cc1CN1CC[C@@H](O)C1,10.3,1.0128372247051722,train
Cc1cn(CCCCN2CCN(c3cc(C(F)(F)F)nc(C(C)(C)C)n3)CC2)c(=O)[nH]c1=O,1.94,0.287801729930226,train
Cc1cn(Cc2ccc(Cl)cc2Cl)c2c(/C=C/C(=O)NS(=O)(=O)c3cc(Cl)c(Cl)s3)cc(F)cc12,11.2,1.0492180226701815,test
Cc1cn([C@H]2C[C@H](N=[N+]=[N-])[C@@H](CO)O2)c(=O)[nH]c1=O,6.7,0.8260748027008264,train
Cc1cn([C@H]2C[C@H](N=[N+]=[N-])[C@@H](COP(=O)(CCl)NC(C)C)O2)c(=O)[nH]c1=O,3.36,0.526339277389844,train
Cc1cn2cc(-c3cc4ccc(N5CCN(C)CC5)cc4c(=O)o3)nc2c(C)n1,1.2,0.07918124604762482,train
Cc1cn2cc(-c3cc4ccc(N5CCN(C)CC5)cc4oc3=O)nc2c(C)n1,1.4,0.146128035678238,train
Cc1cn2cc(-c3cc4ccc(N5CCN(C)CC5)cc4oc3=O)nc2cn1,2.7,0.43136376415898736,train
Cc1cn2cc(-c3cc4ccc(N5CCNCC5)cc4c(=O)o3)nc2c(C)n1,4.4,0.6434526764861874,train
Cc1cn2nc(-c3cc(=O)n4cc(N5CCN(C)CC5)ccc4n3)cc2c(C)n1,7.5,0.8750612633917001,train
Cc1cn2nc(-c3cc(=O)n4cc(N5CCNCC5)ccc4n3)cc2c(C)n1,14.0,1.146128035678238,train
Cc1cnc(-c2ccccc2C(C)C)nc1NCc1ccc(-n2ccnn2)cc1,22.98,1.3613500243522665,train
Cc1cnc(NCC(F)(F)c2ccccc2)c(=O)n1CC(=O)NCCONC(=N)N,1.37,0.1367205671564068,train
Cc1cnc(NCC(c2ccccc2)c2ccccc2)c(=O)n1CC(=O)NCCONC(=N)N,0.14,-0.8538719643217619,train
Cc1cnc(NCCc2ccc(C(F)(F)F)cc2)c(=O)n1CC(=O)NCCONC(=N)N,0.74,-0.13076828026902382,train
Cc1cnc(NCCc2ccc(F)c(F)c2)c(=O)n1CC(=O)NCCONC(=N)N,0.92,-0.036212172654444715,train
Cc1cnc(NCCc2ccc(F)cc2)c(=O)n1CC(=O)NCCONC(=N)N,0.55,-0.2596373105057561,train
Cc1cnc(NCCc2ccc(F)cc2F)c(=O)n1CC(=O)NCCONC(=N)N,0.5,-0.3010299956639812,train
Cc1cnc(NCCc2ccc3c(c2)CCC3)c(=O)n1CC(=O)NCCONC(=N)N,0.67,-0.17392519729917355,train
Cc1cnc(NCCc2cccc3ccccc23)c(=O)n1CC(=O)NCCONC(=N)N,0.32,-0.494850021680094,train
Cc1cnc2nnn(Cc3ccc4ncccc4c3)c2n1,35.4,1.5490032620257879,train
Cc1coc2cc(Cl)c(Oc3ccncc3C(=O)N3CCN(C4CC4)c4ccccc43)cc12,2.1,0.3222192947339193,test
Cc1csc(NC(=O)c2ccc(CNc3ccccc3C)cc2)n1,12.7,1.1038037209559568,test
Cc1n[nH]c(=O)cc1-c1ccc(OC2CCN(C3CCC3)CC2)cc1,14.9,1.173186268412274,train
Cc1n[nH]c2ncc(C(=O)N3CCC[C@H]3c3ccc(Cl)cc3)cc12,44.0,1.6434526764861874,test
Cc1nc(-c2ccc(-c3ccccc3)cc2)sc1-c1ccnc(NC(=N)N2CCN(C)CC2)n1,1.7,0.2304489213782739,test
Cc1nc(-c2nc3ccccc3n2C)c(C)c(-c2ccc3c(c2C)N(C)CCO3)c1[C@H](OC(C)(C)C)C(=O)O,10.6,1.0253058652647702,train
Cc1nc(-c2nc[nH]n2)ccc1-c1cnc2c(n1)N(C(C)C)C(=O)CN2,37.6,1.575187844927661,train
Cc1nc(-c2nc[nH]n2)ccc1-c1cnc2c(n1)N(CC1CCOCC1)C(=O)CN2,9.7,0.9867717342662449,test
Cc1nc(-c2nc[nH]n2)ccc1-c1cnc2c(n1)N(CCC1CCOCC1)C(=O)CN2,4.2,0.6232492903979004,test
Cc1nc(-c2nc[nH]n2)ccc1-c1cnc2c(n1)N(CCC1CCOCC1)CC(=O)N2,8.0,0.9030899869919435,test
Cc1nc(-c2nc[nH]n2)ccc1-c1cnc2c(n1)N([C@H]1CC[C@@H](O)CC1)C(=O)CN2,1.6,0.2041199826559248,train
Cc1nc(-n2ccc(-c3ccccc3)cc2=O)sc1C(=O)NCc1ccccc1,1.0,0.0,test
Cc1nc(-n2ccc(C3CC3)cc2=O)sc1C(=O)NCc1ccccc1,28.0,1.4471580313422192,test
Cc1nc(-n2ccc(CCc3ccccc3)cc2=O)sc1C(=O)NCc1ccccc1,0.6,-0.2218487496163564,test
Cc1nc(-n2ccc(O)cc2=O)sc1C(=O)NCc1ccc(F)c(F)c1,9.0,0.9542425094393249,train
Cc1nc(-n2ccc(O)cc2=O)sc1C(=O)NCc1ccc(F)cc1,9.0,0.9542425094393249,train
Cc1nc(-n2ccc(O)cc2=O)sc1C(=O)NCc1ccccc1,7.0,0.8450980400142568,train
Cc1nc(-n2ccc(OCCC3CC3)cc2=O)sc1C(=O)NCc1ccccc1,0.05,-1.3010299956639813,test
Cc1nc(-n2ccc(OCc3ccccc3)cc2=O)sc1C(=O)NCc1ccccc1,0.02,-1.6989700043360187,test
Cc1nc(-n2ccc(OCc3cscn3)cc2=O)sc1C(=O)NCc1ccccc1,11.0,1.0413926851582251,test
Cc1nc(C(=O)N2c3cccc(O)c3NC3=C(C(=O)CC(C)(C)C3)[C@@H]2c2ccc(OCc3ccccc3)cc2F)c(C)o1,10.9,1.0374264979406236,test
Cc1nc(C(=O)N[C@H]2CC[C@H](C)CC2)c(C)c(-c2ccc3c(c2C)N(C)CCO3)c1[C@H](OC(C)(C)C)C(=O)O,39.8,1.5998830720736879,train
Cc1nc(C(C)C)n([C@H]2C[C@H]3CC[C@@H](C2)N3CC[C@H](NC(=O)C2CCC(F)(F)CC2)c2ccccc2)n1,11.0,1.0413926851582251,train
Cc1nc(C(NC(=O)c2ccc(-c3ccc(Cl)cc3)[nH]2)C2CCCCN2)sc1CO,2.31,0.36361197989214433,train
Cc1nc(C)c(-c2ccc([C@H]3CC[C@H](CC(=O)NC(C)(C)C(=O)O)CC3)cc2)nc1C(N)=O,0.71,-0.14874165128092473,train
Cc1nc(C)c(-c2ccc([C@H]3CC[C@H](CC(=O)NS(C)(=O)=O)CC3)cc2)nc1C(N)=O,2.0,0.3010299956639812,train
Cc1nc(C)c(-c2ccc([C@H]3CC[C@H](CCO)CC3)cc2)nc1C(N)=O,58.0,1.7634279935629373,train
Cc1nc(C)c(-c2ccnc(Nc3ccc(N(C)C)cc3)n2)s1,49.19,1.6918768225593313,train
Cc1nc(CN(C)c2ncnc3ccc(-c4ccc5c(c4)OCO5)cc23)cs1,18.9,1.276461804173244,train
Cc1nc(CNC2CCN(CCn3c(=O)ccc4ccc(C#N)cc43)CC2)ccc1C#N,17.1,1.2329961103921538,train
Cc1nc(CNc2ncnc3ccc(-c4ccc5c(c4)OCO5)cc23)cs1,25.5,1.4065401804339552,train
Cc1nc(N)sc1-c1ccnc(Nc2ccc(N3CCOCC3)cc2)n1,47.04,1.672467313068082,train
Cc1nc(NC2CCCC2)sc1-c1ccnc(Nc2ccc(N3CCOCC3)cn2)n1,10.1,1.0043213737826426,train
Cc1nc2c(C(=O)NCC(=O)O)c(O)cc(CCc3ccccc3)n2n1.Cl,8.9,0.9493900066449128,train
Cc1nc2c(C(F)(F)F)nn(-c3ccc4onc(N)c4c3)c2c(=O)n1-c1ccc(-c2ccccc2CN(C)C)cc1.O=C(O)C(F)(F)F,19.0,1.2787536009528289,train
Cc1nc2cc(Cl)c(Cl)cc2n1C,7.98,0.9020028913507294,train
Cc1nc2ccc(Cl)cc2n1C,7.8,0.8920946026904804,train
Cc1nc2ccc(NCc3cccc(C(F)(F)F)c3)cc2n(CCNC(=O)CO)c1=O,6.8,0.8325089127062363,train
Cc1nc2ccccc2c(-c2ccc3c4c(ccnc24)CCO3)c1[C@H](OC(C)(C)C)C(=O)O,14.0,1.146128035678238,train
Cc1nc2ccccc2n1C,9.03,0.9556877503135057,train
Cc1ncc(C(=O)Nc2ccc(-c3cccc(S(=O)(=O)C4CC4)c3)cn2)cn1,23.305,1.3674491072686044,test
Cc1ncc(C(N)=O)nc1-c1ccc([C@H]2CC[C@H](CC(=O)O)CC2)cc1,35.0,1.5440680443502757,train
Cc1ncc(CNC2CCN(CCn3c(=O)ccc4ccc(C#N)cc43)CC2)cc1C#N,13.6,1.1335389083702174,train
Cc1ncc(CNC2CCN(CCn3c(=O)ccc4ncc(F)cc43)CC2)cc1C#N,18.0,1.255272505103306,train
Cc1ncc(CN[C@@H]2CCN(CCn3c(=O)ccc4ccc(C#N)cc43)C[C@@H]2F)cc1C#N,14.5,1.1613680022349748,train
Cc1ncc(CN[C@@H]2CCN(CCn3c(=O)ccc4ncc(F)cc43)C[C@@H]2F)cc1C#N,17.7,1.2479732663618066,train
Cc1ncc(NC(=O)c2cccc(C(F)(F)F)c2)cc1-c1cc(N2CCOCC2)c(=O)n(C)c1,7.0,0.8450980400142568,test
Cc1ncc(NC(=O)c2cccc(C(F)(F)F)c2)cc1-c1cc(N2CCOCC2)c(OC2CCOCC2)nn1,4.4,0.6434526764861874,test
Cc1ncc(NC(=O)c2cccc(C(F)(F)F)c2)cc1-c1cnc(O)c(N2CCOCC2)c1,0.3,-0.5228787452803376,train
Cc1ncc(NC(=O)c2cccc(C(F)(F)F)c2)cc1-c1cnc(OC2CCOCC2)c(N2CCOCC2)c1,15.0,1.1760912590556813,train
Cc1ncc(NC(=O)c2cccc(C(F)(F)F)c2)cc1-c1cnc(OCCO)c(N2CCOCC2)c1,5.0,0.6989700043360189,train
Cc1ncc(NC(=O)c2cccc(C(F)(F)F)c2)cc1-c1cnc(O[C@H]2CCOC[C@H]2F)c(N2CCOCC2)c1,16.0,1.2041199826559248,train
Cc1ncc(NC(=O)c2cccc(C(F)(F)F)c2)cc1NC(=O)c1cncc(-c2cnn(C)c2)c1,0.5,-0.3010299956639812,test
Cc1ncc(NC(=O)c2ccnc(C(C)(F)F)c2)cc1-c1cc(NCCO)nc(N2CCOCC2)c1,3.0,0.47712125471966244,test
Cc1ncc(NC(=O)c2ccnc(C(F)(F)F)c2)cc1-c1cc(N2CCOCC2)c(=O)n(C)c1,3.0,0.47712125471966244,test
Cc1nccn1-c1ccc(NC(=O)c2cc(C(F)(F)F)nn2-c2ccc3onc(N)c3c2)c(C#N)c1,0.1,-1.0,train
Cc1nccn1-c1ccc(NC(=O)c2cc(C(F)(F)F)nn2-c2ccc3onc(N)c3c2)c(F)c1,7.41,0.8698182079793282,train
Cc1nccn1-c1ccc(NC(=O)c2cc(C(F)(F)F)nn2-c2ccc3onc(N)c3c2)cc1,0.82,-0.08618614761628333,train
Cc1ncnc(C)c1C(=O)N1C[C@H]2CN(CCC(c3cccc(F)c3)C3CCN(S(C)(=O)=O)CC3)C[C@H]2C1,6.55,0.8162412999917831,train
Cc1ncnc(C)c1C(=O)N1C[C@H]2CN(CCC(c3ccccc3)C3CCN(S(C)(=O)=O)CC3)C[C@H]2C1,5.534999999999999,0.7431176252147416,train
Cc1ncnc(C)c1C(=O)N1C[C@H]2CN(CCC(c3ccccc3)C3CN(S(=O)(=O)C4CCCC4)C3)C[C@H]2C1,6.9,0.8388490907372553,test
Cc1ncnc(C)c1C(=O)N1C[C@H]2CN(CCC3(c4cccc(F)c4)CCN(C(=O)C(C)(C)C)CC3)C[C@H]2C1,8.94,0.9513375187959177,test
Cc1ncnc(C)c1C(=O)N1C[C@H]2CN(CC[C@H](NC(=O)C3CCC(F)(F)CC3)c3cccc(F)c3)C[C@H]2C1,2.815,0.44947839918736504,train
Cc1nn(-c2ccc(Cl)cc2)c2nc(N)c(C#N)c(-c3ccc(O)c(O)c3)c12,0.34,-0.46852108295774486,train
Cc1nn(-c2ccc3onc(N)c3c2)c2c(=O)n(-c3ccc(-c4ccccc4CN(C)C)cc3)c(C)nc12.O=C(O)C(F)(F)F,6.1,0.785329835010767,train
Cc1nn(-c2ccc3onc(N)c3c2)c2c(=O)n(-c3ccc(-c4ccccc4CN(C)C)cc3)cnc12.O=C(O)C(F)(F)F,11.0,1.0413926851582251,train
Cc1nn(-c2ccc3onc(N)c3c2)c2c(=O)n(-c3ccc(-c4ccccc4CN4CC[C@@H](O)C4)cc3)c(C)nc12.O=C(O)C(F)(F)F,4.7,0.6720978579357175,train
Cc1nn(-c2ccc3onc(N)c3c2)c2c1CCN(c1ccc(-c3ccccc3CN(C)C)cc1)C2=O,6.8,0.8325089127062363,train
Cc1nn(-c2ccc3onc(N)c3c2)c2c1CCN(c1ccc(-c3ccccc3CN3CC[C@@H](O)C3)cc1)C2=O,6.2,0.7923916894982539,train
Cc1nn(-c2cccc(NC(=O)[C@H]3C[C@@H]3c3ccccc3)c2)c(C)c1CC(=O)O,3.0,0.47712125471966244,test
Cc1nn(-c2ccnc(Nc3ccc4c(c3)c(C)c(C)n4C)n2)cc1CN1CC(O)C1,6.2,0.7923916894982539,train
Cc1nn(-c2ccnc(Nc3ccc4c(c3)c(Cl)c(C)n4C)n2)cc1CN1CC(O)C1,2.7,0.43136376415898736,train
Cc1nn(-c2ccnc(Nc3ccc4c(c3)c(Cl)c(C)n4C)n2)cc1CN1CC[C@@H](O)C1,6.2,0.7923916894982539,train
Cc1nn(-c2ncnc3nc[nH]c23)c2c1C(c1ccc(F)cc1Cl)CC(=O)N2,25.0,1.3979400086720377,test
Cc1nn(C)cc1NC(=O)[C@@H]1CCCC[C@H]1C(=O)c1ccc(-c2cc[nH]n2)cc1,26.0,1.414973347970818,train
Cc1nn(C)cc1NC(=O)[C@@H]1CCCC[C@H]1C(=O)c1ccc(-c2cc[nH]n2)cc1F,34.0,1.5314789170422551,train
Cc1nnc(-c2ccc(C)c(-c3ccc4c(c3)NC(=O)C43CCN(S(C)(=O)=O)CC3)c2)[nH]1,2.0,0.3010299956639812,test
Cc1nnc(-c2ccc(C)c(-c3ccc4c(c3)NC(=O)C43CCOCC3)c2)[nH]1,18.0,1.255272505103306,test
Cc1nnc(C(C)C)n1[C@@H]1C[C@H]2CC[C@@H](C1)N2CC[C@H](NC(=O)C1CCC(F)(F)CC1)c1ccccc1,1.0,0.0,train
Cc1noc(C)c1-c1ccc(-c2nc(C)c([C@H](OC(C)(C)C)C(=O)O)c(-c3ccc(Cl)cc3)c2C)cc1,17.0,1.2304489213782739,train
Cc1noc(C)c1CCC1CCN(S(=O)(=O)CC2(N(O)C=O)CCOCC2)CC1,8.3,0.919078092376074,train
Cc1noc(C)c1CCC1CCN(S(=O)(=O)C[C@](C)(C[C@H](C)c2ncc(F)cn2)N(O)C=O)CC1,5.3,0.724275869600789,train
Cc1noc(C)c1NC(=O)[C@@H]1CCCC[C@H]1C(=O)c1ccc(-c2cc[nH]n2)cc1,44.0,1.6434526764861874,test
Cc1oc(-c2ccccc2)nc1COc1ccc(CCC(=O)O)cc1,15.2,1.1818435879447726,train
Cl.Cl.Cl.N=C(Nc1ccc(CCNCc2cccc(Cl)c2)cc1)c1cccs1,27.3,1.436162647040756,test
Cl.Cl.Cl.Nc1ccc2ccc(CCNCCc3cccc(Cl)c3)cc2n1,30.3,1.481442628502305,train
Cl.Cl.Nc1ccc2ccc(CCNCCc3cccc(F)c3)cc2n1,16.9,1.2278867046136734,train
Cl.Cl.O=C(CN1CCOCC1)Nc1ccc(OC2CCN(C3CCC3)CC2)cc1,30.8,1.4885507165004443,test
Cl.Fc1cccc(CCCNCCc2ccnc(-n3ccnc3)n2)c1,17.8,1.250420002308894,train
Cl.N[C@@H]1CCC=C(c2ccc(F)cc2)[C@H]1CNc1cc(F)c(S(=O)(=O)Nc2cscn2)cc1Cl,0.04,-1.3979400086720375,train
Cl.O=C(/C=C/c1ccc2c(c1)nc(CCc1ccccc1)n2CCN1CCCC1)NO,3.01,0.47856649559384334,train
Cl.O=C(O)CCc1ccc(OCc2ccc(CN3CCC4(CC3)CC(Cc3ccc(F)cc3)CCO4)cc2)cc1,8.7,0.9395192526186185,train
Cl.O=C(O)CCc1ccc(OCc2ccc(CN3CCC4(CC3)CC(Cc3ccccc3)CCO4)cc2)cc1,12.0,1.0791812460476249,train
Cl.O=C(O)CNC(=O)c1c(O)cc(-c2ccccc2)c2ncnn12,6.5,0.8129133566428556,train
Cl.O=C(O)CNC(=O)c1c(O)cc(-c2ccccc2)n2ncnc12,2.5,0.3979400086720376,train
Cl.O=C(O)CNC(=O)c1c(O)cc(C2CCCCC2)c2ncnn12,18.0,1.255272505103306,train
Cl.O=C(O)CNC(=O)c1c(O)cc(C2CCCCC2)n2ncnc12,21.0,1.3222192947339193,train
Cl.O=C(O)CNC(=O)c1c(O)cc(CCc2ccc(F)cc2)n2ncnc12,12.0,1.0791812460476249,train
Cl.O=C(O)CNC(=O)c1c(O)cc(CCc2ccccc2)c2ncnn12,9.3,0.9684829485539351,train
Cl.O=C(O)CNC(=O)c1c(O)cc(CCc2ccccc2)n2ncnc12,13.0,1.1139433523068367,train
Cl.O=C(O)CNC(=O)c1c(O)ccc2ncnn12,0.4,-0.3979400086720376,train
Cl.O=C(O)CNC(=O)c1c(O)ccn2cnnc12,0.4,-0.3979400086720376,train
Cl.O=C(O)CNC(=O)c1c(O)ccn2ncnc12,0.86,-0.06550154875643228,train
Cl.O=C(OCc1ccccc1)c1ccccc1-c1ccc(CN2CCC(COC(=O)c3c4n(c5ccccc35)CCCO4)CC2)cc1,1.1,0.04139268515822508,test
Cl.O=C(c1ccc(CN2CCOCC2)cc1)N1CCN(C2CC2)CC1,108.0,2.03342375548695,test
Cl.O=C1/C(=C/c2ccc(Cl)cc2)CN(C(=O)c2ccc(OCCN3CCOCC3)cc2)C/C1=C\c1ccc(Cl)cc1,1.2,0.07918124604762482,test
Cl.O=c1c2c3n(c(=O)cc2[nH]n1-c1ccccc1Cl)CCCN(Cc1ccccc1)C3,42.2,1.6253124509616739,train
Cl.O=c1c2c3n(c(=O)cc2[nH]n1-c1ccccc1Cl)CCCN(Cc1ccccn1)C3,1.8,0.25527250510330607,train
Cl.O=c1c2c3n(c(=O)cc2[nH]n1-c1ccccc1Cl)CCCN(Cc1cccnc1)C3,1.0,0.0,train
Cn1c(=O)[nH]c(=O)c2c1nc(S)n2CC(O)COc1ccc(Cl)cc1,1.1,0.04139268515822508,train
Cn1c(=O)n(C2CCOCC2)c2c3cc(-c4cccnc4)ccc3ncc21,60.0,1.7781512503836436,train
Cn1c(=O)oc2ccc(-c3ccc(C[C@@H](C#N)NC(=O)[C@@H]4CNCCCO4)cc3)cc21,6.6,0.8195439355418687,train
Cn1c(=O)sc2ccc(-c3ccc(C[C@@H](C#N)NC(=O)[C@@H]4CNCCCO4)cc3)cc21,11.0,1.0413926851582251,train
Cn1c(Br)c(Br)c2c(=O)n(Cc3ccccc3C#N)c(N3CCC[C@@H](N)C3)nc21,2.5,0.3979400086720376,train
Cn1c(C(F)(F)F)nc2cc(C(=O)O)ccc21,9.83,0.9925535178321356,train
Cn1c(C(F)(F)F)nc2ccc(C(=O)O)cc21,5.09,0.7067177823367587,train
Cn1c(COCc2ccccc2Cl)c2c(=O)n(-c3ccccc3Cl)[nH]c2cc1=O,62.6,1.7965743332104296,train
Cn1c(COc2ccc(F)cc2)c2c(=O)n(-c3ccccc3Cl)[nH]c2cc1=O,35.5,1.550228353055094,train
Cn1c(N)nc2cc(Cl)ccc21,5.21,0.7168377232995244,train
Cn1c(N2CCC(F)(F)CC2)cc(OCc2cc(F)c(Oc3ccc(Cl)c(C(F)(F)F)c3)c(F)c2)nc1=O,0.09,-1.0457574905606752,train
Cn1c(N2CCC(F)CC2)cc(OCc2cc(F)c(Oc3ccc(Cl)c(C(F)(F)F)c3)c(F)c2)nc1=O,0.28,-0.5528419686577808,train
Cn1c(N2CCCC2)cc(OCc2cc(F)c(Oc3ccc(Cl)c(C(F)(F)F)c3)c(F)c2)nc1=O,0.08,-1.0969100130080565,train
Cn1c(N2CCCCC2)cc(OCc2cc(F)c(Oc3ccc(Cl)c(C(F)(F)F)c3)c(F)c2)nc1=O,0.01,-2.0,train
Cn1c(N2CCN(C3CC3)CC2)cc(OCc2cc(F)c(Oc3ccc(Cl)c(C(F)(F)F)c3)c(F)c2)nc1=O,0.43,-0.36653154442041347,train
Cn1c(N2CCOCC2)cc(OCc2cc(F)c(Oc3ccc(Cl)c(C(F)(F)F)c3)c(F)c2)nc1=O,1.39,0.14301480025409505,train
Cn1c(N2CCOCC2)cc(OCc2ccc(Oc3ccc(Cl)c(C(F)(F)F)c3)c(C#N)c2)nc1=O,6.54,0.8155777483242672,train
Cn1c(N2CCOCC2)cc(OCc2ccc(Oc3ccc(Cl)c(C(F)(F)F)c3)c(F)c2)nc1=O,2.01,0.30319605742048883,train
Cn1c(N2CCOCC2)cc(OCc2ccc(Oc3ccc(Cl)c(C(F)(F)F)c3)cc2)nc1=O,2.05,0.31175386105575426,train
Cn1c(S)nc2cc(Cl)ccc21,6.92,0.8401060944567578,train
Cn1c(S)nc2ccc(Cl)cc21,14.1,1.14921911265538,train
Cn1c(S)nc2ccccc21,8.14,0.9106244048892013,train
Cn1cc(-c2ccc(-c3cnc(N)c4ccc(C(=O)N5CC(C)(F)C5)cc34)cc2)cn1,25.8,1.4116197059632303,train
Cn1cc(-c2ccc(-c3cnc(N)c4ccc(C(=O)N5CC(C)(F)C5)nc34)cc2)cn1,27.6,1.4409090820652177,train
Cn1cc(-c2ccc(-c3cnc(N)c4ccc(C(=O)N5CC(F)(F)C5)cc34)cc2)cn1,39.7,1.5987905067631152,train
Cn1cc(-c2ccc(-c3cnc(N)c4ccc(C(=O)N5CC(F)(F)C5)nc34)cc2)cn1,23.9,1.3783979009481377,train
Cn1cc(-c2ccc(-c3cnc(N)c4ccc(C(=O)N5CCC5)cc34)cc2)cn1,27.2,1.4345689040341987,train
Cn1cc(-c2ccc(-c3cnc(N)c4ccc(C(=O)N5CCC5)nc34)cc2)cn1,42.6,1.6294095991027189,train
Cn1cc(-c2ccc(-c3cnc(N)c4ccc(C(=O)N5CCCC5)nc34)cc2)cn1,30.0,1.4771212547196624,test
Cn1cc(-c2ccc(-c3cnc(N)c4ccc(C(=O)N5CCNCC5)nc34)cc2)cn1,0.96,-0.017728766960431602,test
Cn1cc(-c2ccc(-c3cnc(N)c4ccc(C(=O)N5CCOCC5)nc34)cc2)cn1,34.0,1.5314789170422551,test
Cn1cc(-c2ccc(-c3cnc(N)c4ccc(C(=O)NC5CC5)cc34)cc2)cn1,32.5,1.5118833609788744,train
Cn1cc(-c2ccc(-c3cnc(N)c4ccc(N5CCOC5=O)cc34)cc2)cn1,20.6,1.3138672203691535,test
Cn1cc(-c2ccc(Cc3n[nH]c4ccc(C(=O)N5CC(F)(F)C5)cc34)cc2)cn1,39.0,1.591064607026499,train
Cn1cc(-c2ccc(Cc3n[nH]c4ccc(C(=O)N5CC(O)C5)cc34)cc2)cn1,5.6,0.7481880270062004,train
Cn1cc(-c2ccc(Cc3n[nH]c4ccc(C(=O)N5CCC(F)(F)C5)cc34)cc2)cn1,36.5,1.5622928644564746,train
Cn1cc(-c2ccc(Cc3n[nH]c4ccc(C(=O)N5CCCC5)cc34)cc2)cn1,27.8,1.4440447959180762,train
Cn1cc(-c2ccc(Cc3n[nH]c4ccc(C(=O)N5CCNCC5)cc34)cc2)cn1,2.3,0.36172783601759284,test
Cn1cc(-c2ccc(Cc3n[nH]c4ccc(C(=O)N5CCOCC5)cc34)cc2)cn1,31.5,1.4983105537896004,test
Cn1cc(-c2ccc(Cc3n[nH]c4ccc(C(=O)N5CC[C@@H](O)C5)cc34)cc2)cn1,8.7,0.9395192526186185,train
Cn1cc(-c2ccc(Cc3n[nH]c4ccc(C(=O)N5CC[C@H](O)C5)cc34)cc2)cn1,8.0,0.9030899869919435,train
Cn1cc(-c2ccc3c(c2)c(C2CCN(CCN4CCNC4=O)CC2)cn3-c2ccc(F)cc2)nn1,5.0,0.6989700043360189,test
Cn1cc(-c2cccc(-c3cnc(N)c(C(=O)N[C@H]4C5CC6CC4C[C@@](O)(C6)C5)n3)c2)cn1,28.0,1.4471580313422192,train
Cn1cc(-c2cnc(Nc3cccc(Cn4nc(-c5cnn(C)c5)ccc4=O)c3)nc2)cn1,17.02,1.230959555748569,train
Cn1cc(-c2cnc3nnn(Cc4ccc5ncccc5c4)c3n2)cn1,11.8,1.0718820073061255,train
Cn1cc(Cn2c(=O)c3cc(S(=O)(=O)NC4(C)CC4)ccc3n(CC3COC3)c2=O)cn1,1.0,0.0,train
Cn1cc(NC(=O)[C@@H]2CCCC[C@H]2C(=O)c2ccc(-c3cc[nH]n3)cc2)c(C(F)(F)F)n1,62.0,1.792391689498254,train
Cn1cc(NC(=O)[C@@H]2C[C@@H]3C[C@@H]3C[C@H]2C(=O)c2ccc(-c3cc[nH]n3)cc2)c(C(F)(F)F)n1,57.0,1.7558748556724915,train
Cn1cc(Nc2nc(N)cc(-c3cccc(-n4ccc5cc(C6CC6)cc(F)c5c4=O)c3CO)n2)cn1,6.3,0.7993405494535817,train
Cn1ccc2c(=O)n(Cc3ccccc3C#N)c(N3CCC[C@@H](N)C3)nc21,1.84,0.2648178230095365,train
Cn1ccc2cc(N(Cc3ccccc3)C3CCNCC3)ccc21,7.0,0.8450980400142568,train
Cn1cnc(S(=O)(=O)N(CCN(Cc2cncn2C)c2ccc(C#N)cc2)CC2CCCCC2)c1,1.5,0.17609125905568124,train
Cn1cnc(S(=O)(=O)N(CCN(Cc2cncn2C)c2ccc(C#N)cc2)CC2CCN(C(=O)OC(C)(C)C)CC2)c1,0.9,-0.045757490560675115,train
Cn1cnc(S(=O)(=O)N(CCN(Cc2cncn2C)c2ccc(C#N)cc2)CC2CCN(c3ncccn3)CC2)c1,1.1,0.04139268515822508,train
Cn1cnc(S(=O)(=O)N(CCN(Cc2cncn2C)c2ccc(C#N)cc2)Cc2ccc(-c3ccccc3)cc2)c1,1.1,0.04139268515822508,train
Cn1cnc(S(=O)(=O)N(CCN(Cc2cncn2C)c2ccc(C#N)cc2)Cc2ccc(-n3cccc3)cc2)c1,1.1,0.04139268515822508,train
Cn1cnc(S(=O)(=O)N(CCN(Cc2cncn2C)c2ccc(C#N)cc2)Cc2ccccc2)c1,1.1,0.04139268515822508,train
Cn1cnc(S(=O)(=O)N(CCN(Cc2cncn2C)c2ccc(C#N)cc2)Cc2ccccn2)c1,1.8,0.25527250510330607,train
Cn1cnc(S(=O)(=O)Nc2cc3c(cc2Oc2cccc(OCc4ccccc4)c2)n(C)c(=O)n3C)c1,4.0,0.6020599913279624,train
Cn1cncc1CN(CCN(Cc1ccccc1)S(=O)(=O)c1ccccn1)c1ccc(C#N)cc1,2.8,0.4471580313422192,train
Cn1nc(C(=O)O)c2c1-c1nc(Nc3ccccc3)ncc1CC2,2.7,0.43136376415898736,train
Cn1nc(C(N)=O)c2c1-c1nc(Nc3ccccc3)ncc1CC2,58.3,1.765668554759014,train
Cn1nc2c(=O)n(CC3(O)CCN(C(=O)C[C@H](c4ccccc4)C(F)(F)F)CC3)cnc2c1-c1ccc(CN)cc1,0.14,-0.8538719643217619,train
Cn1ncc(NC(=O)[C@@H]2CCCC[C@H]2C(=O)c2ccc(-c3cc[nH]n3)cc2)c1C(F)(F)F,59.0,1.7708520116421442,train
Cn1ncc(NC(=O)[C@@H]2C[C@@H]3C[C@@H]3C[C@H]2C(=O)c2ccc(-c3cc[nH]n3)cc2)c1C(F)(F)F,59.0,1.7708520116421442,train
Cn1ncc2cc(Cc3n[nH]c4ccc(C(=O)N5CC(O)C5)cc34)ccc21,12.1,1.08278537031645,train
Cn1ncc2cc(Cc3n[nH]c4ccc(C(=O)N5CCC(F)(F)C5)cc34)ccc21,33.4,1.5237464668115646,train
Cn1ncc2cc(Cc3n[nH]c4ccc(C(=O)N5CC[C@H](O)C5)cc34)ccc21,4.3,0.6334684555795865,train
Cn1ncnc1[C@H]1c2n[nH]c(=O)c3cc(F)cc(c23)N[C@@H]1c1ccc(F)cc1,0.9,-0.045757490560675115,train
Cn1nnc(-c2c(F)cc(Cl)cc2-c2cnc(CNC(=O)N(O)C3CCC(F)(F)CC3)c(F)c2)n1,24.0,1.380211241711606,test
Cn1nnc(-c2ccc3c(c2)c(C2CCN(CCN4CCNC4=O)CC2)cn3-c2ccc(F)cc2)n1,12.0,1.0791812460476249,test
Cn1oc(C2CCNCC2)cc1=O,0.4,-0.3979400086720376,train
F[C@@H]1CNCC[C@H]1n1cc(-c2ccc3c(c2)Cc2c[nH]nc2-3)c(-c2ccncc2)n1,11.36,1.055378331375,train
Fc1ccc(CNc2cccc3[nH]c(C(F)(F)F)nc23)cc1,1.5,0.17609125905568124,train
Fc1ccc(Oc2nccc3[nH]ccc23)c(F)c1,33.0,1.5185139398778875,train
Fc1ccc(Oc2nccc3[nH]ccc23)cc1,12.0,1.0791812460476249,train
Fc1ccc(Oc2ncnc3[nH]ccc23)cc1,18.0,1.255272505103306,train
N#CCNC(=O)c1ccc(-c2ccnc(Nc3ccc(N4CCOCC4)cc3)n2)cc1,30.4,1.4828735836087537,train
N#CNC(=O)[C@H](Cc1ccccc1)NC(=O)OCc1ccccc1,52.0,1.7160033436347992,train
N#CNC(=O)c1ccc(-c2ccc(O[C@H]3O[C@H](CO)[C@@H](O)[C@H](O)[C@@H]3O)cc2)cc1,0.22,-0.6575773191777937,train
N#C[C@@H]1CCCN1C(=O)[C@@H](N)Cc1ccc(-c2ccc(F)cc2)cc1,7.21,0.857935264719429,train
N#C[C@@H]1CCCN1C(=O)[C@@H](N)Cc1ccc(-c2ccc(F)cc2F)cc1,4.93,0.69284691927723,train
N#C[C@@H]1CCCN1C(=O)[C@@H](N)Cc1ccc(-c2ccccc2)cc1,2.66,0.424881636631067,train
N#C[C@H](Cc1ccc(-c2ccc3oc(=O)n(CC(F)F)c3c2)cc1)NC(=O)[C@@H]1CNCCCO1,8.0,0.9030899869919435,train
N#Cc1c(-c2cc(F)cc(-c3no[n+]([O-])c3C#N)c2)no[n+]1[O-],7.9,0.8976270912904415,train
N#Cc1c(-c2ccc(-c3no[n+]([O-])c3C#N)s2)no[n+]1[O-],4.0,0.6020599913279624,train
N#Cc1c(-c2ccc(Br)cc2)no[n+]1[O-],7.9,0.8976270912904415,train
N#Cc1c(-c2ccc(OCC3CCOC3)c(OC(F)(F)F)c2)nc(N)[nH]c1=O,14.55,1.162862993321926,train
N#Cc1c(-c2ccccc2)no[n+]1[O-],1.0,0.0,train
N#Cc1c(-c2cccs2)no[n+]1[O-],2.54,0.40483371661993806,train
N#Cc1c(-c2csc(-c3no[n+]([O-])c3C#N)c2)no[n+]1[O-],9.4,0.9731278535996987,test
N#Cc1cc(-c2nc(N)[nH]c(=O)c2C#N)ccc1OCC1CC1,15.55,1.1917303933628562,train
N#Cc1cc(-c2nc(N)[nH]c(=O)c2Cl)ccc1OCC1CCOC1,12.1,1.08278537031645,train
N#Cc1cc(-c2nc(N)[nH]c(=O)c2Cl)ccc1OCCCCO,12.9,1.110589710299249,train
N#Cc1cc(COC(=O)N2C[C@@H]3[C@@H](CNC(=O)N4CCc5[nH]nnc5C4)[C@@H]3C2)cc(C(=O)OC(F)(F)F)c1,7.0,0.8450980400142568,test
N#Cc1cc(COC(=O)N2C[C@@H]3[C@@H](CNC(=O)NCCCc4cnn[nH]4)[C@@H]3C2)cc(C(=O)OC(F)(F)F)c1,3.0,0.47712125471966244,test
N#Cc1cc(COC(=O)N2C[C@@H]3[C@@H](CNC(=O)c4ccc5[nH]c(=O)oc5c4)[C@@H]3C2)cc(OC(F)(F)F)c1,44.0,1.6434526764861874,train
N#Cc1cc(COC(=O)N2C[C@@H]3[C@@H](CNC(=O)c4ccc5[nH]nnc5c4)[C@@H]3C2)cc(C(=O)OC(F)(F)F)c1,8.0,0.9030899869919435,train
N#Cc1cc(Cl)cc(-c2cc(-c3ccc(F)cn3)ncn2)c1,13.0,1.1139433523068367,train
N#Cc1cc(NS(=O)(=O)c2ccc(C(=O)O)cc2)ccc1Oc1ccc(Cl)c(C(F)(F)F)c1,0.5,-0.3010299956639812,train
N#Cc1cc(NS(=O)(=O)c2ccc(N)cc2)ccc1Oc1ccc(Cl)c(C(F)(F)F)c1,5.7,0.7558748556724915,train
N#Cc1cc(NS(=O)(=O)c2ccc(NC(=O)N3CCOCC3)cc2)ccc1Oc1ccc(Cl)c(C(F)(F)F)c1,3.8,0.5797835966168101,test
N#Cc1ccc(-c2ccc(C[C@@H](C#N)NC(=O)[C@@H]3CCCCC[C@@H]3N)cc2)cc1,11.0,1.0413926851582251,train
N#Cc1ccc(-c2ccc(C[C@@H](C#N)NC(=O)[C@@H]3CCCC[C@@H]3N)cc2)cc1,11.0,1.0413926851582251,train
N#Cc1ccc(-c2ccc(C[C@@H](C#N)NC(=O)[C@@H]3CNCCCO3)cc2)cc1,19.0,1.2787536009528289,train
N#Cc1ccc(-c2ccc(NC(=O)Cn3cnc([N+](=O)[O-])n3)cc2)cc1,18.7,1.271841606536499,train
N#Cc1ccc(-c2ccc(O[C@H]3O[C@H](CO)[C@@H](O)[C@H](O)[C@@H]3O)c(Cl)c2)cc1,2.2,0.3424226808222063,train
N#Cc1ccc(-c2ccc(O[C@H]3O[C@H](CO)[C@@H](O)[C@H](O)[C@@H]3O)cc2)cc1,2.0,0.3010299956639812,train
N#Cc1ccc(-c2cnc3ccc(-c4ccc(C(=O)N5CCNCC5)cc4)nn23)cc1,1.13,0.05307844348341968,train
N#Cc1ccc(-c2cnc3ccc(-c4ccc(C(=O)N5CCOCC5)cc4)cn23)cc1,30.5,1.4842998393467859,test
N#Cc1ccc(-c2cnc3ccc(-c4ccc(C(=O)N5CCOCC5)cc4)nn23)cc1,38.5,1.5854607295085006,test
N#Cc1ccc(-c2cnc3cnc(-c4ccc(C(=O)N5CCOCC5)cc4)cn23)cc1,17.9,1.252853030979893,test
N#Cc1ccc(-n2nc(C(=O)N3CCC[C@@H](N)C3)cc2OCC(O)C(F)(F)F)cc1,0.1,-1.0,test
N#Cc1ccc(C2CCN(CCc3cnn(-c4nccc5c(=O)[nH]cnc45)c3)CC2)cc1,1.84,0.2648178230095365,train
N#Cc1ccc(CCNC(=O)[C@@H]2CCCN(c3cc(N4CCC(C(=O)O)CC4)nc(C(F)(F)F)n3)C2)cc1,1.36,0.13353890837021754,train
N#Cc1ccc(CCNC(=O)[C@@H]2CCCN(c3cc(N4CCC(Oc5ccc(CC(=O)O)cc5)CC4)nc(C(F)(F)F)n3)C2)cc1,2.12,0.32633586092875144,train
N#Cc1ccc(CCNC(=O)[C@@H]2CCN2c2cc(N3CCC(Oc4ccc(CC(=O)O)cc4)CC3)nc(C(F)(F)F)n2)cc1,5.73,0.75815462196739,train
N#Cc1ccc(Cn2cncc2CN2CCCN(C(=O)C34CC5CC(CC(C5)C3)C4)CC2)cc1,28.8,1.4593924877592308,train
N#Cc1ccc(Cn2cncc2CN2CCN(C(=O)C34CC5CC(CC(C5)C3)C4)CCC2c2ccccc2)cc1,3.6,0.5563025007672873,train
N#Cc1ccc(Cn2cncc2CN2CCN(C(=O)C3CCCCC3)CCC2c2ccccc2)cc1,25.1,1.3996737214810382,test
N#Cc1ccc(NC[C@@H]2CCCN2C(=O)C[C@H](N)Cc2cc(F)c(F)cc2F)nc1,5.9,0.7708520116421442,train
N#Cc1ccc(OC[C@@H]2CCCN2C(=O)C[C@H](N)Cc2cc(F)c(F)cc2F)nc1,25.0,1.3979400086720377,train
N#Cc1ccc2ccc(=O)n(CCN3CCC(NCc4cc5c(cn4)OCCO5)CC3)c2c1,1.9,0.2787536009528289,train
N#Cc1ccc2ccc(=O)n(CCN3CCC(NCc4ccc5c(n4)NC(=O)CO5)CC3)c2c1,2.0,0.3010299956639812,test
N#Cc1ccc2ncnc(N[C@H]3CC[C@H](N4CCOCC4)CC3)c2c1,18.0,1.255272505103306,train
N#Cc1cccc(-c2cccc(-c3nn[nH]n3)c2)c1,0.3,-0.5228787452803376,train
N#Cc1cccc(CN(c2ccc3[nH]ccc3c2)C2CCNCC2)c1,4.0,0.6020599913279624,train
N#Cc1ccccc1Cn1c(N2CCC[C@@H](N)C2)nc2[nH]c(-c3ccc(C(F)(F)F)cc3)cc2c1=O,1.73,0.2380461031287954,train
N#Cc1ccccc1Cn1c(N2CCC[C@@H](N)C2)nc2[nH]c(-c3ccc(F)cc3)cc2c1=O,0.59,-0.22914798835785583,train
N#Cc1ccccc1Cn1c(N2CCC[C@@H](N)C2)nc2[nH]c(-c3cccnc3)cc2c1=O,2.55,0.4065401804339551,train
N#Cc1ccccc1Cn1c(N2CCC[C@@H](N)C2)nc2[nH]c(Br)cc2c1=O,5.48,0.7387805584843692,train
N#Cc1ccccc1Cn1c(N2CCC[C@@H](N)C2)nc2[nH]ccc2c1=O,0.64,-0.1938200260161128,train
N#Cc1ccccc1Cn1c(N2CCC[C@@H](N)C2)nc2c(-c3cccnc3)c[nH]c2c1=O,0.3,-0.5228787452803376,train
N#Cc1ccccc1Cn1c(N2CCC[C@@H](N)C2)nc2c(-c3ccncc3)c[nH]c2c1=O,4.13,0.615950051656401,train
N#Cc1ccccc1Cn1c(N2CCC[C@@H](N)C2)nc2c(-c3ccsc3)c[nH]c2c1=O,1.86,0.26951294421791633,train
N#Cc1ccccc1Cn1c(N2CCC[C@@H](N)C2)nc2c(Br)c[nH]c2c1=O,2.81,0.4487063199050799,train
N#Cc1ccccc1Cn1c(N2CCC[C@@H](N)C2)nc2cc[nH]c2c1=O,3.44,0.5365584425715301,train
N#Cc1cccnc1N1CCN(C(=O)c2cc(Cc3n[nH]c(=O)c4ccccc34)cc(F)c2F)CC1,6.8,0.8325089127062363,train
N#Cc1cccnc1N1CCN(C(=O)c2cccc(C(F)(F)c3n[nH]c(=O)c4ccccc34)c2)CC1,5.0,0.6989700043360189,train
N#Cc1cccnc1N1CCN(C(=O)c2cccc(C(N)c3n[nH]c(=O)c4ccccc34)c2)CC1,0.2,-0.6989700043360187,train
N#Cc1cccnc1N1CCN(C(=O)c2cccc(Cc3n[nH]c(=O)c4ccccc34)c2)CC1,13.0,1.1139433523068367,train
N#Cc1cccnc1N1CCN(C(=O)c2cccc(Oc3n[nH]c(=O)c4ccccc34)c2)CC1,12.0,1.0791812460476249,test
N#Cc1ccnc(N2C(=O)CC[C@H]2CC(=O)N(c2cc(F)cc(F)c2)[C@H](C(=O)NC2CC(F)(F)C2)c2ccccc2Cl)c1,14.2,1.1522883443830565,train
N#Cc1ccnc(N2C(=O)CC[C@H]2CC(=O)N(c2cc(F)cc(S(N)(=O)=O)c2)[C@H](C(=O)NC2CC(F)(F)C2)c2ccccc2Cl)c1,0.19,-0.721246399047171,train
N#Cc1ccnc(N2C(=O)CC[C@H]2CC(=O)N(c2cncc(F)c2)[C@H](C(=O)NC2CC(F)(F)C2)c2ccccc2Cl)c1,15.0,1.1760912590556813,train
N#Cc1ccnc(N2C(=O)[C@@H](O)C[C@H]2CC(=O)N(c2cc(F)cc(F)c2)[C@H](C(=O)NC2CC(F)(F)C2)c2ccccc2Cl)c1,1.9,0.2787536009528289,train
N#Cc1ccnc(OC[C@@H]2CCCN2C(=O)C[C@H](N)Cc2cc(F)c(F)cc2F)c1,41.0,1.6127838567197355,train
N#Cc1cnc(NCC(F)(F)c2ccccc2)c(=O)n1CC(=O)NCCONC(=N)N,0.5,-0.3010299956639812,train
N#Cc1cncc(-c2cccc(C3(c4ccnc(C(F)(F)F)c4)N=C(N)c4c(F)cccc43)c2)c1,16.0,1.2041199826559248,train
N=C(N)NCCCCCCCCN(CCCCCCCCNC(=N)NCC1CC1)C(=O)N(CCCCCCCCNC(=N)N)CCCCCCCCNC(=N)NCC1CC1,0.19,-0.721246399047171,test
N=C(N)NOCCNC(=O)Cn1c(Cl)cnc(NCC(F)(F)c2ccccc2)c1=O,0.5,-0.3010299956639812,train
N=C(N)SCc1cccc2cc3cccc(CSC(=N)N)c3nc12,0.2,-0.6989700043360187,train
N=C(N)c1ccc(CNC(=O)[C@@H]2CCN2C(=O)[C@H](NCC(=O)O)C2CCCCC2)cc1,0.03,-1.5228787452803376,train
N=S1(=O)c2ccccc2C(=O)N1Cc1ccccc1,84.7,1.927883410330707,test
NC(=O)C(=O)C(Cc1ccccc1)NC(=O)c1cccnc1-n1ccc(-c2ccc(F)cc2)n1,30.0,1.4771212547196624,train
NC(=O)C(=O)C(Cc1ccccc1)NC(=O)c1cccnc1-n1ccc(-c2ccccc2)n1,30.0,1.4771212547196624,train
NC(=O)C1CCN(c2c(Cl)cncc2Cl)CC1,36.0,1.5563025007672873,train
NC(=O)C1CCN(c2nc(-c3ccc(Br)cc3)cs2)CC1,21.4,1.3304137733491908,train
NC(=O)C1CCN(c2ncc(-c3ccc4c(c3)OCCCO4)s2)CC1,11.5,1.0606978403536116,train
NC(=O)C1CCN(c2nnc(-c3ccc4c(c3)OCCCO4)s2)CC1,36.2,1.5587085705331658,train
NC(=O)C[C@H]1CC[C@H](c2ccc(-c3cncc(C(N)=O)n3)cc2)CC1,13.0,1.1139433523068367,train
NC(=O)C[C@H]1CNc2cc(Cl)ccc2N1C(=O)c1ccc2c(c1)NC(=O)CO2,0.81,-0.09151498112135022,test
NC(=O)C[C@H]1COCc2cc(F)ccc2N1C(=O)c1ccc2c(c1)NC(=O)CO2,0.6,-0.2218487496163564,test
NC(=O)C[C@H]1COc2cc(Cl)ccc2N1C(=O)c1ccc2c(c1)NC(=O)CO2,5.6,0.7481880270062004,train
NC(=O)C[C@H]1COc2cc(F)cc(F)c2N1C(=O)c1ccc2c(c1)NC(=O)CO2,4.2,0.6232492903979004,train
NC(=O)C[C@H]1COc2cc(F)ccc2N1C(=O)c1ccc2c(c1)NC(=O)CO2,3.0,0.47712125471966244,train
NC(=O)[C@@H]1[C@H](c2ccccc2)CCN1C(=O)[C@@H](N)Cc1ccccc1,3.2,0.505149978319906,train
NC(=O)[C@H](CCc1ccccc1)NC(=O)[C@@H](N)Cc1ccccc1,0.19,-0.721246399047171,test
NC(=O)[C@H](Cc1cccc(F)c1)NC(=O)[C@@H](N)Cc1ccccc1,1.5,0.17609125905568124,train
NC(=O)[C@H](Cc1ccccc1)NC(=O)OCc1ccccc1,31.0,1.4913616938342726,train
NC(=O)[C@H](Cc1ccccc1)NC(=O)[C@@H](N)Cc1ccccc1,0.12,-0.9208187539523752,train
NC(=O)[C@H](Cc1ccccc1)NC(=O)[C@@H]1NCC[C@@H]1c1ccccc1,0.76,-0.11918640771920865,train
NC(=O)[C@H](Cc1ccccc1)NC(=O)[C@H](Cc1c[nH]c2ccccc12)NC(=O)[C@@H]1CCCN1C(=O)[C@@H](N)Cc1ccc(O)cc1,1.01,0.004321373782642578,train
NC(=O)[C@H](Cc1ccccc1)NC(=O)[C@H]1NCC[C@H]1c1ccccc1,0.54,-0.26760624017703144,train
NC(=O)[C@H](Cc1ccccc1)NC(=O)c1[nH]cnc1-c1ccccc1,0.84,-0.07572071393811836,train
NC(=O)[C@H]1[C@@H](c2ccccc2)CCN1C(=O)[C@@H](N)Cc1ccccc1,0.58,-0.23657200643706275,train
NC(=O)c1cc2ccc(OC(F)(F)F)cc2n1-c1cccc(CCC(=O)O)c1,18.8,1.2741578492636798,train
NC(=O)c1ccc(-c2ccc(O[C@H]3O[C@H](CO)[C@@H](O)[C@H](O)[C@@H]3O)cc2)cc1,0.12,-0.9208187539523752,train
NC(=O)c1ccc(Cc2ccccc2)cc1-c1cccc(CCC(=O)O)c1,40.1,1.6031443726201824,train
NC(=O)c1cnc2ccc(-c3cccnc3)cc2c1NC1CCOCC1,15.0,1.1760912590556813,train
NC(=O)c1cncc(-c2ccc([C@H]3CC[C@H](CC(=O)O)CC3)cc2)n1,29.0,1.462397997898956,train
NC(=O)c1cncc(-c2ccc([C@H]3CC[C@H](CCO)CC3)cc2)n1,38.0,1.5797835966168101,train
NC(=O)c1nn(CC(=O)N2[C@@H]3C[C@@H]3C[C@H]2C(=O)Nc2cccc(Br)n2)c2ccccc12,15.3,1.1846914308175989,test
NC(=O)n1cc(NC(=O)N2CCC[C@H]2C(=O)Nc2cccc(OC(F)(F)F)c2)c2ccccc21,6.1,0.785329835010767,train
NC(=O)n1cc(NC(=O)N2C[C@@H](N)C[C@H]2C(=O)Nc2cccc(OC(F)(F)F)c2)c2ccccc21,2.1,0.3222192947339193,train
NC(=O)n1cc(NC(=O)N2C[C@@H](O)C[C@H]2C(=O)Nc2cccc(OC(F)(F)F)c2)c2ccccc21,0.77,-0.11350927482751812,train
NC(=O)n1cc(NC(=O)N2C[C@H](F)C[C@H]2C(=O)Nc2cccc(OC(F)(F)F)c2)c2ccccc21,0.75,-0.12493873660829995,train
NC(=O)n1cc(NC(=O)N2[C@@H]3C[C@@H]3C[C@H]2C(=O)Nc2cccc(Br)n2)c2ccccc21,9.6,0.9822712330395684,train
NC(=O)n1cc(NC(=O)N2[C@@H]3C[C@@H]3C[C@H]2C(=O)Nc2cccc(C(F)(F)F)c2F)c2ccccc21,10.0,1.0,train
NC(=O)n1cc(NC(=O)N2[C@@H]3C[C@@H]3C[C@H]2C(=O)Nc2cccc(C(F)(F)F)n2)c2ccccc21,11.3,1.0530784434834197,train
NC(=O)n1cc(NC(=O)N2[C@@H]3C[C@@H]3C[C@H]2C(=O)Nc2cccc(OC(F)(F)F)c2)c2ccccc21,4.5,0.6532125137753437,train
NC(=O)n1cc(NC(=O)N2[C@@H]3C[C@@H]3C[C@H]2C(=O)Nc2cccc(OC(F)(F)F)c2F)c2ccccc21,5.1,0.7075701760979364,train
NC(=O)n1nc(NCC(=O)NC2CN([C@H]3CC[C@@H](c4ccc5c(c4)OCO5)CC3)C2)c2cc(C(F)(F)F)ccc21,0.15,-0.8239087409443188,test
NC1=NC(c2ccc(OC(F)F)cc2)(c2cccc(-c3cccnc3F)c2)C2=NCC(F)(F)CN12,6.6,0.8195439355418687,train
NC1=NC(c2ccc(OC(F)F)cc2)(c2cccc(-c3cncnc3)c2)C2=NCC(F)(F)CN12,4.1,0.6127838567197355,train
NC1=NC(c2ccc(OC(F)F)cc2)(c2cccc(OCCCF)c2)C2=NCC(F)(F)CN12,11.0,1.0413926851582251,train
NC1=NC(c2cccc(-c3cncnc3)c2)(c2ccnc(C(F)(F)F)c2)c2cccc(F)c21,39.0,1.591064607026499,train
NC1=NC(c2cccc(-c3cncnc3)c2)(c2ccnc(C(F)(F)F)c2)c2ccccc21,0.13,-0.8860566476931632,train
NC1=NC(c2cccc(-c3cncnc3)c2)(c2ccnc(C(F)F)c2)c2cccc(F)c21,27.0,1.4313637641589874,train
NC1=NC(c2cccc(-c3cncnc3)c2)(c2ccnc(C3CC3)c2)c2cccc(F)c21,42.0,1.6232492903979006,test
NC1=NC(c2ccnc(C(F)(F)F)c2)(c2ccc(F)c(-c3cncnc3)c2)c2cccc(F)c21,25.0,1.3979400086720377,train
NC1=NC(c2ccncc2)(c2cccc(-c3cncc(F)c3)c2)c2cccc(F)c21,24.0,1.380211241711606,train
NC1=NC(c2ccncc2)(c2cccc(-c3cncnc3)c2)C2=NCC(F)(F)CN12,0.6,-0.2218487496163564,train
NC1=NC(c2ccncc2)(c2cccc(-c3cncnc3)c2)C2=NCCCN12,0.6,-0.2218487496163564,train
NC1=NC(c2ccncc2)(c2cccc(-c3cncnc3)c2)c2cccc(F)c21,12.0,1.0791812460476249,train
NC1=NC(c2ccncc2)(c2cccc(-c3cncnc3)c2)c2ccccc21,3.4,0.5314789170422551,train
NC1=NS(=O)(=O)c2ccccc21,7.39,0.8686444383948257,train
NC1=N[C@@](c2cccc(-c3cncnc3)c2)(c2ccnc(C(F)F)c2)c2cc(F)cc(F)c21,37.0,1.568201724066995,train
NC1=N[C@@](c2cccc(-c3cncnc3)c2)(c2ccnc(C(F)F)c2)c2cccc(F)c21,34.0,1.5314789170422551,train
NC1=N[C@](c2ccc(OC(F)F)cc2)(c2cccc(OCCCF)c2)C2=NCC(F)(F)CN12,8.0,0.9030899869919435,train
NC1=N[C@](c2ccnc(C(F)(F)F)c2)(c2ccc(F)c(-c3cncnc3)c2)c2cccc(F)c21,30.0,1.4771212547196624,train
NC1=N[C@](c2ccncc2)(c2cccc(-c3cncnc3)c2)c2cccc(F)c21,22.0,1.3424226808222062,train
NCC(=O)N1CCn2c(nc(-c3ccc(F)cc3)c2Nc2ccc(Cl)c(F)c2)C1,0.75,-0.12493873660829995,train
NCC(=O)N1CCn2c(nc(-c3ccc(F)cc3)c2Nc2ccc(Cl)cc2)C1,0.44,-0.3565473235138126,train
NCC(=O)N1CCn2c(nc(-c3ccc(F)cc3)c2Nc2ccc(F)c(F)c2)C1,0.99,-0.004364805402450088,train
NCC(=O)N1CCn2c(nc(-c3ccc(F)cc3)c2Nc2ccc(F)cc2)C1,0.7,-0.1549019599857432,train
NCC(=O)N1CCn2c(nc(-c3cccc(F)c3)c2Nc2ccc(F)cc2)C1,0.56,-0.25181197299379954,train
NCC(NC(=O)c1ccc(-c2cc(F)c(Cl)c(F)c2)[nH]1)c1ncc(CO)s1,1.17,0.06818586174616162,train
NC[C@@H](NC(=O)C[C@H]1CNC(=O)c2cc(-c3cccc(F)c3)cn21)C1CCCCC1,0.8,-0.09691001300805639,train
NC[C@@H](NC(=O)C[C@H]1CNC(=O)c2cc(-c3cccc(F)c3)cn21)c1ccccc1,0.6,-0.2218487496163564,train
NC[C@@H](NC(=O)C[C@H]1CNC(=O)c2cc(-c3ccnc(F)c3)cn21)c1ccccc1,0.9,-0.045757490560675115,test
NC[C@H]1CC[C@H](C(=O)O)CC1,7.83,0.8937617620579434,train
NCc1ccc(C(=O)Nc2ccncc2F)cc1-c1cccc(C(=O)Nc2ccc(C(=O)O)cc2)c1,0.08,-1.0969100130080565,train
NCc1ccc(C(=O)Nc2ccncc2F)cc1-c1cccc(C(=O)Nc2ccccc2)c1,2.3,0.36172783601759284,train
NS(=O)(=O)C[C@H]1COc2cc(F)ccc2N1C(=O)c1ccc2c(c1)NC(=O)CO2,2.6,0.414973347970818,train
NS(=O)(=O)NCCNc1nonc1/C(=N/O)Nc1ccc(F)c(Br)c1,3.1,0.4913616938342727,train
NS(=O)(=O)c1cc(C(=O)O)c(NCc2ccco2)cc1Cl,1.35,0.13033376849500614,train
NS(=O)(=O)c1ccc(Nc2ncc3c(n2)-c2ccsc2CC3)cc1,33.95,1.5308397786165204,train
NS(=O)(=O)c1ccc(Nc2nccc(-c3ccsc3)n2)cc1,53.08,1.7249309141923979,train
NS(=O)(=O)c1cccc(CN(c2ccc3[nH]ccc3c2)C2CCNCC2)c1,0.7,-0.1549019599857432,train
NS1(=O)=NC(=O)c2ccccc21,1.28,0.10720996964786837,test
N[C@@H](CC(=O)N1CCC[C@H]1CNC(=O)C1(C(F)(F)F)CC1)Cc1cc(F)c(F)cc1F,5.7,0.7558748556724915,train
N[C@@H](CC(=O)N1CCC[C@H]1CNC(=O)C1CC1)Cc1cc(F)c(F)cc1F,0.55,-0.2596373105057561,train
N[C@@H](CC(=O)N1CCC[C@H]1CNS(=O)(=O)C(F)(F)F)Cc1cc(F)c(F)cc1F,9.2,0.9637878273455552,train
N[C@@H](CC(=O)N1CCC[C@H]1CNS(=O)(=O)C1CC1)Cc1cc(F)c(F)cc1F,0.27,-0.5686362358410126,test
N[C@@H](CC(=O)N1CCC[C@H]1c1nc(-c2ncc(F)cc2F)no1)Cc1cc(F)c(F)cc1F,3.0,0.47712125471966244,test
N[C@@H](CC(=O)N1CCC[C@H]1c1nc(C2CC2)no1)Cc1cc(F)c(F)cc1F,21.0,1.3222192947339193,test
N[C@@H](CC(=O)N1CCC[C@H]1c1noc(C2(C(F)(F)F)CC2)n1)Cc1cc(F)c(F)cc1F,23.0,1.3617278360175928,test
N[C@@H](Cc1ccc(-c2ccc(F)cc2)cc1)C(=O)N1CCSC1,16.81,1.225567713439471,train
N[C@@H](Cc1ccc(-c2ccccc2)cc1)C(=O)N1CCSC1,4.56,0.658964842664435,train
N[C@@H]1CCC=C(c2ccc(F)cc2)[C@H]1COc1cc(F)c(S(=O)(=O)Nc2cscn2)cc1Cl,0.06,-1.2218487496163564,train
N[C@@H]1CCN(c2cnc3nnn(Cc4ccc5ncccc5c4)c3n2)C1,16.8,1.2253092817258628,train
N[C@H]1CCCC[C@H]1Nc1cc2nc[nH]c(=O)c2c(Nc2cccc3cc[nH]c23)n1,9.5,0.9777236052888477,train
N[C@H]1CC[C@H](Nc2cc(Nc3ccc(F)c(Cl)c3)n3nccc3n2)CC1,7.1,0.8512583487190752,train
Nc1cc(-c2cccc(-n3ccc4cc(C5CC5)cc(F)c4c3=O)c2CO)nc(Nc2cnn(C3(CO)CC3)c2)n1,0.7,-0.1549019599857432,train
Nc1cc(-c2cccc(-n3ccc4cc(C5CC5)cc(F)c4c3=O)c2CO)nc(Nc2cnn(C3CC3)c2)n1,6.9,0.8388490907372553,train
Nc1cc(-c2cccc(-n3ccc4cc(C5CC5)cc(F)c4c3=O)c2CO)nc(Nc2cnn(CC(F)F)c2)n1,3.1,0.4913616938342727,train
Nc1cc(-c2cccc(-n3ccc4cc(C5CC5)cc(F)c4c3=O)c2CO)nc(Nc2cnn(CC3CC3)c2)n1,6.1,0.785329835010767,train
Nc1cc(-c2ccco2)c2oc(-c3ccco3)nc2c1,77.0,1.8864907251724818,train
Nc1cc(-c2ccncc2)c[nH]c1=O,7.5,0.8750612633917001,train
Nc1cc(C(F)(F)F)c(-c2cc(Nc3cnc4ccccc4c3)nc(N3CCOCC3)n2)cn1,1.855,0.26834391395106466,train
Nc1cc(Nc2cc(Cl)c3n(c2=O)C2(CCCC2)NC3=O)ncn1,1.2,0.07918124604762482,test
Nc1cc(Nc2cc(Cl)c3n(c2=O)C2(CCCCC2)NC3=O)ncn1,4.2,0.6232492903979004,train
Nc1ccc2ccc(CCNCCc3cccc(Cl)c3)cc2n1,23.6,1.3729120029701065,train
Nc1cccc(-c2c(O)ccc3cc(-c4cccc(O)c4)ccc23)c1,16.0,1.2041199826559248,train
Nc1cccnc1N1CCC(C(=O)Nc2ccc(-n3nccn3)c(Cl)c2)CC1,19.4,1.287801729930226,test
Nc1cnc2nnn(Cc3ccc4ncccc4c3)c2n1,26.5,1.423245873936808,train
Nc1n[nH]c2ccc(C(=O)N3CCC[C@H]3c3ccc(Cl)cc3)cc12,33.7,1.5276299008713388,test
Nc1nc(-c2cc(C(=O)O)ccn2)cs1,0.8,-0.09691001300805639,train
Nc1nc(-c2ccc(OCC3CCOC3)c(C(F)(F)F)c2)c(Cl)c(=O)[nH]1,38.7,1.5877109650189114,train
Nc1nc(-c2ccc(OCC3CCOC3)c(OC(F)(F)F)c2)c(Cl)c(=O)[nH]1,40.2,1.60422605308447,train
Nc1nc(F)nc2c1ncn2[C@@H]1O[C@H](CO)C[C@H]1O,3.0,0.47712125471966244,train
Nc1nc(OC2CCCC2)nc2c1ncn2[C@@H]1O[C@H](CF)[C@@H](O)[C@H]1O,3.32,0.5211380837040362,train
Nc1nc(OC2CCCC2)nc2c1ncn2[C@@H]1O[C@H](CO)[C@@H](O)[C@H]1O,0.28,-0.5528419686577808,train
Nc1ncc(-c2ccc(OCCN3CCCCC3)cc2)nc1C(=O)Nc1cccnc1,4.6,0.6627578316815741,test
Nc1ncc(-c2ccc(S(=O)(=O)N3CCOCC3)cc2)nc1C(=O)Nc1cccnc1,27.0,1.4313637641589874,test
Nc1ncc(-c2ccc(S(N)(=O)=O)cc2)nc1C(=O)Nc1cccnc1,1.0,0.0,train
Nc1ncc(-c2cccc(N3CCNCC3)c2)cc1C(=O)Nc1ccncc1,0.28,-0.5528419686577808,test
Nc1ncnc2c1c(Oc1cccc(Cl)c1)nn2CC1CCNCC1,1.07,0.029383777685209667,train
Nc1ncnc2c1c(Oc1cccc(Cl)c1)nn2CC1CCNCC1(F)F,22.8,1.3579348470004537,train
Nc1ncnc2c1c(Sc1cccc(Cl)c1)nn2CC1CCNCC1,2.76,0.4409090820652177,train
Nc1ncnc2c1c(Sc1cccc(Cl)c1)nn2CC1CCNCC1(F)F,27.1,1.4329692908744058,train
Nc1noc2ccc(-n3nc(C(F)(F)F)c4c3C(=O)N(c3ccc(-c5ccccc5CN5CCC(O)CC5)cc3)CC4)cc12,0.4,-0.3979400086720376,test
Nc1noc2ccc(-n3nc(C(F)(F)F)c4c3C(=O)N(c3ccc(-c5ccccc5CN5CC[C@@H](O)C5)cc3)CC4)cc12,1.7,0.2304489213782739,train
Nc1noc2ccc(-n3nc(C(F)(F)F)c4c3C(=O)N(c3ccc(-c5ccccc5CN5CC[C@@H](O)C5)cc3)CN4)cc12.O=C(O)C(F)(F)F,3.9,0.5910646070264992,test
Nc1noc2ccc(-n3nc(C(F)(F)F)c4c3C(=O)N(c3ccc(-c5ccccc5CN5CC[C@@H](O)C5)cc3F)CC4)cc12,13.0,1.1139433523068367,train
O=C(/C=C/c1ccc(Cl)cc1)NC1(C(=O)N[C@H](Cc2ccccc2)C(=O)NCC2CCN(CC3CCOCC3)CC2)CCCC1,2.8,0.4471580313422192,train
O=C(/C=C/c1ccc(O)c(O)c1)O[C@@H]1C[C@](O)(C(=O)O)C[C@@H](O)[C@H]1O,0.38,-0.42021640338318983,train
O=C(/C=C/c1ccc(O)c(O)c1)O[C@@H]1C[C@](O)(C(=O)O)C[C@@H](OC(=O)/C=C/c2ccc(O)c(O)c2)[C@H]1O,0.14,-0.8538719643217619,test
O=C(/C=C/c1ccc2c(c1)nc(CCc1ccccc1)n2CCN1CCCC1)NO,3.01,0.47856649559384334,train
O=C(/C=C/c1cccc(Cl)c1)NC1(C(=O)N[C@H](Cc2ccccc2)C(=O)NCC2CCN(CC3CCOCC3)CC2)CCCC1,1.0,0.0,train
O=C(/C=C/c1cccc(F)c1)NC1(C(=O)N[C@H](Cc2ccccc2)C(=O)NCC2CCN(CC3CCOCC3)CC2)CCCC1,2.1,0.3222192947339193,train
O=C(/C=C/c1ccccc1)c1ccccc1,2.89,0.4608978427565479,train
O=C(/C=C/c1ccccc1Cl)NC1(C(=O)N[C@H](Cc2ccccc2)C(=O)NCC2CCN(CC3CCOCC3)CC2)CCCC1,1.0,0.0,train
O=C(C1CCCCC1)N1CC(=O)N2CCc3ccccc3C2C1,44.0,1.6434526764861874,test
O=C(C=C1CCN(C(=O)c2ccccc2O)CC1)N[C@@H]1CCN(Cc2ccc3cc(F)ccc3c2)C1,4.0,0.6020599913279624,test
O=C(CC1CNC(=O)c2cc(-c3ccc(F)c(F)c3)cn21)NCC1CCCCC1,11.8,1.0718820073061255,train
O=C(CC1CNC(=O)c2cc(-c3cccc(Cl)c3)cn21)NCc1ccco1,33.1,1.5198279937757189,test
O=C(CC1CNC(=O)c2cc(-c3cccc(F)c3)cn21)NCC1CCCCC1,11.24,1.0507663112330423,train
O=C(CC1CNC(=O)c2cc(-c3ccccc3F)cn21)NCC1CCCCC1,11.9,1.0755469613925308,train
O=C(CC1CNC(=O)c2cc(-c3ccnc(Cl)n3)cn21)NCC1CCCCC1,0.9,-0.045757490560675115,test
O=C(CCC1=CCCN(CCCc2ccccc2)C1=O)NO,17.5,1.2430380486862944,test
O=C(CCC1=CCCN(CCc2ccc3ccccc3c2)C1=O)NO,19.1,1.2810333672477277,test
O=C(CCC1=CCN(CCCc2ccc3ccccc3c2)C1=O)NO,16.3,1.212187604403958,test
O=C(CCC1=CCN(CCCc2ccccc2)C1=O)NO,9.5,0.9777236052888477,test
O=C(CCC1=CCN(Cc2ccc(F)cc2)C1=O)NO,7.8,0.8920946026904804,test
O=C(CCCCCCC(=O)Nc1ccccc1)NO,1.7,0.2304489213782739,train
O=C(CCCCCNC(=O)NC(=O)c1ccccc1)NO,3.12,0.4941545940184428,train
O=C(CCCN1CCC(O)(c2ccc(Cl)cc2)CC1)c1ccc(F)cc1,7.1,0.8512583487190752,test
O=C(CCCN1CC[Si](O)(c2ccc(Cl)cc2)CC1)c1ccc(F)cc1,19.8,1.2966651902615312,test
O=C(CCN1CCCCC1)Nc1cc(-c2ccco2)c2oc(-c3ccco3)nc2c1,2.3,0.36172783601759284,test
O=C(CCN1CCOCC1)Nc1cc(-c2ccco2)c2oc(-c3ccco3)nc2c1,11.0,1.0413926851582251,test
O=C(CCN1CCc2ccccc2C1)Nc1cc(-c2ccco2)c2oc(-c3ccco3)nc2c1,0.2,-0.6989700043360187,test
O=C(CCc1cc(Cl)c(Oc2ccncc2C(=O)N2CCN(C3CC3)c3ccccc32)cc1Cl)NCCOCCOCCOCCOCCOCCOCCOCCOCCNC(=O)CCc1cc(Cl)c(Oc2ccncc2C(=O)N2CCN(C3CC3)c3ccccc32)cc1Cl,0.04,-1.3979400086720375,test
O=C(CCn1cnc([N+](=O)[O-])n1)Nc1cccc(-c2ccccc2)c1,17.75,1.249198357391113,test
O=C(CCn1cnc([N+](=O)[O-])n1)Nc1cccc(OCc2ccccc2)c1,16.700000000000003,1.2227164711475833,test
O=C(CN1CCCCC1)Nc1ccc2oc(-c3ccco3)nc2c1,50.0,1.6989700043360187,test
O=C(CNC(=O)c1ccc(N2CCN(C(=O)c3ccccc3C(F)(F)F)CC2)nn1)c1ccccc1,22.0,1.3424226808222062,test
O=C(CO)Nc1ccc2c(=O)n(Cc3ccc(Cl)c(Cl)c3)cnc2c1,33.3,1.5224442335063197,train
O=C(CO)Nc1ccc2ncn(Cc3ccc(Cl)c(C(F)(F)F)c3)c(=O)c2c1,42.4,1.6273658565927327,train
O=C(CO)Nc1ccc2ncn(Cc3ccc(Cl)c(Cl)c3)c(=O)c2c1,39.7,1.5987905067631152,train
O=C(CO)Nc1cnc2ncn(Cc3ccc(Cl)c(Cl)c3)c(=O)c2c1,9.3,0.9684829485539351,train
O=C(COc1ccc(C23CC4CC(CC(C4)C2)C3)cc1)Nc1cc(C(=O)NCCCn2ccnc2)ccn1,22.9,1.359835482339888,test
O=C(COc1ccccc1)Nc1ccc2ncn(Cc3ccc(Cl)c(Cl)c3)c(=O)c2c1,1.5,0.17609125905568124,test
O=C(C[C@H]1CNC(=O)c2cc(-c3cccc(F)c3)cn21)N[C@H](CO)C1CCCCC1,1.1,0.04139268515822508,train
O=C(C[C@H]1CNC(=O)c2cc(-c3cccc(F)c3)cn21)N[C@H](CO)Cc1ccccc1,1.3,0.11394335230683679,test
O=C(C[C@H]1CNC(=O)c2cc(-c3cccc(F)c3)cn21)N[C@H](CO)c1ccccc1,2.7,0.43136376415898736,train
O=C(Cc1cccc2ccccc12)Nc1cn([C@H]2C[C@@H](NC(=O)c3ccccn3)C2)cn1,26.0,1.414973347970818,train
O=C(Cn1cnc([N+](=O)[O-])n1)N1CCN(Cc2ccc(C(F)(F)F)cc2)CC1,16.15,1.2081725266671217,train
O=C(Cn1cnc([N+](=O)[O-])n1)N1CCN(Cc2ccc(Cl)c(Cl)c2)CC1,15.55,1.1917303933628562,train
O=C(Cn1cnc([N+](=O)[O-])n1)Nc1ccc(N2CCCCC2)cc1,32.7,1.5145477526602862,train
O=C(Cn1cnc([N+](=O)[O-])n1)Nc1cccc(-c2ccccc2)c1,14.75,1.1687920203141817,train
O=C(Cn1cnc([N+](=O)[O-])n1)Nc1nc(-c2ccc(F)c(F)c2)cs1,28.8,1.4593924877592308,train
O=C(N/N=C/c1ccc2no[n+]([O-])c2c1)c1ccncc1,5.67,0.7535830588929066,test
O=C(N1CCCCC1)N1CC(O[C@@H](c2ccc(Cl)cc2)c2cccnc2Cl)C1,31.7,1.5010592622177514,train
O=C(NC1(C(=O)N[C@@H](CCCN2CCN(CC3CCOCC3)CC2)Cc2ccccc2)CCCC1)c1cc2cc(Cl)ccc2o1,13.7,1.1367205671564067,train
O=C(NC1(C(=O)N[C@@H](CCCN2CCN(CC3CCOCC3)CC2)Cc2ccccc2)CCCC1)c1cc2ccccc2o1,20.2,1.3053513694466237,train
O=C(NC1(C(=O)N[C@@H](CCCN2CCN(CC3CCOCC3)CC2)Cc2ccccc2)CCCC1)c1cc2ccccc2s1,11.0,1.0413926851582251,train
O=C(NC1(C(=O)N[C@@H](CCCN2CCN(CC3CCOCC3)CC2)Cc2ccccc2)CCCC1)c1ccc(-c2ccccc2)cc1,13.6,1.1335389083702174,train
O=C(NC1(C(=O)N[C@@H](CCCN2CCN(CC3CCOCC3)CC2)Cc2ccccc2)CCCC1)c1ccc2ccccc2c1,14.6,1.1643528557844371,train
O=C(NC1CC1)c1cc2c(-c3cccc(Cl)c3)ccnc2[nH]1,18.0,1.255272505103306,train
O=C(NC1CC1)c1cc2c(N3CCCC3c3ccccn3)ccnc2[nH]1,13.0,1.1139433523068367,train
O=C(NC1CCCCC1)c1cccnc1NC1CCCCC1,9.7,0.9867717342662449,train
O=C(NC1CCCS(=O)(=O)C1)c1ccc(Oc2ccc(C#C[C@]3(O)CN4CCC3CC4)cc2)cc1,1.3,0.11394335230683679,train
O=C(NC1COC1)c1cc2c(N3CCCC3c3ccccn3)ccnc2[nH]1,7.0,0.8450980400142568,test
O=C(NC1COC1)c1cc2c(N3CCCC3c3cccnc3)ccnc2[nH]1,1.0,0.0,test
O=C(NCC1CCC1)c1nccnc1NC(=O)c1ccc(Cn2ccnn2)c2ccccc12,50.0,1.6989700043360187,test
O=C(NCC1CCOCC1)c1nc(OS(=O)(=O)CCC(F)(F)F)ccc1NC(=O)c1ccc(Cn2ccnn2)c2ccccc12,21.0,1.3222192947339193,train
O=C(NCC1CCOCC1)c1ncccc1NC(=O)c1ccc(Cn2ccnn2)c2ccccc12,43.0,1.6334684555795864,train
O=C(NCCC1CC1)c1ccc(N2CCN(C(=O)c3cc(Cl)ccc3C(F)(F)F)CC2)nn1,32.0,1.505149978319906,train
O=C(NCCC1CC1)c1ccc(N2CCN(C(=O)c3cc(F)ccc3C(F)(F)F)CC2)nn1,30.0,1.4771212547196624,train
O=C(NCCC1CC1)c1ccc(N2CCN(C(=O)c3cc(F)ccc3Cl)CC2)nn1,28.0,1.4471580313422192,train
O=C(NCCC1CC1)c1ccc(N2CCN(C(=O)c3ccc(F)cc3C(F)(F)F)CC2)nn1,22.0,1.3424226808222062,train
O=C(NCCC1CC1)c1ccc(N2CCN(C(=O)c3cccc(F)c3C(F)(F)F)CC2)nn1,20.0,1.3010299956639813,train
O=C(NCCC1CC1)c1ccc(N2CCN(C(=O)c3ccccc3C(F)(F)F)CC2)nn1,24.0,1.380211241711606,train
O=C(NCCCC1CC1)c1ccc(N2CCN(C(=O)c3ccccc3C(F)(F)F)CC2)nn1,32.0,1.505149978319906,test
O=C(NCCCCC1CC1)c1ccc(N2CCN(C(=O)c3ccccc3C(F)(F)F)CC2)nn1,13.0,1.1139433523068367,test
O=C(NCCN1CCCCC1)c1cc(Oc2ccc3nc(Nc4ccc(Br)cc4)ncc3c2)ccn1,1.0,0.0,test
O=C(NCCN1CCOCC1)c1cc(Oc2ccc3sc(Nc4ccc(Br)cc4)nc3c2)ccn1,10.0,1.0,train
O=C(NCCO)c1cc(Oc2ccc3nc(Nc4ccc(Br)cc4)ncc3c2)ccn1,1.0,0.0,train
O=C(NCCc1ccccc1)c1ccc(N2CCN(C(=O)c3ccccc3C(F)(F)F)CC2)nn1,16.0,1.2041199826559248,train
O=C(NCCc1ccccc1Cl)c1cc(-n2ncc(=O)[nH]c2=O)ccc1Cl,10.0,1.0,train
O=C(NC[C@@H](O)c1ccccc1)c1ccc(N2CCN(C(=O)c3ccccc3C(F)(F)F)CC2)nn1,23.0,1.3617278360175928,train
O=C(NC[C@@H]1[C@H]2CN(C(=O)/C=C/c3cc(Cl)cc(Cl)c3)C[C@@H]12)c1ccc2[nH]c(=O)oc2c1,38.0,1.5797835966168101,test
O=C(NC[C@@H]1[C@H]2CN(C(=O)C3CC3c3cc(Cl)cc(Cl)c3)C[C@@H]12)c1ccc2[nH]c(=O)oc2c1,64.0,1.806179973983887,test
O=C(NC[C@@H]1[C@H]2CN(C(=O)CCc3cc(Cl)cc(Cl)c3)C[C@@H]12)c1ccc2[nH]c(=O)oc2c1,18.0,1.255272505103306,test
O=C(NC[C@@H]1[C@H]2CN(C(=O)N3CCc4c(Cl)cc(Cl)cc4C3)C[C@@H]12)c1ccc2[nH]c(=O)oc2c1,47.0,1.6720978579357175,test
O=C(NC[C@@H]1[C@H]2CN(C(=O)NCc3cc(Cl)cc(Cl)c3)C[C@@H]12)c1ccc2[nH]c(=O)oc2c1,2.0,0.3010299956639812,test
O=C(NC[C@@H]1[C@H]2CN(C(=O)OCc3cc(C(F)(F)F)cc(C(F)(F)F)c3)C[C@@H]12)c1ccc2[nH]c(=O)oc2c1,108.0,2.03342375548695,train
O=C(NC[C@@H]1[C@H]2CN(C(=O)OCc3cc(C(F)(F)F)cc(C(F)(F)F)c3)C[C@@H]12)c1ccc2[nH]nnc2c1,9.0,0.9542425094393249,train
O=C(NC[C@@H]1[C@H]2CN(C(=O)OCc3cc(Cl)cc(Cl)c3)C[C@@H]12)c1ccc2[nH]c(=O)oc2c1,137.0,2.1367205671564067,train
O=C(NC[C@H](O)c1ccccc1)c1ccc(N2CCN(C(=O)c3ccccc3C(F)(F)F)CC2)nn1,22.0,1.3424226808222062,train
O=C(NCc1ccc(C(F)(F)F)o1)c1ccc(N2CCN(C(=O)c3ccccc3C(F)(F)F)CC2)nn1,18.0,1.255272505103306,train
O=C(NCc1ccc(F)cc1)C1C(=O)N(O)C(=O)c2ccccc21,0.2,-0.6989700043360187,test
O=C(NCc1ccccc1)c1ccc(N2CCN(C(=O)c3ccccc3C(F)(F)F)CC2)nn1,34.0,1.5314789170422551,test
O=C(NCc1ccncn1)c1ccc(Oc2ccc(C#C[C@]3(O)CN4CCC3CC4)cc2)cc1,6.7,0.8260748027008264,test
O=C(NCc1nccs1)c1ccc(N2CCN(C(=O)c3ccccc3C(F)(F)F)CC2)nn1,29.0,1.462397997898956,test
O=C(NNS(=O)(=O)c1ccccc1)c1cc(-c2ccccc2)cc(Cl)c1F,35.9,1.5550944485783191,train
O=C(NNS(=O)(=O)c1ccccc1F)c1cc(Cl)cc(-c2cccs2)c1,27.8,1.4440447959180762,train
O=C(NNS(=O)(=O)c1ccccc1F)c1cc(F)cc(-c2ccccn2)c1,60.0,1.7781512503836436,train
O=C(NNS(=O)(=O)c1ccccc1F)c1cccc(-c2ccco2)c1,55.3,1.7427251313046983,test
O=C(NNS(=O)(=O)c1ccccc1F)c1cccc(I)c1,60.4,1.7810369386211318,train
O=C(NO)c1ccc(CNc2cccc3cccnc23)cc1,24.03,1.3807537708039002,train
O=C(N[C@@H](Cc1ccc(Cl)c(Br)c1)C(=O)O)c1ccc(Br)cc1NS(=O)(=O)c1cccc2nccnc12,0.1,-1.0,train
O=C(N[C@@H](Cc1ccc(Cl)c(Br)c1)C(=O)O)c1ccc(Br)cc1NS(=O)(=O)c1cccc2nsnc12,0.1,-1.0,train
O=C(N[C@@H](Cc1ccc(F)c(Br)c1)C(=O)O)c1cc(Cl)c(Cl)cc1NS(=O)(=O)c1cccc2nccnc12,0.1,-1.0,train
O=C(N[C@@H](Cc1ccc(F)c(Br)c1)C(=O)O)c1cc(Cl)c(Cl)cc1NS(=O)(=O)c1cccc2nsnc12,0.02,-1.6989700043360187,train
O=C(N[C@@H](Cc1ccc(F)c(Br)c1)C(=O)O)c1ccc(Br)cc1NS(=O)(=O)c1cccc2nccnc12,0.03,-1.5228787452803376,train
O=C(N[C@@H](Cc1ccc(F)c(Br)c1)C(=O)O)c1ccc(Br)cc1NS(=O)(=O)c1cccc2nsnc12,0.05,-1.3010299956639813,train
O=C(N[C@@H](Cc1ccc(F)c(Br)c1)C(=O)O)c1ccc(Cl)cc1NS(=O)(=O)c1cccc2nccnc12,0.04,-1.3979400086720375,train
O=C(N[C@@H](Cc1ccc(F)c(Br)c1)C(=O)O)c1ccc(Cl)cc1NS(=O)(=O)c1cccc2nsnc12,0.04,-1.3979400086720375,train
O=C(N[C@@H](Cc1ccccc1)C(=O)NCc1cc(=O)[nH]c2ccc(Cl)cc12)c1ccc2[nH]c(=O)cc(O)c2c1,0.28,-0.5528419686577808,train
O=C(N[C@@H](Cc1ccccc1)C(=O)NNC(=O)c1ccccc1)OCc1ccccc1,11.0,1.0413926851582251,train
O=C(N[C@@H](Cc1ccccc1)C(=O)NO)OCc1ccccc1,60.0,1.7781512503836436,train
O=C(N[C@@H](Cc1ccccc1)c1nnc(-c2ccccc2)o1)OCc1ccccc1,13.0,1.1139433523068367,train
O=C(N[C@@H]1CCC[C@H](c2nc3ccccc3[nH]2)C1)c1ccc2c(c1)OCCO2,85.0,1.9294189257142926,train
O=C(N[C@@H]1CC[C@@]2(O)[C@H]3Cc4ccc(O)c5c4[C@@]2(CCN3CC2CC2)[C@H]1O5)c1ccncc1,2.5,0.3979400086720376,train
O=C(N[C@H]1CC[C@@]2(O)[C@H]3Cc4ccc(O)c5c4[C@@]2(CCN3CC2CC2)[C@H]1O5)c1cc2ccccc2cn1,3.0,0.47712125471966244,train
O=C(Nc1c(Cl)cncc1Cl)c1ccc(OC(F)F)c(OCC2CC2)c1,39.0,1.591064607026499,test
O=C(Nc1ccc(-c2ccc(C(=O)N3CCC[C@H]3C(=O)O)nc2)cc1)Nc1cccc(C(F)(F)F)c1,2.025,0.30642502755068735,train
O=C(Nc1ccc(-c2ccc(C(=O)N3CCC[C@H]3C(=O)O)nc2)cc1)Nc1cccc(Cl)c1,1.025,0.010723865391773066,train
O=C(Nc1ccc(-c2ccc(C(=O)N3CCC[C@H]3C(=O)O)nc2)cc1)Nc1ccccc1Cl,0.91,-0.040958607678906384,train
O=C(Nc1ccc(Cl)cc1)c1ccc(N2CCN(C(=O)c3ccccc3C(F)(F)F)CC2)nn1,2.0,0.3010299956639812,train
O=C(Nc1ccc(F)c(C(F)(F)F)c1)Nc1nnc(-c2ccncc2)s1,1.0,0.0,test
O=C(Nc1ccc(OC(F)(F)Cl)cc1)c1cnc(N2CC[C@@H](O)C2)c(-c2cc[nH]n2)c1,2.3,0.36172783601759284,test
O=C(Nc1ccc(S(=O)(=O)C(F)(F)F)cc1)C1=CCN(c2ncccc2C(F)(F)F)CC1,28.5,1.4548448600085102,test
O=C(Nc1ccc2[nH]nc(-c3ccncc3)c2c1)[C@@H]1CCN(CC(=O)N2CCN(c3ccc(-c4ncccn4)cc3)CC2)C1,4.0,0.6020599913279624,test
O=C(Nc1ccc2c(c1)NC(=O)C(CCO)O2)C1CCN(c2cc(F)c(F)c(F)c2)CC1,1.5,0.17609125905568124,test
O=C(Nc1ccc2ncn(Cc3ccc(Cl)c(Cl)c3)c(=O)c2c1)OCc1ccccc1,1.7,0.2304489213782739,train
O=C(Nc1ccc2ncn(Cc3ccc(F)c(Cl)c3)c(=O)c2c1)OCc1ccccc1,0.8,-0.09691001300805639,train
O=C(Nc1cccc([C@@H]2CN(c3ncnc4[nH]ccc34)CCN2CCO)c1)Nc1c(F)cccc1N1CCCC1,4.0,0.6020599913279624,test
O=C(Nc1ccccc1)c1ccc(N2CCN(C(=O)c3ccccc3C(F)(F)F)CC2)nn1,13.0,1.1139433523068367,train
O=C(Nc1ccncc1)c1cn(Cc2ccc(Cl)c(Cl)c2)c(=O)c2cnn(C3CCNCC3)c12,0.15,-0.8239087409443188,test
O=C(Nc1cnc(-c2ccncc2)c(-c2ccccn2)n1)C1CC1,35.0,1.5440680443502757,test
O=C(Nc1cnc(-c2ccncc2)c(-c2cccnc2)n1)C1CC1,38.0,1.5797835966168101,train
O=C(Nc1cnc(-c2ccncc2)c(-c2ccco2)n1)C1CC1,36.0,1.5563025007672873,test
O=C(Nc1cnc(-c2ccncc2)c(-c2ccncc2)n1)C1CC1,34.0,1.5314789170422551,train
O=C(Nc1cnc(-c2ccncc2F)c(-c2cccnc2)n1)C1CC1,37.0,1.568201724066995,train
O=C(Nc1cnc(-c2ccncc2F)c(-c2ccncc2)n1)C1CC1,33.0,1.5185139398778875,train
O=C(Nc1cncc(Oc2cncnc2)n1)c1cc(Cl)ccn1,66.8,1.8247764624755456,test
O=C(Nc1cnn2cccnc12)[C@@H]1CCCC[C@H]1C(=O)c1ccc(-c2cc[nH]n2)cc1,12.0,1.0791812460476249,test
O=C(Nc1n[nH]c2ccc(Cc3cc(F)cc(F)c3)cc12)c1ccc(CN2CCCCC2)cc1NC1CCOCC1,1.1,0.04139268515822508,test
O=C(Nc1n[nH]c2ccc(Cc3cc(F)cc(F)c3)cc12)c1ccc(N2CCNCC2)cc1NC1CCOCC1,0.6,-0.2218487496163564,train
O=C(Nc1nc2cccc(-c3ccc(NS(=O)(=O)C4CC4)cc3)n2n1)C1CC1,3.7,0.568201724066995,test
O=C(Nc1nc2ccccc2[nH]1)c1ccc(N2CCN(C(=O)c3ccccc3C(F)(F)F)CC2)nn1,25.0,1.3979400086720377,test
O=C(Nc1ncc(C2(O)CCC2)s1)c1ccc(F)c(Cl)c1,15.0,1.1760912590556813,test
O=C(O)/C=C/c1ccc(Cc2c(-c3ccccc3)c(=O)oc3cc(O)ccc23)cc1,10.0,1.0,train
O=C(O)/C=C/c1ccc(O)c(O)c1,1.4,0.146128035678238,train
O=C(O)C1CCN(c2nc(-c3ccc(Br)cc3)cs2)CC1,22.3,1.3483048630481607,train
O=C(O)C1CCN(c2ncc(-c3ccc4c(c3)OCCCO4)s2)CC1,38.95,1.5905074620085833,train
O=C(O)CCCN1CC(C(=O)NS(=O)(=O)c2ccccc2)Oc2c(NC(=O)c3ccc(OCCCCc4ccccc4)cc3)cccc21,0.06,-1.2218487496163564,test
O=C(O)CCCN1CC(C(=O)O)Oc2c(/C=C/c3ccc(OCCCCOc4ccccc4)cc3)cccc21,7.8,0.8920946026904804,test
O=C(O)CCCN1CC(C(=O)O)Oc2c(/C=C/c3ccc(OCCCCc4ccccc4)cc3)cccc21,1.3,0.11394335230683679,test
O=C(O)CCCN1CC(C(=O)O)Oc2c(CCc3ccc(OCCCCc4ccccc4)cc3)cccc21,2.8,0.4471580313422192,train
O=C(O)CCCN1CC(C(=O)O)Oc2c(NC(=O)c3ccc(OCCCCc4ccccc4)cc3)cccc21,0.18,-0.744727494896694,train
O=C(O)CCCN1CC(C(=O)O)Oc2c(OCc3ccc(OCCCCc4ccccc4)cc3)cccc21,0.74,-0.13076828026902382,train
O=C(O)CCCN1CC(CO)Oc2c(NC(=O)c3ccc(OCCCCc4ccccc4)cc3)cccc21,0.17,-0.769551078621726,train
O=C(O)CCCN1CC(c2nnn[nH]2)Oc2c(/C=C/c3ccc(OCCCCc4ccccc4)cc3)cccc21,0.16,-0.7958800173440752,test
O=C(O)CCCN1CC(c2nnn[nH]2)Oc2c(CCc3ccc(OCCCCc4ccccc4)cc3)cccc21,0.52,-0.28399665636520083,train
O=C(O)CCCN1CC(c2nnn[nH]2)Oc2c(NC(=O)c3ccc(OCCCCc4ccccc4)cc3)cccc21,0.11,-0.958607314841775,test
O=C(O)CCCN1CCOc2c(NC(=O)c3ccc(OCCCCc4ccccc4)cc3)cccc21,0.17,-0.769551078621726,train
O=C(O)CCCOc1nc2cccc(/C=C/c3ccc(OCCCCOc4ccccc4)cc3)c2nc1C(=O)O,11.0,1.0413926851582251,test
O=C(O)CCCc1cc2cc(Cl)ccc2n1S(=O)(=O)c1ccc2ncsc2c1,24.0,1.380211241711606,train
O=C(O)CCCn1cc(C(=O)O)c(=O)c2c(/C=C/c3ccc(OCCCCOc4ccccc4)cc3)cccc21,13.0,1.1139433523068367,train
O=C(O)CCCn1cc(CC(=O)O)c2c(/C=C/c3ccc(OCCCCOc4ccccc4)cc3)cccc21,6.9,0.8388490907372553,test
O=C(O)CCNCc1ccc(NC(=O)c2cc(N(CC3CC3)C3CCCCC3)ncn2)cc1,0.8,-0.09691001300805639,train
O=C(O)CCc1cc2cc(Cl)ccc2n1S(=O)(=O)c1ccccc1,61.0,1.7853298350107671,train
O=C(O)CCc1ccc(C#Cc2cc(Cl)nc(Cl)c2)cc1,112.0,2.0492180226701815,test
O=C(O)CCc1ccc(OCc2nc(-c3ccc(Cl)cc3)no2)cc1,2.1,0.3222192947339193,train
O=C(O)CN(CCN(CC(=O)O)Cc1ccccc1O)Cc1ccccc1O,0.02,-1.6989700043360187,train
O=C(O)CN1C(=O)[C@@]2(CC(=O)N(Cc3cc(Cl)ccc3F)C2)c2cc(Cl)ccc21,1.8,0.25527250510330607,test
O=C(O)CN1C(=O)[C@@]2(CC(=O)N(Cc3cc(Cl)ccc3F)C2=O)c2cc(Cl)ccc21,26.0,1.414973347970818,test
O=C(O)CN1C(=O)[C@@]2(NC(=O)N(Cc3cc(Cl)ccc3F)C2=O)c2cc(Cl)ccc21,0.2,-0.6989700043360187,train
O=C(O)CNC(=O)c1c(O)cc(-c2cccc(Cl)c2)c2ncnn12,15.0,1.1760912590556813,train
O=C(O)CNC(=O)c1c(O)cc(-c2cccc(Cl)c2)n2ncnc12,6.1,0.785329835010767,train
O=C(O)CNC(=O)c1c(O)ccc2ccnn12,4.2,0.6232492903979004,train
O=C(O)CNC(=O)c1c(O)ccn2ccnc12,0.8,-0.09691001300805639,train
O=C(O)CNC(=O)c1nc(Cl)c2cc(Oc3ccccc3)ccc2c1O,42.0,1.6232492903979006,train
O=C(O)CNC(=O)c1nc(Cl)c2ccccc2c1O,63.0,1.7993405494535817,train
O=C(O)COCCN1CCN(C(c2ccccc2)c2ccc(Cl)cc2)CC1,4.8,0.6812412373755872,train
O=C(O)COc1ccc(Cl)cc1C#Cc1cccc(Cl)c1,18.4,1.2648178230095364,train
O=C(O)COc1ccc(Cl)cc1CN1CCN(S(=O)(=O)c2ccccc2)CC1,1.7,0.2304489213782739,train
O=C(O)Cc1cc(CC(=O)O)cc(-c2ccc(C#CCO)s2)c1,0.51,-0.2924298239020636,train
O=C(O)Cn1cc(-c2cnc3nnn(Cc4ccc5ncccc5c4)c3n2)cn1,0.003,-2.5228787452803374,train
O=C(O)[C@@H]1CCCN1CCOc1ccc(-c2ccccc2)cc1Sc1cccc(F)c1,25.1,1.3996737214810382,train
O=C(O)c1c(O)c(C2(c3ccc(Cl)cc3)CC2)nc2c(C(F)(F)F)cccc12,5.1,0.7075701760979364,train
O=C(O)c1cc(/N=N/c2ccc(O)c(C(=O)O)c2)ccc1O,0.9,-0.045757490560675115,train
O=C(O)c1cc(/N=N/c2ccc(S(=O)(=O)Nc3ccccn3)cc2)ccc1O,1.0,0.0,train
O=C(O)c1cc2ccccc2cn1,5.245,0.7197454925295766,train
O=C(O)c1ccc(-c2ccc(Cl)cc2COc2ccc(-c3nc4cc(C(=O)O)ccc4n3C3CCCCC3)cc2)cc1,23.4,1.3692158574101427,train
O=C(O)c1ccc(CNC(=O)c2cc(Cl)ccc2Oc2ccc(F)cc2)cc1,51.4,1.7109631189952756,train
O=C(O)c1ccc(CNC(=O)c2cc(Cl)cnc2Oc2ccc(F)cc2)cc1,20.1,1.3031960574204888,train
O=C(O)c1ccc(CNC(=O)c2cc(F)ccc2Oc2ccc(F)cc2)cc1,36.3,1.5599066250361124,train
O=C(O)c1ccc(CNC(=O)c2cc(F)cnc2Oc2ccc(F)cc2)cc1,25.3,1.403120521175818,train
O=C(O)c1ccc(N(Cc2ccc(C3CCCCC3)cc2)C(=O)[C@@H]2CCCN2S(=O)(=O)c2c(F)c(F)c(F)c(F)c2F)c(F)c1,0.1,-1.0,test
O=C(O)c1ccc2[nH]c(C(F)(F)F)nc2c1,0.57,-0.24412514432750865,train
O=C(O)c1cn(C2CC2)c2cc(N3CCNCC3)c(F)cc2c1=O,2.1,0.3222192947339193,train
O=C(OCC1CCN(Cc2ccc(-c3ccccc3-c3nnn[nH]3)cc2)CC1)c1c2n(c3ccccc13)CCCO2,2.9,0.4623979978989561,test
O=C(OCc1ccccc1)c1cn(C2CC2)c2cc(N3CCNCC3)c(F)cc2c1=O,13.98,1.1455071714096625,test
O=C([O-])C(S)C(S)C(=O)[O-].[Na+].[Na+],11.01,1.0417873189717517,train
O=C([O-])c1ccc(-c2ccc(Cl)c(O[C@H]3O[C@H](CO)[C@@H](O)[C@H](O)[C@@H]3O)c2)cc1.[Na+],0.55,-0.2596373105057561,train
O=C([O-])c1ccc(N(Cc2ccc(C3CCOCC3)cc2)C(=O)[C@H]2CCCN2S(=O)(=O)c2c(F)c(F)c(F)c(F)c2F)cc1O.[Na+],0.2,-0.6989700043360187,test
O=C(c1c(O)cc(F)cc1F)N1CCC2(CCC2)C1,30.0,1.4771212547196624,test
O=C(c1cc([C@H]2CCCN2c2cc(F)cc(F)c2)c2oc(N3CCOCC3)cc(=O)c2c1)N1CCOCC1,18.0,1.255272505103306,train
O=C(c1cc([C@H]2CCCN2c2cccc(F)c2)c2oc(N3CCOCC3)cc(=O)c2c1)N1CCOCC1,14.0,1.146128035678238,train
O=C(c1ccc(-c2ccc(O[C@H]3O[C@H](CO)[C@@H](O)[C@H](O)[C@@H]3O)cc2)cc1)N1CCOCC1,0.18,-0.744727494896694,test
O=C(c1ccc(CN2CCOCC2)cc1)N1CCN(C2CCC2)CC1,71.2,1.8524799936368563,test
O=C(c1ccc(Cl)cc1NS(=O)(=O)c1cccc2nsnc12)N1CCCCC1,22.7,1.3560258571931227,test
O=C(c1cccc(C(F)(F)c2n[nH]c(=O)c3c2CCCC3)c1)N1CCn2c(nnc2C(F)(F)F)C1,1.3,0.11394335230683679,train
O=C(c1cccc(C(F)(F)c2n[nH]c(=O)c3ccccc23)c1)N1CCn2c(nnc2C(F)(F)F)C1,5.7,0.7558748556724915,train
O=C(c1cccc(Cc2n[nH]c(=O)c3c2CCCC3)c1)N1CCn2c(nnc2C(F)(F)F)C1,0.4,-0.3979400086720376,train
O=C(c1cccc(Cc2n[nH]c(=O)c3ccccc23)c1)N1CCn2c(nnc2C(F)(F)F)C1,1.3,0.11394335230683679,train
O=C(c1ccccc1C(F)(F)F)N(CC1CCC1)[C@H]1CCNC1,16.0,1.2041199826559248,test
O=C(c1ccnc(Nc2nc3cnc(-c4cccc(C(F)(F)F)c4)cc3[nH]2)c1)N1CCN(CC(F)(F)F)CC1,5.3,0.724275869600789,train
O=C(c1cnc(N2CCN(C(=O)NS(=O)(=O)c3ccc(Cl)s3)CC2)c(Cl)c1)C1CC1,0.12,-0.9208187539523752,test
O=C(c1cnccc1Oc1cc(Cl)ccc1Cl)N1CCN(C2CC2)c2ccccc21,6.75,0.829303772831025,test
O=C1/C(=C/c2cccc(O)c2)CNC/C1=C\c1cccc(O)c1,15.4,1.187520720836463,train
O=C1/C(=C/c2ccccc2F)CNC/C1=C\c1ccccc1F,3.53,0.5477747053878226,train
O=C1C(CC[S+]([O-])c2ccccc2)C(=O)N(c2ccccc2)N1c1ccccc1,1.2,0.07918124604762482,test
O=C1C(Cl)=C(Nc2ccc(CCO)cc2)C(=O)c2cnccc21,17.8,1.250420002308894,train
O=C1C(Cl)=C(Nc2ccc(OC(F)(F)F)cc2)C(=O)c2cnccc21,2.24,0.35024801833416286,train
O=C1C(Cl)=C(Nc2cccc(F)c2)C(=O)c2cnccc21,0.62,-0.20760831050174613,train
O=C1C(Cl)=C(Nc2cccc(O)c2)C(=O)c2cnccc21,35.3,1.5477747053878226,train
O=C1C(O)=C(I)C(=O)c2ccccc21,54.2,1.7339992865383869,test
O=C1C(O)=C(c2ccccc2)C(=O)c2ccccc21,61.13,1.7862543957897803,test
O=C1C=C(n2cc(CCCCl)nn2)C(=O)c2c(O)cccc21,41.6,1.6190933306267428,train
O=C1CC(=O)CC([C@@H]2C[C@H]2c2cc(C(F)(F)F)cc(C(F)(F)F)c2)C1,11.4,1.0569048513364727,test
O=C1CC(=O)N(CCCCc2ccccc2)C(=O)N1CCCCc1ccccc1,9.2,0.9637878273455552,test
O=C1CC(=O)N(CCc2cccc(F)c2)C(=O)N1CCc1cccc(F)c1,66.3,1.8215135284047732,train
O=C1CC(=O)N(CCc2ccccc2)C(=O)N1CCc1ccccc1,73.4,1.8656960599160706,train
O=C1CCCCN1C1CCN(c2nc3ccccc3n2Cc2ccc(F)cc2)CC1,12.4,1.0934216851622351,test
O=C1CCCN1CCn1cc(-c2cnc3nnn(Cc4ccc5ncccc5c4)c3n2)cn1,21.9,1.3404441148401183,test
O=C1CCc2cc(S(=O)(=O)Nc3ccc(F)c(Cl)c3)c(F)cc2N1,9.38,0.9722028383790645,train
O=C1CCc2cc3cc(c2N1)OC/C=C/CO[C@H]1C[C@@H](CO)N(C1)c1cc(n2ncc(Cl)c2n1)N3,46.0,1.662757831681574,test
O=C1CN(/N=C/c2ccc(-c3ccc([N+](=O)[O-])cc3)o2)C(=O)N1,2.0,0.3010299956639812,test
O=C1CN(/N=C/c2ccc([N+](=O)[O-])o2)C(=O)N1,1.1,0.04139268515822508,test
O=C1COc2ccc(CN[C@@H]3CCN(CCn4c(=O)ccc5ncc(F)cc54)C[C@@H]3F)nc2N1,7.6,0.8808135922807914,train
O=C1COc2ccc(CN[C@H]3CCN(CCn4c(=O)ccc5ncc(F)cc54)C[C@H]3F)nc2N1,8.1,0.9084850188786497,train
O=C1C[C@H](c2c[nH]c3ccccc23)C(=O)N1,28.0,1.4471580313422192,test
O=C1Cc2cc(C(=O)N[C@H]3C[C@H]4CC[C@@H](C3)N4S(=O)(=O)CC3CCN(CCCC(F)(F)F)CC3)c(Cl)cc2N1,0.64,-0.1938200260161128,test
O=C1Cc2cc(C(=O)N[C@H]3C[C@H]4CC[C@@H](C3)N4S(=O)(=O)N3CCC(NCc4ccccc4)CC3)c(Cl)cc2N1,0.34,-0.46852108295774486,test
O=C1Cc2cc(S(=O)(=O)N3CCN(c4ccc(C(=O)O)cc4)CC3)ccc2N1,0.6,-0.2218487496163564,train
O=C1Cc2cc(S(=O)(=O)N3CCN(c4ccc(O)cc4)CC3)ccc2N1,17.8,1.250420002308894,train
O=C1Cn2c(-c3ccoc3)c(C3CCCCC3)c3ccc(cc32)C(=O)NS(=O)(=O)C/C=C/CCN1,1.0,0.0,test
O=C1N=S(=O)(NCc2ccccc2)c2ccccc21,70.7,1.8494194137968993,train
O=C1N=S(=O)(Nc2ccccc2)c2ccccc21,6.57,0.8175653695597808,test
O=C1NCCC12CCN(c1c(Cl)cncc1-c1ccc(N3CCOCC3)cc1)CC2,37.0,1.568201724066995,test
O=C1NCCC12CCN(c1c(Cl)cncc1-c1ccc3cnccc3c1)CC2,24.0,1.380211241711606,test
O=C1NN=C(c2ccc(OC3CCN(C4CCC4)CC3)cc2)[C@H]2C[C@@H]12,16.4,1.2148438480476977,test
O=C1NS(=O)(=O)c2ccccc21,0.75,-0.12493873660829995,train
O=C1OC(c2ccc(O)c(S(=O)(=O)[O-])c2)(c2ccc(O)c(S(=O)(=O)[O-])c2)c2c(Br)c(Br)c(Br)c(Br)c21.[Na+].[Na+],0.185,-0.7328282715969862,test
O=C1OC2(c3ccc([O-])cc3Oc3cc([O-])ccc32)c2ccccc21.[Na+].[Na+],2.72,0.43456890403419873,test
O=C1OC[C@H](Cc2cccc(O)c2)[C@H]1Cc1cccc(O)c1,13.7,1.1367205671564067,test
O=C1c2c(O)ccc(O)c2C(=O)c2c(NCCNCCO)ccc(NCCNCCO)c21,20.3,1.307496037913213,test
O=C1c2cc(-c3ccnc(NC4CCOCC4)n3)[nH]c2CCN1[C@H](CO)c1ccccc1,12.0,1.0791812460476249,test
O=C1c2cnccc2C(=O)c2nc3cc(CCO)ccc3nc21,20.2,1.3053513694466237,train
O=S(=O)(Cc1c(F)cccc1F)N1CCN(c2ncccc2C(F)(F)F)CC1,10.0,1.0,train
O=S(=O)(Nc1cc(-c2cc3c(-c4ccncc4)ncnc3s2)cnc1Cl)c1ccc(F)cc1F,4.8,0.6812412373755872,train
O=S(=O)(Nc1cscn1)c1cc(Cl)c(OCC2NCCC=C2c2ccc(F)cc2)cc1F,3.2,0.505149978319906,train
O=[N+]([O-])c1cn2c(n1)OC[C@@H](OCc1ccc(OC(F)(F)F)cc1)C2,29.0,1.462397997898956,train
O=[N+]([O-])c1ncn(CC(O)(Cn2cncn2)c2ccc(-c3ccccc3)cc2)n1,16.5,1.2174839442139063,train
O=c1[nH]c2ccccc2n1CCCN1CCC(n2c(=O)[nH]c3cc(Cl)ccc32)CC1,7.0,0.8450980400142568,train
O=c1[nH]cnc2c(-n3cc(C4CCN(C5CCCC5)CC4)cn3)nccc12,2.12,0.32633586092875144,train
O=c1[nH]cnc2c(-n3cc(C4CCN(CC5CC5)CC4)cn3)nccc12,0.76,-0.11918640771920865,train
O=c1[nH]cnc2c(-n3cc(C4CCN(CC5CCC5)CC4)cn3)nccc12,5.46,0.7371926427047373,train
O=c1[nH]cnc2c(-n3cc(CCN4CCC(Cc5ccc(Cl)cc5)CC4)cn3)nccc12,6.86,0.8363241157067517,train
O=c1[nH]cnc2c(-n3cc(CCN4CCC(c5cc(CCN6CCOCC6)cc(C(F)(F)F)c5)CC4)cn3)nccc12,0.76,-0.11918640771920865,train
O=c1[nH]cnc2c(-n3cc(CCN4CCC(c5cc(CN6CCCC6)cc(C(F)(F)F)c5)CC4)cn3)nccc12,0.76,-0.11918640771920865,train
O=c1[nH]cnc2c(-n3cc(CCN4CCC(c5cc(Cl)cc(Cl)c5)CC4)cn3)nccc12,6.34,0.8020892578817327,train
O=c1[nH]cnc2c(-n3cc(CCN4CCC(c5cc(F)cc(F)c5)CC4)cn3)nccc12,21.21,1.326540668516562,train
O=c1[nH]cnc2c(-n3cc(CCN4CCC(c5ccc(-c6cccnc6)cc5)CC4)cn3)nccc12,2.29,0.359835482339888,train
O=c1[nH]cnc2c(-n3cc(CCN4CCC(c5ccc(-c6ccncc6)cc5)CC4)cn3)nccc12,1.52,0.18184358794477254,train
O=c1[nH]cnc2c(-n3cc(CCN4CCC(c5ccc(-c6cncnc6)cc5)CC4)cn3)nccc12,1.81,0.2576785748691845,train
O=c1[nH]cnc2c(-n3cc(CCN4CCC(c5ccc(CCN6CCOCC6)cc5)CC4)cn3)nccc12,0.55,-0.2596373105057561,train
O=c1[nH]cnc2c(-n3cc(CCN4CCC(c5ccc(Cl)cc5)CC4)cn3)nccc12,2.66,0.424881636631067,train
O=c1[nH]cnc2c(-n3cc(CCN4CCC(c5ccc(F)cc5)CC4)cn3)nccc12,14.33,1.1562461903973444,train
O=c1[nH]cnc2c(-n3cc(CCN4CCC(c5ccc(F)cc5F)CC4)cn3)nccc12,15.74,1.1970047280230458,train
O=c1[nH]cnc2c(-n3cc(CCN4CCC(c5cccc(-c6cccnc6)c5)CC4)cn3)nccc12,1.73,0.2380461031287954,train
O=c1[nH]cnc2c(-n3cc(CCN4CCC(c5cccc(-c6cncnc6)c5)CC4)cn3)nccc12,1.52,0.18184358794477254,train
O=c1[nH]cnc2c(-n3cc(CCN4CCC(c5cccc(C(F)(F)F)c5)CC4)cn3)nccc12,15.31,1.184975190698261,train
O=c1[nH]cnc2c(-n3cc(CCN4CCC(c5cccc(CCN6CCOCC6)c5)CC4)cn3)nccc12,0.92,-0.036212172654444715,train
O=c1[nH]cnc2c(-n3cc(CCN4CCC(c5cccc(CN6CCCC6)c5)CC4)cn3)nccc12,0.76,-0.11918640771920865,train
O=c1[nH]cnc2c(-n3cc(CCN4CCC(c5cccc(Cl)c5)CC4)cn3)nccc12,11.8,1.0718820073061255,train
O=c1[nH]cnc2c(-n3cc(CCN4CCC(c5cccc(F)c5)CC4)cn3)nccc12,11.63,1.0655797147284485,train
O=c1[nH]cnc2c(-n3cc(CCN4CCC(c5ccccc5)CC4)cn3)nccc12,8.05,0.9057958803678685,train
O=c1[nH]cnc2c(-n3cc(CCN4CCC(c5cccs5)CC4)cn3)nccc12,17.83,1.2511513431753545,train
O=c1[nH]cnc2c(-n3cc(CCN4CCC(c5ccncc5)CC4)cn3)nccc12,1.14,0.05690485133647256,train
O=c1[nH]cnc2c(-n3cc(CCN4CCC5(CC4)OCc4ccccc45)cn3)nccc12,4.25,0.6283889300503115,train
O=c1[nH]cnc2c(-n3cc(CCN4CCC5(CCc6ccccc65)CC4)cn3)nccc12,11.64,1.0659529803138696,train
O=c1[nH]cnc2c(-n3cc(CCN4CCCC4)cn3)nccc12,3.08,0.4885507165004443,train
O=c1[nH]cnc2c(-n3cc(CCN4CCCCC4)cn3)nccc12,1.64,0.21484384804769785,train
O=c1[nH]cnc2c(-n3cc(CCO)cn3)nccc12,0.76,-0.11918640771920865,train
O=c1[nH]cnc2cnccc12,42.61,1.6295115342004531,train
O=c1c(C2=CS(=O)(=O)c3ccccc3N2)c(O)c2cc(F)ccc2n1CCC1CC1,3.5,0.5440680443502757,train
O=c1c(C2=CS(=O)(=O)c3ccccc3N2)c(O)c2cc(F)ccc2n1Cc1ccc(F)cc1,0.6,-0.2218487496163564,train
O=c1c(C2=CS(=O)(=O)c3ccccc3N2)c(O)c2ccccc2n1Cc1ccc(F)cc1,4.4,0.6434526764861874,train
O=c1c2c(CN3CCCC3)n(CCc3ccccn3)c(=O)cc2[nH]n1-c1ccc(F)cc1Cl,7.3,0.8633228601204559,train
O=c1c2c(COCc3ccccc3)n(Cc3cnccn3)c(=O)cc2[nH]n1-c1ccccc1Cl,78.6,1.8954225460394079,train
O=c1c2cccnc2n(Cc2ccccc2)c(=O)n1Cc1ccccc1,30.5,1.4842998393467859,train
O=c1c2nc([N+](=O)[O-])cn2ccn1Cc1ccc(OC(F)(F)F)cc1,25.0,1.3979400086720377,train
O=c1c2nc([N+](=O)[O-])cn2ccn1Cc1cccc(OC(F)(F)F)c1,24.0,1.380211241711606,train
O=c1cc(-c2ccc(O)c(O)c2)oc2cc(O)cc(O)c12,5.8,0.7634279935629372,train
O=c1cc(C2CCNCC2)[nH]o1,0.5,-0.3010299956639812,train
O=c1cc(CNc2cc(Cl)cc(Cl)c2)[nH][nH]1,0.6,-0.2218487496163564,train
O=c1cc(COc2cc(Cl)cc(Cl)c2)[nH][nH]1,36.7,1.5646660642520893,train
O=c1cc(COc2ccc(Cl)cc2)[nH][nH]1,43.0,1.6334684555795864,train
O=c1cc(CS(=O)(=O)c2cc(Cl)cc(Cl)c2)[nH][nH]1,27.0,1.4313637641589874,train
O=c1cc([C@@H]2CCN[C@@H](Cc3ccccc3)C2)o[nH]1,1.0,0.0,train
O=c1cc([C@@H]2CCN[C@H](Cc3ccccc3)C2)o[nH]1,4.1,0.6127838567197355,train
O=c1cc([C@H]2CCN[C@@H](CC3CCCCC3)C2)o[nH]1,6.2,0.7923916894982539,train
O=c1cc([C@H]2CCN[C@@H](CCc3ccccc3)C2)o[nH]1,2.6,0.414973347970818,train
O=c1cc([C@H]2CCN[C@@H](Cc3ccc(F)cc3)C2)o[nH]1,3.7,0.568201724066995,train
O=c1cc([C@H]2CCN[C@@H](Cc3cccc(F)c3)C2)o[nH]1,3.1,0.4913616938342727,train
O=c1cc([C@H]2CCN[C@@H](Cc3ccccc3)C2)o[nH]1,1.9,0.2787536009528289,train
O=c1cc([C@H]2CCN[C@@H](Cc3ccccc3F)C2)o[nH]1,1.8,0.25527250510330607,train
O=c1cc([C@H]2CCN[C@H](Cc3ccccc3)C2)o[nH]1,1.2,0.07918124604762482,train
O=c1ccc(-c2ccc(OC3CCN(C4CCC4)CC3)cc2)n[nH]1,16.5,1.2174839442139063,train
O=c1ccc2c([C@@H](CO)NCCc3ccc(O)cc3)ccc(O)c2[nH]1,0.43,-0.36653154442041347,train
OC(Cn1cncn1)(Cn1cncn1)c1ccc(F)cc1F,10.95,1.039414119176137,train
OC12CC3CC(C1)CC(NCc1cc(C4CC4)on1)(C3)C2,27.57,1.4404367661057738,train
OC1CCN(c2cnc3nnn(Cc4ccc5ncccc5c4)c3n2)C1,24.1,1.3820170425748683,train
OCCCNc1ccc2c(c1)nc(-c1ccc3c(c1)OCO3)n1ncnc21,65.4,1.8155777483242672,train
OCCN(CCO)c1nc(N2CCCCC2)c2nc(N(CCO)CCO)nc(N3CCCCC3)c2n1,8.9,0.9493900066449128,train
OCCNc1cnc2nnn(Cc3ccc4ncccc4c3)c2n1,2.79,0.44560420327359757,train
OCCn1cc(-c2cnc3nnn(Cc4ccc5ncccc5c4)c3n2)cn1,8.61,0.9350031514536548,train
OC[C@@H](O)[C@@H](O)[C@H](O)[C@H](O)CO,0.7,-0.1549019599857432,train
OC[C@H](Cc1cccc(O)c1)[C@H](CO)Cc1cccc(O)c1,7.7,0.8864907251724818,train
OC[C@H]1O[C@@H](n2ccc3c(-c4cccs4)ncnc32)[C@H](O)[C@@H]1O,1.57,0.19589965240923377,train
OC[C@H]1O[C@H](Oc2ccc(-c3cc(F)c(O)c(F)c3)cc2)[C@@H](O)[C@@H](O)[C@@H]1O,0.4,-0.3979400086720376,train
OC[C@H]1O[C@H](Oc2ccc(-c3ccc(-c4nnn[nH]4)cc3)cc2)[C@@H](O)[C@@H](O)[C@@H]1O,0.17,-0.769551078621726,train
OC[C@H]1O[C@H](Oc2ccc(-c3ccccc3)cc2)[C@@H](O)[C@@H](O)[C@@H]1O,10.0,1.0,train
O[C@H]1CNCCC[C@@H]1n1c2ccc(C(F)(F)F)cc2c2cc(C(F)(F)F)ccc21,120.0,2.0791812460476247,train
Oc1cc(C2CCNCC2)on1,0.01,-2.0,train
Oc1ccc(-c2cc(-c3cccc(O)c3)cs2)cc1,14.4,1.1583624920952498,train
Oc1ccc(-c2ccc(-c3cccc(O)c3)s2)cc1,22.0,1.3424226808222062,train
Oc1ccc(-c2cnc(-c3cccc(O)c3)o2)cc1,7.9,0.8976270912904415,train
Oc1ccc(-c2cnc(-c3cccc(O)c3)s2)cc1,7.8,0.8920946026904804,train
Oc1cccc(-c2ccc(-c3cccc(O)c3)cc2)c1,12.5,1.0969100130080565,train
Oc1cccc(-c2ccc3c(-c4ccccc4)c(O)ccc3c2)c1,9.3,0.9684829485539351,train
Oc1cccc(-c2ccc3c(-c4cccnc4)c(O)ccc3c2)c1,14.0,1.146128035678238,train
c1cc(-c2nn(C3CCNCC3)cc2-c2ccc3c(c2)Cc2c[nH]nc2-3)ccn1,1.88,0.2741578492636798,train
c1cc2c(N3CCNCC3)nc(-c3ccc4[nH]ncc4c3)nc2cn1,4.34,0.6374897295125107,train
c1ccc(C2CCCN2c2ccnc3[nH]ccc23)cc1,69.0,1.8388490907372552,train
c1ccc(C2CCCN2c2ccnc3[nH]ncc23)cc1,74.0,1.8692317197309762,train
c1ccc(C2COCCN2c2ccnc3[nH]ncc23)cc1,88.0,1.9444826721501687,train
c1ccc(CN(c2ccc3[nH]ccc3c2)C2CCNCC2)cc1,6.0,0.7781512503836436,train
c1ccc(CN(c2ccc3sccc3c2)C2CCNCC2)cc1,1.4,0.146128035678238,train
c1ccc(Cn2nnnc2C(c2ccc(-n3cncn3)cc2)N2CCCN(C3CCC3)CC2)cc1,104.0,2.0170333392987803,train
c1ccc(Cn2nnnc2C(c2ccc(Cn3cncn3)cc2)N2CCCN(C3CCC3)CC2)cc1,0.5,-0.3010299956639812,train
c1ccc(Cn2nnnc2C(c2ccc3occc3c2)N2CCCN(C3CCC3)CC2)cc1,41.0,1.6127838567197355,train
c1ccc([C@@H]([C@H](c2ccccc2)N2CCCC2)N2CCCC2)cc1,13.3,1.1238516409670858,train
c1ccc([C@@H]([C@H](c2ccccc2)N2CCCCC2)N2CCCCC2)cc1,10.2,1.0086001717619175,train
c1ccc([C@H]([C@@H](c2ccccc2)N2CCCC2)N2CCCC2)cc1,14.0,1.146128035678238,train
c1ccc([C@H]([C@@H](c2ccccc2)N2CCCCC2)N2CCCCC2)cc1,10.3,1.0128372247051722,train
c1ccc2c(N3CCNCC3)nc(-c3ccc4[nH]ncc4c3)nc2c1,5.65,0.7520484478194386,train
c1ccc2c(c1)OCCN2c1ccnc2[nH]ccc12,39.0,1.591064607026499,train
c1ccn2c(Sc3ncnc4sccc34)nnc2c1,50.0,1.6989700043360187,train
c1ccn2cc(-c3ccc(OCCCN4CCCCC4)cc3)cc2c1,14.1,1.14921911265538,train
c1cn2cc(-c3ccc4cn[nH]c4c3)nc(Nc3ccc(N4CCOCC4)cc3)c2n1,3.2,0.505149978319906,train
c1cnc2ccc(Cn3nnc4ncc(-c5cnn(C6CCNCC6)c5)nc43)cc2c1,1.12,0.04921802267018165,train
c1cnc2ccc(Cn3nnc4ncc(-c5cnn(CCN6CCCC6)c5)nc43)cc2c1,21.9,1.3404441148401183,train
c1cnc2ccc(Cn3nnc4ncc(-c5cnn([C@@H]6CCNC6)c5)nc43)cc2c1,3.1,0.4913616938342727,train
c1cnc2ccc(Cn3nnc4nccnc43)cc2c1,40.5,1.6074550232146685,train
c1cncc(C2CCCN2c2ccnc3[nH]ncc23)c1,44.0,1.6434526764861874,train
c1csc([C@]23CNC[C@H]2C3)c1,17.6,1.24551266781415,train
c1nc(NCC2CCOC2)c2cc(-c3ccc4c(c3)OCO4)ccc2n1,35.4,1.5490032620257879,train
c1nc(N[C@H]2CC[C@H](N3CCOCC3)CC2)c2c(C3CCOCC3)c[nH]c2n1,14.0,1.146128035678238,train
c1nc(N[C@H]2CC[C@H](N3CCOCC3)CC2)c2c(C3CCOCC3)ccn2n1,33.0,1.5185139398778875,train
